id,layer,category,text,violation_type,law_statute,label,source_name,source_url,notes,needs_human_review
L1_1870,1,General Terms of Service,"9.4 for experiences , events and other host services , if inclement weather creates an unsafe or uncomfortable scenario for guests , hosts may modify or cancel a host service . ",Compliant Term,CLAUDETTE Benchmark (Unfair TOS),Low-risk,mteb/UnfairTOSLegalBenchClassification,https://huggingface.co/datasets/mteb/UnfairTOSLegalBenchClassification,Pretraining benchmark dataset,False
L1_1221,1,General Terms of Service,"you may deactivate your account with our service at any time , for any reason ( or no reason ) . ",Compliant Term,CLAUDETTE Benchmark (Unfair TOS),Low-risk,mteb/UnfairTOSLegalBenchClassification,https://huggingface.co/datasets/mteb/UnfairTOSLegalBenchClassification,Pretraining benchmark dataset,False
L1_1795,1,General Terms of Service,"• when you use the consumer seller listing tool to create listings , your fixed-price listings may renew automatically every 30 days , based on the listing terms at that time , until the quantities sell out or until you cancel the listing . ",Compliant Term,CLAUDETTE Benchmark (Unfair TOS),Low-risk,mteb/UnfairTOSLegalBenchClassification,https://huggingface.co/datasets/mteb/UnfairTOSLegalBenchClassification,Pretraining benchmark dataset,False
L1_764,1,General Terms of Service,"copy , use , disclose or distribute any information obtained from the services , whether directly or through third parties ( such as search engines ) , without the consent of linkedin ; ",Compliant Term,CLAUDETTE Benchmark (Unfair TOS),Low-risk,mteb/UnfairTOSLegalBenchClassification,https://huggingface.co/datasets/mteb/UnfairTOSLegalBenchClassification,Pretraining benchmark dataset,False
L1_1769,1,General Terms of Service,your misuse of the trademarks displayed on the products is strictly prohibited . ,Compliant Term,CLAUDETTE Benchmark (Unfair TOS),Low-risk,mteb/UnfairTOSLegalBenchClassification,https://huggingface.co/datasets/mteb/UnfairTOSLegalBenchClassification,Pretraining benchmark dataset,False
L1_1960,1,General Terms of Service,"crowdtangle makes no warranties , express or implied , with respect to such third party products , including software . ",Compliant Term,CLAUDETTE Benchmark (Unfair TOS),Low-risk,mteb/UnfairTOSLegalBenchClassification,https://huggingface.co/datasets/mteb/UnfairTOSLegalBenchClassification,Pretraining benchmark dataset,False
L1_99,1,General Terms of Service,"as used in this agreement , references to a determination made in linden lab 's discretion means that the determination will be made by linden lab in accordance with its good faith business judgment . ",Compliant Term,CLAUDETTE Benchmark (Unfair TOS),Low-risk,mteb/UnfairTOSLegalBenchClassification,https://huggingface.co/datasets/mteb/UnfairTOSLegalBenchClassification,Pretraining benchmark dataset,False
L1_419,1,General Terms of Service,"in any jurisdiction in which we decide to facilitate direct collection and remittance , you hereby instruct and authorize airbnb ( via airbnb payments ) to collect occupancy taxes from guests on the host 's behalf at the time listing fees are collected , and to remit such occupancy taxes to the tax authority . ",Compliant Term,CLAUDETTE Benchmark (Unfair TOS),Low-risk,mteb/UnfairTOSLegalBenchClassification,https://huggingface.co/datasets/mteb/UnfairTOSLegalBenchClassification,Pretraining benchmark dataset,False
L4_42,4,Gig Contract,Supplementary Term: Account suspension shall not be enacted without prior formal communication detailing observed non-compliance and offering a 14-day appeal period. as updated in statutory terms.,Compliant deactivation protocol,Karnataka Gig Worker Act 2025,Low-risk,RakshakAI Adversarial Rewriter (Layer 4),internal://adversarial_layer4,Disguised phrasing rewrite requiring human review,True
L1_1798,1,General Terms of Service,2.2 linden lab grants you certain licenses to access and use the service while you are in compliance with the terms ; additional terms may apply . ,Compliant Term,CLAUDETTE Benchmark (Unfair TOS),Low-risk,mteb/UnfairTOSLegalBenchClassification,https://huggingface.co/datasets/mteb/UnfairTOSLegalBenchClassification,Pretraining benchmark dataset,False
L1_315,1,General Terms of Service,"and while we 'll try to give you advance notice , we ca n't guarantee it . ",Compliant Term,CLAUDETTE Benchmark (Unfair TOS),Low-risk,mteb/UnfairTOSLegalBenchClassification,https://huggingface.co/datasets/mteb/UnfairTOSLegalBenchClassification,Pretraining benchmark dataset,False
L1_1331,1,General Terms of Service,"no advice or information , whether oral or written , obtained by you from evernote or through or from the service shall create any warranty not expressly stated in these terms of service . ",Compliant Term,CLAUDETTE Benchmark (Unfair TOS),Low-risk,mteb/UnfairTOSLegalBenchClassification,https://huggingface.co/datasets/mteb/UnfairTOSLegalBenchClassification,Pretraining benchmark dataset,False
L1_415,1,General Terms of Service,"imply or state that you are affiliated with or endorsed by linkedin without our express consent ( e.g. , representing yourself as an accredited linkedin trainer ) ; ",Compliant Term,CLAUDETTE Benchmark (Unfair TOS),Low-risk,mteb/UnfairTOSLegalBenchClassification,https://huggingface.co/datasets/mteb/UnfairTOSLegalBenchClassification,Pretraining benchmark dataset,False
L1_141,1,General Terms of Service,"subject to the aaa rules , the arbitrator will have the discretion to direct a reasonable exchange of information by the parties , consistent with the expedited nature of the arbitration . ",Compliant Term,CLAUDETTE Benchmark (Unfair TOS),Low-risk,mteb/UnfairTOSLegalBenchClassification,https://huggingface.co/datasets/mteb/UnfairTOSLegalBenchClassification,Pretraining benchmark dataset,False
L1_1590,1,General Terms of Service,"we do not own , manage , or contract for any vacation rental property listed on this website or our affiliate sites . ",Compliant Term,CLAUDETTE Benchmark (Unfair TOS),Low-risk,mteb/UnfairTOSLegalBenchClassification,https://huggingface.co/datasets/mteb/UnfairTOSLegalBenchClassification,Pretraining benchmark dataset,False
L1_1669,1,General Terms of Service,this is an aggregate limit . ,Compliant Term,CLAUDETTE Benchmark (Unfair TOS),Low-risk,mteb/UnfairTOSLegalBenchClassification,https://huggingface.co/datasets/mteb/UnfairTOSLegalBenchClassification,Pretraining benchmark dataset,False
L1_1144,1,General Terms of Service,"if we make changes to these terms , we will post the revised terms on the airbnb platform and update the `` last updated '' date at the top of these terms . ",Compliant Term,CLAUDETTE Benchmark (Unfair TOS),Low-risk,mteb/UnfairTOSLegalBenchClassification,https://huggingface.co/datasets/mteb/UnfairTOSLegalBenchClassification,Pretraining benchmark dataset,False
L1_140,1,General Terms of Service,any rights not expressly granted herein are reserved by uber and uber 's licensors . ,Compliant Term,CLAUDETTE Benchmark (Unfair TOS),Low-risk,mteb/UnfairTOSLegalBenchClassification,https://huggingface.co/datasets/mteb/UnfairTOSLegalBenchClassification,Pretraining benchmark dataset,False
L1_120,1,General Terms of Service,you may not assign or transfer these terms in whole or in part without uber 's prior written approval . ,Compliant Term,CLAUDETTE Benchmark (Unfair TOS),Low-risk,mteb/UnfairTOSLegalBenchClassification,https://huggingface.co/datasets/mteb/UnfairTOSLegalBenchClassification,Pretraining benchmark dataset,False
L1_850,1,General Terms of Service,a printed version of these terms of service and of any notice given in electronic form shall be admissible in judicial or administrative proceedings based upon or relating to these terms of service to the same extent and subject to the same conditions as other business documents and records originally generated and maintained in printed form . ,Compliant Term,CLAUDETTE Benchmark (Unfair TOS),Low-risk,mteb/UnfairTOSLegalBenchClassification,https://huggingface.co/datasets/mteb/UnfairTOSLegalBenchClassification,Pretraining benchmark dataset,False
L1_336,1,General Terms of Service,you represent and warrant that such content is accurate . ,Compliant Term,CLAUDETTE Benchmark (Unfair TOS),Low-risk,mteb/UnfairTOSLegalBenchClassification,https://huggingface.co/datasets/mteb/UnfairTOSLegalBenchClassification,Pretraining benchmark dataset,False
L1_1192,1,General Terms of Service,this agreement was originally written in english ( us ) . ,Compliant Term,CLAUDETTE Benchmark (Unfair TOS),Low-risk,mteb/UnfairTOSLegalBenchClassification,https://huggingface.co/datasets/mteb/UnfairTOSLegalBenchClassification,Pretraining benchmark dataset,False
L1_1094,1,General Terms of Service,"noe may offer various payment methods , subject to availability in your country . ",Compliant Term,CLAUDETTE Benchmark (Unfair TOS),Low-risk,mteb/UnfairTOSLegalBenchClassification,https://huggingface.co/datasets/mteb/UnfairTOSLegalBenchClassification,Pretraining benchmark dataset,False
L1_1356,1,General Terms of Service,"except for such updated terms , this agreement may not be modified except by mutual written agreement between you and linden lab that is signed by hand ( not electronically ) by duly authorized representatives of both parties and expressly references amendment of this agreement . ",Compliant Term,CLAUDETTE Benchmark (Unfair TOS),Low-risk,mteb/UnfairTOSLegalBenchClassification,https://huggingface.co/datasets/mteb/UnfairTOSLegalBenchClassification,Pretraining benchmark dataset,False
L2_34,2,Loan App / Fintech,"National Commission held that credit/lending interest rates ranging from 36% to 49% per annum were exorbitant, usurious, and amounted to exploitation of borrowers.",Usurious / exploitative interest rate,Consumer Protection Act (unfair trade practice); RBI fair-pricing expectations,High-risk,NCDRC Complaint Case No. 51/2007 / Revision Petition No. 1913/2004,https://www.taxtmi.com/tmi_blog_details?id=785484,"Real, specific NCDRC case citation — verify current status/appeal history before citing as final.",False
L1_83,1,General Terms of Service,"uber may , in uber 's sole discretion , permit you from time to time to submit , upload , publish or otherwise make available to uber through the services textual , audio , and/or visual content and information , including commentary and feedback related to the services , initiation of support requests , and submission of entries for competitions and promotions ( `` user content '' ) . ",Compliant Term,CLAUDETTE Benchmark (Unfair TOS),Low-risk,mteb/UnfairTOSLegalBenchClassification,https://huggingface.co/datasets/mteb/UnfairTOSLegalBenchClassification,Pretraining benchmark dataset,False
L1_1139,1,General Terms of Service,"( iv ) use any cheats , mods , hacks , or any other unauthorized techniques or unauthorized third-party software to cheat in any competition or game that may be offered on the service , or to otherwise disrupt or modify the service or the experience of any users on the service ; or ",Compliant Term,CLAUDETTE Benchmark (Unfair TOS),Low-risk,mteb/UnfairTOSLegalBenchClassification,https://huggingface.co/datasets/mteb/UnfairTOSLegalBenchClassification,Pretraining benchmark dataset,False
L1_1583,1,General Terms of Service,"if you reside outside the united states , you are entering into this contract with linkedin ireland u.c. and your personal data provided to , or collected by or for , our services is controlled by linkedin ireland u.c. ",Compliant Term,CLAUDETTE Benchmark (Unfair TOS),Low-risk,mteb/UnfairTOSLegalBenchClassification,https://huggingface.co/datasets/mteb/UnfairTOSLegalBenchClassification,Pretraining benchmark dataset,False
L1_1660,1,General Terms of Service,"as a parent or guardian of a child under the age of thirteen ( 13 ) from whom we have collected personal data , you have the right to review and request deletion of such personal data , and to refuse to permit further collection or use of such personal data . ",Compliant Term,CLAUDETTE Benchmark (Unfair TOS),Low-risk,mteb/UnfairTOSLegalBenchClassification,https://huggingface.co/datasets/mteb/UnfairTOSLegalBenchClassification,Pretraining benchmark dataset,False
L1_1482,1,General Terms of Service,"if you do not agree to the revised terms , you must stop using the services . ",Compliant Term,CLAUDETTE Benchmark (Unfair TOS),Low-risk,mteb/UnfairTOSLegalBenchClassification,https://huggingface.co/datasets/mteb/UnfairTOSLegalBenchClassification,Pretraining benchmark dataset,False
L1_1975,1,General Terms of Service,"( i ) post , display , or transmit content that violates any law or the rights of any third party , including without limitation intellectual property rights . ",Compliant Term,CLAUDETTE Benchmark (Unfair TOS),Low-risk,mteb/UnfairTOSLegalBenchClassification,https://huggingface.co/datasets/mteb/UnfairTOSLegalBenchClassification,Pretraining benchmark dataset,False
L1_1553,1,General Terms of Service,"a party who intends to seek arbitration must first send to the other , by certified mail , a completed form notice of dispute ( `` notice '' ) . ",Compliant Term,CLAUDETTE Benchmark (Unfair TOS),Low-risk,mteb/UnfairTOSLegalBenchClassification,https://huggingface.co/datasets/mteb/UnfairTOSLegalBenchClassification,Pretraining benchmark dataset,False
L1_1434,1,General Terms of Service,"( i ) except as necessary to maintain your own computer security by use of commercial-off-the-shelf anti-virus or anti-malware products , you will not attempt to probe , scan , or test the vulnerability of the products or any other headspace system or network or breach any security or authentication measures . ",Compliant Term,CLAUDETTE Benchmark (Unfair TOS),Low-risk,mteb/UnfairTOSLegalBenchClassification,https://huggingface.co/datasets/mteb/UnfairTOSLegalBenchClassification,Pretraining benchmark dataset,False
L1_2042,1,General Terms of Service,"14.3 if you feel that any member you interact with , whether online or in person , is acting or has acted inappropriately , including but not limited to anyone who ( i ) engages in offensive , violent or sexually inappropriate behavior , ( ii ) you suspect of stealing from you , or ( iii ) engages in any other disturbing conduct , you should immediately report such person to the appropriate authorities and then to airbnb by contacting us with your police station and report number ( if available ) ; provided that your report will not obligate us to take any action beyond that required by law ( if any ) or cause us to incur any liability to you . ",Compliant Term,CLAUDETTE Benchmark (Unfair TOS),Low-risk,mteb/UnfairTOSLegalBenchClassification,https://huggingface.co/datasets/mteb/UnfairTOSLegalBenchClassification,Pretraining benchmark dataset,False
L1_1441,1,General Terms of Service,your credit card issuer may give you the right to opt-out of the update service . ,Compliant Term,CLAUDETTE Benchmark (Unfair TOS),Low-risk,mteb/UnfairTOSLegalBenchClassification,https://huggingface.co/datasets/mteb/UnfairTOSLegalBenchClassification,Pretraining benchmark dataset,False
L1_2044,1,General Terms of Service,"to the extent not waivable , you irrevocably agree not to exercise such rights ( if any ) in a manner that interferes with any exercise of the granted rights . ",Compliant Term,CLAUDETTE Benchmark (Unfair TOS),Low-risk,mteb/UnfairTOSLegalBenchClassification,https://huggingface.co/datasets/mteb/UnfairTOSLegalBenchClassification,Pretraining benchmark dataset,False
L1_1693,1,General Terms of Service,we shall confirm your order and send you an email to confirm your access to the subscription purchased . ,Compliant Term,CLAUDETTE Benchmark (Unfair TOS),Low-risk,mteb/UnfairTOSLegalBenchClassification,https://huggingface.co/datasets/mteb/UnfairTOSLegalBenchClassification,Pretraining benchmark dataset,False
L1_1839,1,General Terms of Service,please review the privacy policy to learn about : ,Compliant Term,CLAUDETTE Benchmark (Unfair TOS),Low-risk,mteb/UnfairTOSLegalBenchClassification,https://huggingface.co/datasets/mteb/UnfairTOSLegalBenchClassification,Pretraining benchmark dataset,False
L1_2040,1,General Terms of Service,"fitbit content , the fitbit service , and its underlying technology are protected by copyright , trademark , patent , intellectual property , and other laws of the united states and foreign countries . ",Compliant Term,CLAUDETTE Benchmark (Unfair TOS),Low-risk,mteb/UnfairTOSLegalBenchClassification,https://huggingface.co/datasets/mteb/UnfairTOSLegalBenchClassification,Pretraining benchmark dataset,False
L1_1157,1,General Terms of Service,use of the amazon software . ,Compliant Term,CLAUDETTE Benchmark (Unfair TOS),Low-risk,mteb/UnfairTOSLegalBenchClassification,https://huggingface.co/datasets/mteb/UnfairTOSLegalBenchClassification,Pretraining benchmark dataset,False
L4_16,4,Loan App / Fintech,"In instances of overdue balances, resolution counselors may initiate contact at convenient times throughout the day and evening hours.",Off-hours recovery contact,RBI Fair Practices Code,High-risk,RakshakAI Adversarial Rewriter (Layer 4),internal://adversarial_layer4,Disguised phrasing rewrite requiring human review,True
L1_116,1,General Terms of Service,your use of our services is also subject to our privacy policy and cookie policy . ,Compliant Term,CLAUDETTE Benchmark (Unfair TOS),Low-risk,mteb/UnfairTOSLegalBenchClassification,https://huggingface.co/datasets/mteb/UnfairTOSLegalBenchClassification,Pretraining benchmark dataset,False
L3_89,3,Loan App / Fintech,Collection efforts and communications are strictly restricted to permitted hours (7:00 AM to 7:00 PM) and adhere to professional conduct. Subject to regulatory audit.,Compliant recovery practices,RBI Fair Practices Code,Low-risk,RakshakAI Synthetic Generator (Layer 3),internal://synthetic_layer3,Synthetic clause generated for RBI Digital Lending Guidelines 2022,False
L3_3,3,Loan App / Fintech,The app processes applicant personal data without providing itemised prior notice of data categories collected. Pursuant to updated statutory terms.,Unconsented data processing,DPDP Act 2023,High-risk,RakshakAI Synthetic Generator (Layer 3),internal://synthetic_layer3,Synthetic clause generated for DPDP Act 2023 §5 (Notice),False
L1_1805,1,General Terms of Service,"in consideration for snap group limited letting you access and use the services , you agree that we , snap inc. , our affiliates , and our third-party partners may place advertising on the services , including personalized advertising based upon the information you provide us or we collect or obtain about you . ",Compliant Term,CLAUDETTE Benchmark (Unfair TOS),Low-risk,mteb/UnfairTOSLegalBenchClassification,https://huggingface.co/datasets/mteb/UnfairTOSLegalBenchClassification,Pretraining benchmark dataset,False
L2_71,2,Gig Contract,"Porter's vendor agreement lets the company suspend or terminate a driver-partner at any time, without giving any reason or notice whatsoever.",Unilateral termination without cause,Unfair contract terms doctrine,High-risk,Porter (SmartShift Logistics) Services Agreement,https://dom-website-prod-cdn-web.porter.in/partner_tnc_content.pdf,"Clause 3.3 of the agreement (2W/3W/4W vendor T&C, downloaded PDF); verify it's still the current live version",False
L1_561,1,General Terms of Service,"the tripadvisor media group companies disclaim all warranties , conditions , or other terms of any kind that this website , its servers or any email sent from the tripadvisor media group companies , are free of viruses or other harmful components . ",Compliant Term,CLAUDETTE Benchmark (Unfair TOS),Low-risk,mteb/UnfairTOSLegalBenchClassification,https://huggingface.co/datasets/mteb/UnfairTOSLegalBenchClassification,Pretraining benchmark dataset,False
L1_434,1,General Terms of Service,third-party services are offered and distributed by third parties at the sole responsibility of third parties . ,Compliant Term,CLAUDETTE Benchmark (Unfair TOS),Low-risk,mteb/UnfairTOSLegalBenchClassification,https://huggingface.co/datasets/mteb/UnfairTOSLegalBenchClassification,Pretraining benchmark dataset,False
L1_235,1,General Terms of Service,any references to a member being `` verified '' ( or similar language ) only indicate that the member has completed a relevant verification or identification process and nothing else . ,Compliant Term,CLAUDETTE Benchmark (Unfair TOS),Low-risk,mteb/UnfairTOSLegalBenchClassification,https://huggingface.co/datasets/mteb/UnfairTOSLegalBenchClassification,Pretraining benchmark dataset,False
L1_1585,1,General Terms of Service,"in this case , the member in question is not eligible for any refunds on any portion of their subscription payment . ",Compliant Term,CLAUDETTE Benchmark (Unfair TOS),Low-risk,mteb/UnfairTOSLegalBenchClassification,https://huggingface.co/datasets/mteb/UnfairTOSLegalBenchClassification,Pretraining benchmark dataset,False
L1_1631,1,General Terms of Service,"for example , some host services may carry risk of illness , bodily injury , disability , or death , and you freely and willfully assume those risks by choosing to participate in those host services . ",Compliant Term,CLAUDETTE Benchmark (Unfair TOS),Low-risk,mteb/UnfairTOSLegalBenchClassification,https://huggingface.co/datasets/mteb/UnfairTOSLegalBenchClassification,Pretraining benchmark dataset,False
L1_668,1,General Terms of Service,in such event you will not be entitled to a pro-rata refund or credit . ,Compliant Term,CLAUDETTE Benchmark (Unfair TOS),Low-risk,mteb/UnfairTOSLegalBenchClassification,https://huggingface.co/datasets/mteb/UnfairTOSLegalBenchClassification,Pretraining benchmark dataset,False
L1_1024,1,General Terms of Service,"nintendo may from time to time change the nintendo account service , in part or in whole , for the benefit of the nintendo account service users . ",Compliant Term,CLAUDETTE Benchmark (Unfair TOS),Low-risk,mteb/UnfairTOSLegalBenchClassification,https://huggingface.co/datasets/mteb/UnfairTOSLegalBenchClassification,Pretraining benchmark dataset,False
L1_1897,1,General Terms of Service,"when you use an amazon service ( for example , your profile , gift cards , amazon video , your media library , amazon devices , or amazon applications ) you also will be subject to the guidelines , terms and agreements applicable to that amazon service ( `` service terms '' ) . ",Compliant Term,CLAUDETTE Benchmark (Unfair TOS),Low-risk,mteb/UnfairTOSLegalBenchClassification,https://huggingface.co/datasets/mteb/UnfairTOSLegalBenchClassification,Pretraining benchmark dataset,False
L1_480,1,General Terms of Service,"all issues are for the arbitrator to decide , except that issues relating to arbitrability , the scope or enforceability of this agreement to arbitrate , or the interpretation of section 1 of this agreement to arbitrate ( `` prohibition of class and representative actions and non-individualized relief '' ) , shall be for a court of competent jurisdiction to decide . ",Compliant Term,CLAUDETTE Benchmark (Unfair TOS),Low-risk,mteb/UnfairTOSLegalBenchClassification,https://huggingface.co/datasets/mteb/UnfairTOSLegalBenchClassification,Pretraining benchmark dataset,False
L1_477,1,General Terms of Service,"if you signed up for an account on or after june 19 , 2017 , the updated terms apply to you . ",Compliant Term,CLAUDETTE Benchmark (Unfair TOS),Low-risk,mteb/UnfairTOSLegalBenchClassification,https://huggingface.co/datasets/mteb/UnfairTOSLegalBenchClassification,Pretraining benchmark dataset,False
L1_755,1,General Terms of Service,"when you provide your payment information , you authorise us ( or a third-party payment processor ) to process and store your payment and related information . ",Compliant Term,CLAUDETTE Benchmark (Unfair TOS),Low-risk,mteb/UnfairTOSLegalBenchClassification,https://huggingface.co/datasets/mteb/UnfairTOSLegalBenchClassification,Pretraining benchmark dataset,False
L1_304,1,General Terms of Service,you may not assign or otherwise transfer your account to any other person or entity . ,Compliant Term,CLAUDETTE Benchmark (Unfair TOS),Low-risk,mteb/UnfairTOSLegalBenchClassification,https://huggingface.co/datasets/mteb/UnfairTOSLegalBenchClassification,Pretraining benchmark dataset,False
L2_85,2,Loan App / Fintech,"All ten BNPL providers Dvara studied reserved the right to reject a credit application without disclosing any reason, which the report says breaches RBI's Fair Practices Code requirement to give reasons for rejecting small loans (up to INR 2 lakh).",Credit rejection without stated reason,"RBI Guidelines on Fair Practices Code for Lenders, cl. 2(1)(d)",Medium-risk,"Dvara Research, 'The Costs of Using BNPL Products'",https://dvararesearch.com/wp-content/uploads/2023/12/The-Costs-of-using-Buy-Now-Pay-Later-BNPL-products.pdf,,False
L1_446,1,General Terms of Service,"linden lab may modify , revalue , or make the virtual goods and services more or less common , valuable , effective , or functional . ",Compliant Term,CLAUDETTE Benchmark (Unfair TOS),Low-risk,mteb/UnfairTOSLegalBenchClassification,https://huggingface.co/datasets/mteb/UnfairTOSLegalBenchClassification,Pretraining benchmark dataset,False
L1_1899,1,General Terms of Service,"you may not transfer , assign , sublicense or otherwise dispose of this licence to another person or entity and may not use the nintendo intellectual property for any commercial purpose . ",Compliant Term,CLAUDETTE Benchmark (Unfair TOS),Low-risk,mteb/UnfairTOSLegalBenchClassification,https://huggingface.co/datasets/mteb/UnfairTOSLegalBenchClassification,Pretraining benchmark dataset,False
L1_826,1,General Terms of Service,you should carefully review their privacy statements and other conditions of use . ,Compliant Term,CLAUDETTE Benchmark (Unfair TOS),Low-risk,mteb/UnfairTOSLegalBenchClassification,https://huggingface.co/datasets/mteb/UnfairTOSLegalBenchClassification,Pretraining benchmark dataset,False
L1_151,1,General Terms of Service,"the tripadvisor media group companies are not liable for the acts , errors , omissions , representations , warranties , breaches or negligence of any such suppliers or for any personal injuries , death , property damage , or other damages or expenses resulting therefrom . ",Compliant Term,CLAUDETTE Benchmark (Unfair TOS),Low-risk,mteb/UnfairTOSLegalBenchClassification,https://huggingface.co/datasets/mteb/UnfairTOSLegalBenchClassification,Pretraining benchmark dataset,False
L1_672,1,General Terms of Service,in no event shall the aggregate liability of the oculus parties arising out of or relating to the use of or inability to use the services exceed the greater of one hundred us dollars ( $ 100 ) or the amount that you paid us to use our services . ,Compliant Term,CLAUDETTE Benchmark (Unfair TOS),Low-risk,mteb/UnfairTOSLegalBenchClassification,https://huggingface.co/datasets/mteb/UnfairTOSLegalBenchClassification,Pretraining benchmark dataset,False
L1_1079,1,General Terms of Service,"you are responsible for activities related to your account name , and for keeping your password for your account ( s ) secure . ",Compliant Term,CLAUDETTE Benchmark (Unfair TOS),Low-risk,mteb/UnfairTOSLegalBenchClassification,https://huggingface.co/datasets/mteb/UnfairTOSLegalBenchClassification,Pretraining benchmark dataset,False
L1_1815,1,General Terms of Service,nintendo neither becomes a party nor participates in any other way in any contract you may conclude with a third party through such third-party shopping services . ,Compliant Term,CLAUDETTE Benchmark (Unfair TOS),Low-risk,mteb/UnfairTOSLegalBenchClassification,https://huggingface.co/datasets/mteb/UnfairTOSLegalBenchClassification,Pretraining benchmark dataset,False
L1_1677,1,General Terms of Service,"we each acknowledge that neither of us relies on , or will have any remedies in respect of , any representation or warranty ( whether made innocently or negligently ) that is not set out in these terms or the documents referred to in them . ",Compliant Term,CLAUDETTE Benchmark (Unfair TOS),Low-risk,mteb/UnfairTOSLegalBenchClassification,https://huggingface.co/datasets/mteb/UnfairTOSLegalBenchClassification,Pretraining benchmark dataset,False
L1_1336,1,General Terms of Service,"make available through the service any material or information that infringes any copyright , trademark , patent , trade secret , right of privacy , right of publicity , or other right of any person or entity or impersonates any other person , including without limitation a supercell employee . ",Compliant Term,CLAUDETTE Benchmark (Unfair TOS),Low-risk,mteb/UnfairTOSLegalBenchClassification,https://huggingface.co/datasets/mteb/UnfairTOSLegalBenchClassification,Pretraining benchmark dataset,False
L1_1586,1,General Terms of Service,"without limiting the preceding sentence , you will also have the right to litigate any dispute other than a litigable action , if you provide academia.edu with written notice of your desire to do so by email or regular mail at 251 kearny st , 5th floor , san francisco ca 94108 within thirty ( 30 ) days following the date you first agree to these terms ( such notice , an `` arbitration opt-out notice '' ) . ",Compliant Term,CLAUDETTE Benchmark (Unfair TOS),Low-risk,mteb/UnfairTOSLegalBenchClassification,https://huggingface.co/datasets/mteb/UnfairTOSLegalBenchClassification,Pretraining benchmark dataset,False
L1_892,1,General Terms of Service,the exclusions and limitations of damages set forth above are fundamental elements of the basis of the bargain between fitbit and you . ,Compliant Term,CLAUDETTE Benchmark (Unfair TOS),Low-risk,mteb/UnfairTOSLegalBenchClassification,https://huggingface.co/datasets/mteb/UnfairTOSLegalBenchClassification,Pretraining benchmark dataset,False
L1_474,1,General Terms of Service,"you are solely responsible for your interaction with other users of the service , whether online or offline . ",Compliant Term,CLAUDETTE Benchmark (Unfair TOS),Low-risk,mteb/UnfairTOSLegalBenchClassification,https://huggingface.co/datasets/mteb/UnfairTOSLegalBenchClassification,Pretraining benchmark dataset,False
L1_1345,1,General Terms of Service,"linden lab and other content providers may use the normal functionality of the service , including an applicable permissions system and the copy , modify , and transfer settings , to indicate how you may use , reproduce , distribute , prepare derivative works of , display , or perform their respective content solely through the service . ",Compliant Term,CLAUDETTE Benchmark (Unfair TOS),Low-risk,mteb/UnfairTOSLegalBenchClassification,https://huggingface.co/datasets/mteb/UnfairTOSLegalBenchClassification,Pretraining benchmark dataset,False
L1_1928,1,General Terms of Service,digital millenium copyright act ( `` dmca '' ) notice ,Compliant Term,CLAUDETTE Benchmark (Unfair TOS),Low-risk,mteb/UnfairTOSLegalBenchClassification,https://huggingface.co/datasets/mteb/UnfairTOSLegalBenchClassification,Pretraining benchmark dataset,False
L1_441,1,General Terms of Service,"the user agreement , the user privacy notice , and all polices posted through our services set forth the entire understanding and agreement between you and ebay , and supersede all prior understandings and agreements of the parties . ",Compliant Term,CLAUDETTE Benchmark (Unfair TOS),Low-risk,mteb/UnfairTOSLegalBenchClassification,https://huggingface.co/datasets/mteb/UnfairTOSLegalBenchClassification,Pretraining benchmark dataset,False
L3_83,3,Loan App / Fintech,Recovery agents initiate calls and automated collection messages to borrowers between 10:00 PM and 6:00 AM. Pursuant to updated statutory terms.,Harassment outside permitted hours,RBI Fair Practices Code,High-risk,RakshakAI Synthetic Generator (Layer 3),internal://synthetic_layer3,Synthetic clause generated for RBI Digital Lending Guidelines 2022,False
L1_33,1,General Terms of Service,portions of the amazon services operate under license of one or more patents . ,Compliant Term,CLAUDETTE Benchmark (Unfair TOS),Low-risk,mteb/UnfairTOSLegalBenchClassification,https://huggingface.co/datasets/mteb/UnfairTOSLegalBenchClassification,Pretraining benchmark dataset,False
L1_583,1,General Terms of Service,"you are responsible for maintaining the accuracy , completeness and confidentiality of your basic subscriber information , and you will be responsible for all activities that occur under your account , including activities of others to whom you have provided your basic subscriber information . ",Compliant Term,CLAUDETTE Benchmark (Unfair TOS),Low-risk,mteb/UnfairTOSLegalBenchClassification,https://huggingface.co/datasets/mteb/UnfairTOSLegalBenchClassification,Pretraining benchmark dataset,False
L1_1000,1,General Terms of Service,"subject to the foregoing , you use this website at your own risk and in no event shall the tripadvisor media group companies ( or their officers , directors and affiliates ) be liable for any direct , indirect , punitive , incidental , special , or consequential lossses or damages or any loss of income , profits , goodwill , data , contracts , use of money , or loss or damages arising from or conntected in any way to business interruption of any type arising out of , or in any way connected with , your access to , display of or use of this website or with the delay or inability to access , display or use this website ( including , but not limited to , your reliance upon reviews and opinions appearing on this website ; any computer viruses , information , software , linked sites , products , and services obtained through this website ; or otherwise arising out of the access to , display of or use of this website ) whether based on a theory of negligence , contract , tort , strict liability , or otherwise , and even if tripadvisor has been advised of the possibility of such damages . ",Compliant Term,CLAUDETTE Benchmark (Unfair TOS),Low-risk,mteb/UnfairTOSLegalBenchClassification,https://huggingface.co/datasets/mteb/UnfairTOSLegalBenchClassification,Pretraining benchmark dataset,False
L1_1967,1,General Terms of Service,"as between you and oculus , to the maximum extent permitted by applicable law , the services are provided on an `` as is '' and `` as available '' , basis , and oculus expressly disclaims all representations , warranties and conditions ( express or implied , oral or written ) , including any implied warranties of merchantability , fitness for a particular purpose and non-infringement . ",Compliant Term,CLAUDETTE Benchmark (Unfair TOS),Low-risk,mteb/UnfairTOSLegalBenchClassification,https://huggingface.co/datasets/mteb/UnfairTOSLegalBenchClassification,Pretraining benchmark dataset,False
L2_90,2,Loan App / Fintech,Deccan Herald's investigation documented an organised loan-app harassment racket where victims -- including people who never actually took out a loan -- were blackmailed using morphed explicit photos flooded to their contact list after money was deposited into their account without consent.,Coercive recovery using morphed images/fabricated debt,IT Act 2000; Bharatiya Nyaya Sanhita provisions on criminal intimidation/defamation,High-risk,Deccan Herald,https://www.deccanherald.com/amp/story/technology%2Finstant-loan-app-harassment-organised-racket-continues-to-prey-on-fear-2909086,Names three specific 2024 cases reported by the paper; corroborate case specifics if citing individually,False
L1_1459,1,General Terms of Service,"supercell reserves the right in its sole discretion to review , monitor , prohibit , edit , delete , disable access to or otherwise make unavailable any user content ( including without limitation your user content ) without notice for any reason or for no reason at any time . ",Compliant Term,CLAUDETTE Benchmark (Unfair TOS),Low-risk,mteb/UnfairTOSLegalBenchClassification,https://huggingface.co/datasets/mteb/UnfairTOSLegalBenchClassification,Pretraining benchmark dataset,False
L1_1456,1,General Terms of Service,we provide a policy and process for complaints concerning content posted by our members . ,Compliant Term,CLAUDETTE Benchmark (Unfair TOS),Low-risk,mteb/UnfairTOSLegalBenchClassification,https://huggingface.co/datasets/mteb/UnfairTOSLegalBenchClassification,Pretraining benchmark dataset,False
L1_1232,1,General Terms of Service,"the substantive practice area requirements for the arbitrator and the $ 10,000,000 threshold for the number of arbitrators assigned to the dispute set forth in the paragraph above will also apply to any such arbitration under jams or other arbitration service . ",Compliant Term,CLAUDETTE Benchmark (Unfair TOS),Low-risk,mteb/UnfairTOSLegalBenchClassification,https://huggingface.co/datasets/mteb/UnfairTOSLegalBenchClassification,Pretraining benchmark dataset,False
L1_43,1,General Terms of Service,"we provide these links only as a convenience and are not responsible for the products , services , or other content that are available from third-party services . ",Compliant Term,CLAUDETTE Benchmark (Unfair TOS),Low-risk,mteb/UnfairTOSLegalBenchClassification,https://huggingface.co/datasets/mteb/UnfairTOSLegalBenchClassification,Pretraining benchmark dataset,False
L1_1466,1,General Terms of Service,"hosts alone are responsible for identifying , understanding , and complying with all laws , rules and regulations that apply to their listings and host services . ",Compliant Term,CLAUDETTE Benchmark (Unfair TOS),Low-risk,mteb/UnfairTOSLegalBenchClassification,https://huggingface.co/datasets/mteb/UnfairTOSLegalBenchClassification,Pretraining benchmark dataset,False
L3_102,3,Gig Contract,Platform reserves the right to deactivate gig worker account immediately without issuing notice or disclosing reasons. Applicable across all digital channels.,Arbitrary deactivation without notice,Karnataka/Rajasthan Gig Worker Acts,High-risk,RakshakAI Synthetic Generator (Layer 3),internal://synthetic_layer3,Synthetic clause generated for Gig Worker Legislation,False
L1_9,1,General Terms of Service,"a statement by you , made under penalty of perjury , that the above information in your notice is accurate and that you are the copyright owner or are authorized to act on the copyright owner 's behalf . ",Compliant Term,CLAUDETTE Benchmark (Unfair TOS),Low-risk,mteb/UnfairTOSLegalBenchClassification,https://huggingface.co/datasets/mteb/UnfairTOSLegalBenchClassification,Pretraining benchmark dataset,False
L1_814,1,General Terms of Service,"much of the content on our services is produced by users , publishers , and other third parties . ",Compliant Term,CLAUDETTE Benchmark (Unfair TOS),Low-risk,mteb/UnfairTOSLegalBenchClassification,https://huggingface.co/datasets/mteb/UnfairTOSLegalBenchClassification,Pretraining benchmark dataset,False
L1_129,1,General Terms of Service,"host are alone responsible for identifying and obtaining any required licenses , permits , or registrations for any host services they offer . ",Compliant Term,CLAUDETTE Benchmark (Unfair TOS),Low-risk,mteb/UnfairTOSLegalBenchClassification,https://huggingface.co/datasets/mteb/UnfairTOSLegalBenchClassification,Pretraining benchmark dataset,False
L1_1366,1,General Terms of Service,"except as otherwise provided , if the licence for a digital product is offered for purchasing in nintendo shopping services by noe , the licence will be registered to your nintendo account after you have submitted the respective order in nintendo shopping services and made the payment to noe . ",Compliant Term,CLAUDETTE Benchmark (Unfair TOS),Low-risk,mteb/UnfairTOSLegalBenchClassification,https://huggingface.co/datasets/mteb/UnfairTOSLegalBenchClassification,Pretraining benchmark dataset,False
L1_898,1,General Terms of Service,"your purchase and use of third-party content may be subject to additional terms , including , but not limited to , third-party end-user agreements , and privacy policies . ",Compliant Term,CLAUDETTE Benchmark (Unfair TOS),Low-risk,mteb/UnfairTOSLegalBenchClassification,https://huggingface.co/datasets/mteb/UnfairTOSLegalBenchClassification,Pretraining benchmark dataset,False
L1_1643,1,General Terms of Service,"by using the services , you agree to the terms . ",Unfair Contract Terms,CLAUDETTE Benchmark (Unfair TOS),High-risk,mteb/UnfairTOSLegalBenchClassification,https://huggingface.co/datasets/mteb/UnfairTOSLegalBenchClassification,Pretraining benchmark dataset,False
L1_1401,1,General Terms of Service,informal dispute resolution : we want to address your concerns without needing a formal legal case . ,Compliant Term,CLAUDETTE Benchmark (Unfair TOS),Low-risk,mteb/UnfairTOSLegalBenchClassification,https://huggingface.co/datasets/mteb/UnfairTOSLegalBenchClassification,Pretraining benchmark dataset,False
L1_302,1,General Terms of Service,"• use our services if you are not able to form legally binding contracts ( for example , if you are under 18 years old ) , or are temporarily or indefinitely suspended from using our sites , services , applications or tools ; ",Compliant Term,CLAUDETTE Benchmark (Unfair TOS),Low-risk,mteb/UnfairTOSLegalBenchClassification,https://huggingface.co/datasets/mteb/UnfairTOSLegalBenchClassification,Pretraining benchmark dataset,False
L1_1623,1,General Terms of Service,authorization to contact you ; recording calls ; analyzing message content ,Compliant Term,CLAUDETTE Benchmark (Unfair TOS),Low-risk,mteb/UnfairTOSLegalBenchClassification,https://huggingface.co/datasets/mteb/UnfairTOSLegalBenchClassification,Pretraining benchmark dataset,False
L1_2026,1,General Terms of Service,activity materials will not include translation materials . ,Compliant Term,CLAUDETTE Benchmark (Unfair TOS),Low-risk,mteb/UnfairTOSLegalBenchClassification,https://huggingface.co/datasets/mteb/UnfairTOSLegalBenchClassification,Pretraining benchmark dataset,False
L1_1100,1,General Terms of Service,you may have other statutory rights . ,Compliant Term,CLAUDETTE Benchmark (Unfair TOS),Low-risk,mteb/UnfairTOSLegalBenchClassification,https://huggingface.co/datasets/mteb/UnfairTOSLegalBenchClassification,Pretraining benchmark dataset,False
L1_420,1,General Terms of Service,"if you breach any of these terms , academia.edu will have the right to suspend or disable your account or terminate these terms , at its sole discretion and without prior notice to you . ",Compliant Term,CLAUDETTE Benchmark (Unfair TOS),Low-risk,mteb/UnfairTOSLegalBenchClassification,https://huggingface.co/datasets/mteb/UnfairTOSLegalBenchClassification,Pretraining benchmark dataset,False
L1_70,1,General Terms of Service,how is my account closed ? ,Compliant Term,CLAUDETTE Benchmark (Unfair TOS),Low-risk,mteb/UnfairTOSLegalBenchClassification,https://huggingface.co/datasets/mteb/UnfairTOSLegalBenchClassification,Pretraining benchmark dataset,False
L1_1293,1,General Terms of Service,if for any reason a claim proceeds in court rather than in arbitration we each waive any right to a jury trial . ,Compliant Term,CLAUDETTE Benchmark (Unfair TOS),Low-risk,mteb/UnfairTOSLegalBenchClassification,https://huggingface.co/datasets/mteb/UnfairTOSLegalBenchClassification,Pretraining benchmark dataset,False
L1_1695,1,General Terms of Service,"by using the services , you represent and warrant that you have read and understand these warnings and instructions . ",Compliant Term,CLAUDETTE Benchmark (Unfair TOS),Low-risk,mteb/UnfairTOSLegalBenchClassification,https://huggingface.co/datasets/mteb/UnfairTOSLegalBenchClassification,Pretraining benchmark dataset,False
L1_1908,1,General Terms of Service,"you are responsible for your use of the services and for any content you provide , including compliance with applicable laws , rules , and regulations . ",Compliant Term,CLAUDETTE Benchmark (Unfair TOS),Low-risk,mteb/UnfairTOSLegalBenchClassification,https://huggingface.co/datasets/mteb/UnfairTOSLegalBenchClassification,Pretraining benchmark dataset,False
L3_92,3,Loan App / Fintech,The lending app provides no contact details for a Nodal Grievance Redressal Officer or escalated complaint procedure. Applicable across all digital channels.,Absence of nodal grievance officer,RBI Digital Lending Directions,High-risk,RakshakAI Synthetic Generator (Layer 3),internal://synthetic_layer3,Synthetic clause generated for RBI Digital Lending Guidelines 2022,False
L1_661,1,General Terms of Service,"`` software '' is the software provided to you by linden lab and/or its suppliers under license in connection with the service , including but not limited to the software for accessing the service and any other communication software , whether facilitating text-based , chat-based , voice , audio or other communication , within or outside of the service , and any application program interfaces ( the `` apis '' ) for use with the service . ",Compliant Term,CLAUDETTE Benchmark (Unfair TOS),Low-risk,mteb/UnfairTOSLegalBenchClassification,https://huggingface.co/datasets/mteb/UnfairTOSLegalBenchClassification,Pretraining benchmark dataset,False
L1_496,1,General Terms of Service,"disrupt , overburden , or aid or assist in the disruption or overburdening of any computer or server ( `` server '' ) used to offer or support the service or any supercell game environment . ",Compliant Term,CLAUDETTE Benchmark (Unfair TOS),Low-risk,mteb/UnfairTOSLegalBenchClassification,https://huggingface.co/datasets/mteb/UnfairTOSLegalBenchClassification,Pretraining benchmark dataset,False
L1_1089,1,General Terms of Service,"license : vimeo grants you a limited , non-exclusive license to access and use the vimeo service for your own personal , non-commercial purposes . ",Compliant Term,CLAUDETTE Benchmark (Unfair TOS),Low-risk,mteb/UnfairTOSLegalBenchClassification,https://huggingface.co/datasets/mteb/UnfairTOSLegalBenchClassification,Pretraining benchmark dataset,False
L3_82,3,Loan App / Fintech,Recovery agents initiate calls and automated collection messages to borrowers between 10:00 PM and 6:00 AM. Applicable across all digital channels.,Harassment outside permitted hours,RBI Fair Practices Code,High-risk,RakshakAI Synthetic Generator (Layer 3),internal://synthetic_layer3,Synthetic clause generated for RBI Digital Lending Guidelines 2022,False
L1_2050,1,General Terms of Service,"13.5 you agree that any claim or cause of action relating to airbnb 's facilitation of collection and remittance of occupancy taxes shall not extend to any supplier or vendor that may be used by airbnb in connection with facilitation of collection and remittance , if any . ",Compliant Term,CLAUDETTE Benchmark (Unfair TOS),Low-risk,mteb/UnfairTOSLegalBenchClassification,https://huggingface.co/datasets/mteb/UnfairTOSLegalBenchClassification,Pretraining benchmark dataset,False
L1_395,1,General Terms of Service,you agree to comply with all of the above when accessing or using our services . ,Unfair Contract Terms,CLAUDETTE Benchmark (Unfair TOS),High-risk,mteb/UnfairTOSLegalBenchClassification,https://huggingface.co/datasets/mteb/UnfairTOSLegalBenchClassification,Pretraining benchmark dataset,False
L1_869,1,General Terms of Service,"further , you and linden lab agree to submit to the exclusive personal jurisdiction and venue of the courts located in the city and county of san francisco , california , except as provided in section 10 regarding arbitration . ",Compliant Term,CLAUDETTE Benchmark (Unfair TOS),Low-risk,mteb/UnfairTOSLegalBenchClassification,https://huggingface.co/datasets/mteb/UnfairTOSLegalBenchClassification,Pretraining benchmark dataset,False
L1_960,1,General Terms of Service,( iii ) any use of websites linked to the products but operated by third parties . ,Compliant Term,CLAUDETTE Benchmark (Unfair TOS),Low-risk,mteb/UnfairTOSLegalBenchClassification,https://huggingface.co/datasets/mteb/UnfairTOSLegalBenchClassification,Pretraining benchmark dataset,False
L1_1971,1,General Terms of Service,"if you are an end user of an evernote business account , please note that the customer of your evernote business account ( such as your employer or organization ) may have established its own rules regarding end users ' access , use , disclosure , or retention of data stored in that account . ",Compliant Term,CLAUDETTE Benchmark (Unfair TOS),Low-risk,mteb/UnfairTOSLegalBenchClassification,https://huggingface.co/datasets/mteb/UnfairTOSLegalBenchClassification,Pretraining benchmark dataset,False
L1_1544,1,General Terms of Service,"in addition , oculus does not represent or warrant that ( a ) the functions contained in the services will be accurate or meet your requirements ; ( b ) the operation of the services will be secure , uninterrupted , error-free or virus-free ; or ( c ) any defects in the services will be corrected . ",Compliant Term,CLAUDETTE Benchmark (Unfair TOS),Low-risk,mteb/UnfairTOSLegalBenchClassification,https://huggingface.co/datasets/mteb/UnfairTOSLegalBenchClassification,Pretraining benchmark dataset,False
L4_11,4,Gig Contract,"Notice: Company liability under all operational claims shall under no circumstances exceed INR 100, regardless of the cause or magnitude of loss. (Refer to clause 14.2)",Unilateral liability cap,Indian Contract Act 1872,High-risk,RakshakAI Adversarial Rewriter (Layer 4),internal://adversarial_layer4,Disguised phrasing rewrite requiring human review,True
L1_1301,1,General Terms of Service,"in particular , content that promotes an illegal or unauthorized copy of another person 's copyrighted work , such as providing pirated computer programs or links to them , providing information to circumvent manufacture-installed copy-protect devices , or providing pirated music or links to pirated music files ; ",Compliant Term,CLAUDETTE Benchmark (Unfair TOS),Low-risk,mteb/UnfairTOSLegalBenchClassification,https://huggingface.co/datasets/mteb/UnfairTOSLegalBenchClassification,Pretraining benchmark dataset,False
L1_802,1,General Terms of Service,( c ) a description of where the material that you claim is infringing is located on the products ; ,Compliant Term,CLAUDETTE Benchmark (Unfair TOS),Low-risk,mteb/UnfairTOSLegalBenchClassification,https://huggingface.co/datasets/mteb/UnfairTOSLegalBenchClassification,Pretraining benchmark dataset,False
L1_1732,1,General Terms of Service,"our right to terminate these terms means that we may stop providing you with any services , or impose new or additional limits on your ability to use the services . ",Compliant Term,CLAUDETTE Benchmark (Unfair TOS),Low-risk,mteb/UnfairTOSLegalBenchClassification,https://huggingface.co/datasets/mteb/UnfairTOSLegalBenchClassification,Pretraining benchmark dataset,False
L1_609,1,General Terms of Service,you may not transfer any of your rights or obligations under these terms without our consent . ,Compliant Term,CLAUDETTE Benchmark (Unfair TOS),Low-risk,mteb/UnfairTOSLegalBenchClassification,https://huggingface.co/datasets/mteb/UnfairTOSLegalBenchClassification,Pretraining benchmark dataset,False
L2_10,2,Gig Contract,Driver's Master Service Agreement imposes a monetary fine if the driver accepts a tip directly from a passenger.,Unfair penalty on worker income,Unfair contract terms doctrine,High-risk,Ola Master Service Agreement (analysis),https://archive.factordaily.com/ola-contract-driver-analysis/,,False
L1_1857,1,General Terms of Service,"to see when your account will close , click `` billing details '' on the `` your account '' page . ",Compliant Term,CLAUDETTE Benchmark (Unfair TOS),Low-risk,mteb/UnfairTOSLegalBenchClassification,https://huggingface.co/datasets/mteb/UnfairTOSLegalBenchClassification,Pretraining benchmark dataset,False
L2_92,2,Gig Contract,A January 2026 report on the nationwide New Year's Eve gig-worker strike (over 2 lakh workers logged off) listed core demands including the removal of penalties imposed for delivery delays and replacement of AI-based customer support with human grievance redressal mechanisms -- implying both remain standard current practice on major platforms.,Algorithmic penalty deductions / no human grievance channel,Code on Social Security 2020; state Gig Worker Acts,Medium-risk,The News Minute,https://www.thenewsminute.com/news/over-two-lakh-gig-workers-log-off-nationwide-in-new-years-eve-strike,Straight news report (not opinion); corroborates and supersedes the Deccan Herald editorial used for row 58,False
L1_827,1,General Terms of Service,"in addition , we grant you a personal , worldwide , royalty-free , non-assignable and non-exclusive license to use the evernote software provided to you by or on behalf of evernote , for the sole purpose of enabling you to use the evernote software and enjoy the benefit of the service , subject to any applicable license terms provided with the evernote software and these terms , until your rights are terminated in accordance with such license and/or these terms . ",Compliant Term,CLAUDETTE Benchmark (Unfair TOS),Low-risk,mteb/UnfairTOSLegalBenchClassification,https://huggingface.co/datasets/mteb/UnfairTOSLegalBenchClassification,Pretraining benchmark dataset,False
L1_592,1,General Terms of Service,"to the maximum extent permitted by law , the service is available `` as is . '' ",Compliant Term,CLAUDETTE Benchmark (Unfair TOS),Low-risk,mteb/UnfairTOSLegalBenchClassification,https://huggingface.co/datasets/mteb/UnfairTOSLegalBenchClassification,Pretraining benchmark dataset,False
L1_1497,1,General Terms of Service,4.11 content cancellations ; returns . ,Compliant Term,CLAUDETTE Benchmark (Unfair TOS),Low-risk,mteb/UnfairTOSLegalBenchClassification,https://huggingface.co/datasets/mteb/UnfairTOSLegalBenchClassification,Pretraining benchmark dataset,False
L1_243,1,General Terms of Service,airbnb payments will process co-host services fees and resolution center payments pursuant to the payments terms . ,Compliant Term,CLAUDETTE Benchmark (Unfair TOS),Low-risk,mteb/UnfairTOSLegalBenchClassification,https://huggingface.co/datasets/mteb/UnfairTOSLegalBenchClassification,Pretraining benchmark dataset,False
L1_926,1,General Terms of Service,your netflix membership may start with a free trial . ,Compliant Term,CLAUDETTE Benchmark (Unfair TOS),Low-risk,mteb/UnfairTOSLegalBenchClassification,https://huggingface.co/datasets/mteb/UnfairTOSLegalBenchClassification,Pretraining benchmark dataset,False
L1_1252,1,General Terms of Service,"by using the service , you acknowledge , accept and agree with all provisions of the privacy policy , including , without limitation , the use and treatment of the text , images , and other data you choose to input , upload , or store in evernote ( collectively , `` content '' ) and your personal information in accordance with such privacy policy . ",Unfair Contract Terms,CLAUDETTE Benchmark (Unfair TOS),High-risk,mteb/UnfairTOSLegalBenchClassification,https://huggingface.co/datasets/mteb/UnfairTOSLegalBenchClassification,Pretraining benchmark dataset,False
L1_1931,1,General Terms of Service,you may have the ability to purchase digital content through the services . ,Compliant Term,CLAUDETTE Benchmark (Unfair TOS),Low-risk,mteb/UnfairTOSLegalBenchClassification,https://huggingface.co/datasets/mteb/UnfairTOSLegalBenchClassification,Pretraining benchmark dataset,False
L1_943,1,General Terms of Service,the specific information that we extract may depend on the privacy settings you have with the sns . ,Compliant Term,CLAUDETTE Benchmark (Unfair TOS),Low-risk,mteb/UnfairTOSLegalBenchClassification,https://huggingface.co/datasets/mteb/UnfairTOSLegalBenchClassification,Pretraining benchmark dataset,False
L1_1124,1,General Terms of Service,you may opt out of this feature . ,Compliant Term,CLAUDETTE Benchmark (Unfair TOS),Low-risk,mteb/UnfairTOSLegalBenchClassification,https://huggingface.co/datasets/mteb/UnfairTOSLegalBenchClassification,Pretraining benchmark dataset,False
L1_1463,1,General Terms of Service,technical support is only available via email . ,Compliant Term,CLAUDETTE Benchmark (Unfair TOS),Low-risk,mteb/UnfairTOSLegalBenchClassification,https://huggingface.co/datasets/mteb/UnfairTOSLegalBenchClassification,Pretraining benchmark dataset,False
L1_320,1,General Terms of Service,you agree not to submit any content as user material in which you have any expectation of privacy . ,Compliant Term,CLAUDETTE Benchmark (Unfair TOS),Low-risk,mteb/UnfairTOSLegalBenchClassification,https://huggingface.co/datasets/mteb/UnfairTOSLegalBenchClassification,Pretraining benchmark dataset,False
L1_1439,1,General Terms of Service,such account is owned and controlled by the business entity . ,Compliant Term,CLAUDETTE Benchmark (Unfair TOS),Low-risk,mteb/UnfairTOSLegalBenchClassification,https://huggingface.co/datasets/mteb/UnfairTOSLegalBenchClassification,Pretraining benchmark dataset,False
L1_1964,1,General Terms of Service,"you understand that through your use of the services you consent to the collection and use ( as set forth in the privacy policy ) of this information , including the transfer of this information to the united states , ireland , and/or other countries for storage , processing and use by twitter and its affiliates . ",Unfair Contract Terms,CLAUDETTE Benchmark (Unfair TOS),High-risk,mteb/UnfairTOSLegalBenchClassification,https://huggingface.co/datasets/mteb/UnfairTOSLegalBenchClassification,Pretraining benchmark dataset,False
L1_910,1,General Terms of Service,you acknowledge that third party transportation providers providing transportation services requested through some request brands may offer ridesharing or peer-to-peer transportation services and may not be professionally licensed or permitted . ,Compliant Term,CLAUDETTE Benchmark (Unfair TOS),Low-risk,mteb/UnfairTOSLegalBenchClassification,https://huggingface.co/datasets/mteb/UnfairTOSLegalBenchClassification,Pretraining benchmark dataset,False
L1_398,1,General Terms of Service,"you represent that you own or have secured all legal rights necessary for the content submitted by you to be used by you , duolingo , and others as described and otherwise contemplated in these terms and conditions . ",Compliant Term,CLAUDETTE Benchmark (Unfair TOS),Low-risk,mteb/UnfairTOSLegalBenchClassification,https://huggingface.co/datasets/mteb/UnfairTOSLegalBenchClassification,Pretraining benchmark dataset,False
L1_990,1,General Terms of Service,please be aware that any fee or subscription plan is exclusive of all taxes . ,Compliant Term,CLAUDETTE Benchmark (Unfair TOS),Low-risk,mteb/UnfairTOSLegalBenchClassification,https://huggingface.co/datasets/mteb/UnfairTOSLegalBenchClassification,Pretraining benchmark dataset,False
L1_908,1,General Terms of Service,please quote the order number in all subsequent correspondence with us . ,Compliant Term,CLAUDETTE Benchmark (Unfair TOS),Low-risk,mteb/UnfairTOSLegalBenchClassification,https://huggingface.co/datasets/mteb/UnfairTOSLegalBenchClassification,Pretraining benchmark dataset,False
L1_1690,1,General Terms of Service,"you further grant all users of the vimeo service permission to view your non-video content for their personal , non-commercial purposes . ",Compliant Term,CLAUDETTE Benchmark (Unfair TOS),Low-risk,mteb/UnfairTOSLegalBenchClassification,https://huggingface.co/datasets/mteb/UnfairTOSLegalBenchClassification,Pretraining benchmark dataset,False
L1_1419,1,General Terms of Service,we may offer free trials or other limited versions of services so that you can preview services before you purchase the full version . ,Compliant Term,CLAUDETTE Benchmark (Unfair TOS),Low-risk,mteb/UnfairTOSLegalBenchClassification,https://huggingface.co/datasets/mteb/UnfairTOSLegalBenchClassification,Pretraining benchmark dataset,False
L1_1025,1,General Terms of Service,claims can be filed with aaa online ( www.adr.org ) ; ,Compliant Term,CLAUDETTE Benchmark (Unfair TOS),Low-risk,mteb/UnfairTOSLegalBenchClassification,https://huggingface.co/datasets/mteb/UnfairTOSLegalBenchClassification,Pretraining benchmark dataset,False
L1_445,1,General Terms of Service,the arbitrator can grant any remedy that the parties could have received in court to resolve the party 's individual claim . ,Compliant Term,CLAUDETTE Benchmark (Unfair TOS),Low-risk,mteb/UnfairTOSLegalBenchClassification,https://huggingface.co/datasets/mteb/UnfairTOSLegalBenchClassification,Pretraining benchmark dataset,False
L3_41,3,Loan App / Fintech,Platform tracks behavioral analytics and serves targeted financial advertisements to users identified as under 18 years of age.,Unlawful tracking of minors,DPDP Act 2023,High-risk,RakshakAI Synthetic Generator (Layer 3),internal://synthetic_layer3,Synthetic clause generated for DPDP Act 2023 §9 (Processing of Children Data),False
L1_360,1,General Terms of Service,"17.1 unless you reside in the eu , you acknowledge and agree that , to the maximum extent permitted by law , the entire risk arising out of your access to and use of the airbnb platform and collective content , your publishing or booking of any listing via the airbnb platform , your stay at any accommodation , participation in any experience or event or use of any other host service or any other interaction you have with other members whether in person or online remains with you . ",Compliant Term,CLAUDETTE Benchmark (Unfair TOS),Low-risk,mteb/UnfairTOSLegalBenchClassification,https://huggingface.co/datasets/mteb/UnfairTOSLegalBenchClassification,Pretraining benchmark dataset,False
L1_1846,1,General Terms of Service,"if you reside in china , you are contracting with airbnb internet ( beijing ) co. , ltd. ( `` airbnb china '' ) except where you book a host service ( as defined below ) or when you create a listing located outside of china , in which case you are contracting with airbnb ireland for that transaction . ",Compliant Term,CLAUDETTE Benchmark (Unfair TOS),Low-risk,mteb/UnfairTOSLegalBenchClassification,https://huggingface.co/datasets/mteb/UnfairTOSLegalBenchClassification,Pretraining benchmark dataset,False
L1_1549,1,General Terms of Service,"if you reside in india , prior to august 1 , 2017 , the entity you are contracting with is ebay india private limited , 14th floor , north block , r-tech park , western express highway , goregaon ( east ) , mumbai 400063 , maharashtra ; thereafter , the entity is ebay international ag , helvetiastrasse 15/17 , 3005 , bern , switzerland . ",Compliant Term,CLAUDETTE Benchmark (Unfair TOS),Low-risk,mteb/UnfairTOSLegalBenchClassification,https://huggingface.co/datasets/mteb/UnfairTOSLegalBenchClassification,Pretraining benchmark dataset,False
L1_1260,1,General Terms of Service,headspace memberships and subscriptions are not transferable and therefore can not be sold or exchanged or transferred in any way whatsoever . ,Compliant Term,CLAUDETTE Benchmark (Unfair TOS),Low-risk,mteb/UnfairTOSLegalBenchClassification,https://huggingface.co/datasets/mteb/UnfairTOSLegalBenchClassification,Pretraining benchmark dataset,False
L1_1407,1,General Terms of Service,"you may not display content from crowdtangle as any sort of public-facing display , app , product or otherwise external format without the express written consent of crowdtangle . ",Compliant Term,CLAUDETTE Benchmark (Unfair TOS),Low-risk,mteb/UnfairTOSLegalBenchClassification,https://huggingface.co/datasets/mteb/UnfairTOSLegalBenchClassification,Pretraining benchmark dataset,False
L1_191,1,General Terms of Service,"no such refunds will apply to subsequent renewals of the yearly and two year subscriptions or subscriptions purchased through the apple itunes store or our iphone application , or the google play store or our android application . ",Compliant Term,CLAUDETTE Benchmark (Unfair TOS),Low-risk,mteb/UnfairTOSLegalBenchClassification,https://huggingface.co/datasets/mteb/UnfairTOSLegalBenchClassification,Pretraining benchmark dataset,False
L1_1186,1,General Terms of Service,term : this agreement begins on the date you first use the vimeo service and continues as long as you have an account with us . ,Compliant Term,CLAUDETTE Benchmark (Unfair TOS),Low-risk,mteb/UnfairTOSLegalBenchClassification,https://huggingface.co/datasets/mteb/UnfairTOSLegalBenchClassification,Pretraining benchmark dataset,False
L1_1601,1,General Terms of Service,"• sell , sponsor , or otherwise monetize any feature of the services , without academia.edu 's consent ; ",Compliant Term,CLAUDETTE Benchmark (Unfair TOS),Low-risk,mteb/UnfairTOSLegalBenchClassification,https://huggingface.co/datasets/mteb/UnfairTOSLegalBenchClassification,Pretraining benchmark dataset,False
L1_1828,1,General Terms of Service,"6.2 you agree that you will not post or transmit content or code that may be harmful , impede other users ' functionality , invade other users ' privacy , or surreptitiously or negatively impact any system or network . ",Compliant Term,CLAUDETTE Benchmark (Unfair TOS),Low-risk,mteb/UnfairTOSLegalBenchClassification,https://huggingface.co/datasets/mteb/UnfairTOSLegalBenchClassification,Pretraining benchmark dataset,False
L1_629,1,General Terms of Service,"you agree to use the netflix service , including all features and functionalities associated therewith , in accordance with all applicable laws , rules and regulations , or other restrictions on use of the service or content therein . ",Compliant Term,CLAUDETTE Benchmark (Unfair TOS),Low-risk,mteb/UnfairTOSLegalBenchClassification,https://huggingface.co/datasets/mteb/UnfairTOSLegalBenchClassification,Pretraining benchmark dataset,False
L1_161,1,General Terms of Service,"if at any point any applicable sales use , vat , gst , excise , withholding or similar taxes or levies , whether domestic or foreign , exist , the member is liable for them . ",Compliant Term,CLAUDETTE Benchmark (Unfair TOS),Low-risk,mteb/UnfairTOSLegalBenchClassification,https://huggingface.co/datasets/mteb/UnfairTOSLegalBenchClassification,Pretraining benchmark dataset,False
L1_1171,1,General Terms of Service,"the arbitration will be conducted by the american arbitration association ( aaa ) under its rules , including the aaa 's supplementary procedures for consumer-related disputes . ",Compliant Term,CLAUDETTE Benchmark (Unfair TOS),Low-risk,mteb/UnfairTOSLegalBenchClassification,https://huggingface.co/datasets/mteb/UnfairTOSLegalBenchClassification,Pretraining benchmark dataset,False
L1_1599,1,General Terms of Service,"notwithstanding the foregoing , this agreement does not govern any use of vimeo 's application protocol interface ( api ) , which is governed by our api agreement . ",Compliant Term,CLAUDETTE Benchmark (Unfair TOS),Low-risk,mteb/UnfairTOSLegalBenchClassification,https://huggingface.co/datasets/mteb/UnfairTOSLegalBenchClassification,Pretraining benchmark dataset,False
L1_1770,1,General Terms of Service,"all issues are for the arbitrator to decide , including the scope of this arbitration clause , but the arbitrator is bound by the terms of these terms and conditions . ",Compliant Term,CLAUDETTE Benchmark (Unfair TOS),Low-risk,mteb/UnfairTOSLegalBenchClassification,https://huggingface.co/datasets/mteb/UnfairTOSLegalBenchClassification,Pretraining benchmark dataset,False
L3_65,3,Loan App / Fintech,"The app fails to provide a standardized Key Fact Statement (KFS) prior to contract execution, hiding processing fees. Enforced in all operating regions.",Omission of Key Fact Statement,RBI Digital Lending Directions,High-risk,RakshakAI Synthetic Generator (Layer 3),internal://synthetic_layer3,Synthetic clause generated for RBI Digital Lending Guidelines 2022,False
L1_1912,1,General Terms of Service,the customer who has contracted with evernote and the administrator of the evernote business account ( as `` customer '' and `` administrator '' are defined in the applicable evernote business agreement ) have the responsibility to and agree to share the terms of such separate agreement with each individual whose user account is linked to that evernote business account ( `` end user '' ) . ,Compliant Term,CLAUDETTE Benchmark (Unfair TOS),Low-risk,mteb/UnfairTOSLegalBenchClassification,https://huggingface.co/datasets/mteb/UnfairTOSLegalBenchClassification,Pretraining benchmark dataset,False
L1_411,1,General Terms of Service,we will notify you at least 30 days before these new terms of use apply to you . ,Compliant Term,CLAUDETTE Benchmark (Unfair TOS),Low-risk,mteb/UnfairTOSLegalBenchClassification,https://huggingface.co/datasets/mteb/UnfairTOSLegalBenchClassification,Pretraining benchmark dataset,False
L1_274,1,General Terms of Service,"the arbitration will be administered by the american arbitration association ( `` aaa '' ) in accordance with the commercial arbitration rules and the supplementary procedures for consumer related disputes ( the `` aaa rules '' ) then in effect , except as modified by this `` dispute resolution '' section . ",Compliant Term,CLAUDETTE Benchmark (Unfair TOS),Low-risk,mteb/UnfairTOSLegalBenchClassification,https://huggingface.co/datasets/mteb/UnfairTOSLegalBenchClassification,Pretraining benchmark dataset,False
L1_562,1,General Terms of Service,11.1 the service is a united states-based service . ,Compliant Term,CLAUDETTE Benchmark (Unfair TOS),Low-risk,mteb/UnfairTOSLegalBenchClassification,https://huggingface.co/datasets/mteb/UnfairTOSLegalBenchClassification,Pretraining benchmark dataset,False
L1_678,1,General Terms of Service,"supercell reserves the right to stop offering and/or supporting the service or a particular game or part of the service at any time , at which point your license to use the service or a part thereof will be automatically terminated . ",Compliant Term,CLAUDETTE Benchmark (Unfair TOS),Low-risk,mteb/UnfairTOSLegalBenchClassification,https://huggingface.co/datasets/mteb/UnfairTOSLegalBenchClassification,Pretraining benchmark dataset,False
L1_1588,1,General Terms of Service,nintendo assumes no liability in respect of third-party shopping services . ,Compliant Term,CLAUDETTE Benchmark (Unfair TOS),Low-risk,mteb/UnfairTOSLegalBenchClassification,https://huggingface.co/datasets/mteb/UnfairTOSLegalBenchClassification,Pretraining benchmark dataset,False
L1_691,1,General Terms of Service,"the minimum connection speed for sd quality is 0.5 mbps ; however , we recommend a faster connection for improved video quality . ",Compliant Term,CLAUDETTE Benchmark (Unfair TOS),Low-risk,mteb/UnfairTOSLegalBenchClassification,https://huggingface.co/datasets/mteb/UnfairTOSLegalBenchClassification,Pretraining benchmark dataset,False
L3_64,3,Loan App / Fintech,"The app fails to provide a standardized Key Fact Statement (KFS) prior to contract execution, hiding processing fees. Subject to regulatory audit.",Omission of Key Fact Statement,RBI Digital Lending Directions,High-risk,RakshakAI Synthetic Generator (Layer 3),internal://synthetic_layer3,Synthetic clause generated for RBI Digital Lending Guidelines 2022,False
L1_1511,1,General Terms of Service,"linkedin reserves the right to limit your use of the services , including the number of your connections and your ability to contact other members . ",Compliant Term,CLAUDETTE Benchmark (Unfair TOS),Low-risk,mteb/UnfairTOSLegalBenchClassification,https://huggingface.co/datasets/mteb/UnfairTOSLegalBenchClassification,Pretraining benchmark dataset,False
L1_2015,1,General Terms of Service,cancelling your subscription wo n't cancel your account . ,Compliant Term,CLAUDETTE Benchmark (Unfair TOS),Low-risk,mteb/UnfairTOSLegalBenchClassification,https://huggingface.co/datasets/mteb/UnfairTOSLegalBenchClassification,Pretraining benchmark dataset,False
L1_365,1,General Terms of Service,"if you have a concern , let 's talk . ",Compliant Term,CLAUDETTE Benchmark (Unfair TOS),Low-risk,mteb/UnfairTOSLegalBenchClassification,https://huggingface.co/datasets/mteb/UnfairTOSLegalBenchClassification,Pretraining benchmark dataset,False
L1_1765,1,General Terms of Service,"if you file a notice with our copyright agent , it must : ",Compliant Term,CLAUDETTE Benchmark (Unfair TOS),Low-risk,mteb/UnfairTOSLegalBenchClassification,https://huggingface.co/datasets/mteb/UnfairTOSLegalBenchClassification,Pretraining benchmark dataset,False
L1_1065,1,General Terms of Service,"• attempt to probe , scan , or test the vulnerability of any academia.edu system or network or breach any security or authentication measures ; ",Compliant Term,CLAUDETTE Benchmark (Unfair TOS),Low-risk,mteb/UnfairTOSLegalBenchClassification,https://huggingface.co/datasets/mteb/UnfairTOSLegalBenchClassification,Pretraining benchmark dataset,False
L1_1267,1,General Terms of Service,we do n't guarantee refunds . ,Compliant Term,CLAUDETTE Benchmark (Unfair TOS),Low-risk,mteb/UnfairTOSLegalBenchClassification,https://huggingface.co/datasets/mteb/UnfairTOSLegalBenchClassification,Pretraining benchmark dataset,False
L1_143,1,General Terms of Service,"ncl , at its sole discretion , may allow you to link your nintendo account to one or several devices manufactured by nintendo or third parties . ",Compliant Term,CLAUDETTE Benchmark (Unfair TOS),Low-risk,mteb/UnfairTOSLegalBenchClassification,https://huggingface.co/datasets/mteb/UnfairTOSLegalBenchClassification,Pretraining benchmark dataset,False
L1_428,1,General Terms of Service,• number of listings matching the buyer 's query . ,Compliant Term,CLAUDETTE Benchmark (Unfair TOS),Low-risk,mteb/UnfairTOSLegalBenchClassification,https://huggingface.co/datasets/mteb/UnfairTOSLegalBenchClassification,Pretraining benchmark dataset,False
L1_1918,1,General Terms of Service,"14.1 you are solely responsible for compliance with any and all laws , rules , regulations , and tax obligations that may apply to your use of the airbnb platform . ",Compliant Term,CLAUDETTE Benchmark (Unfair TOS),Low-risk,mteb/UnfairTOSLegalBenchClassification,https://huggingface.co/datasets/mteb/UnfairTOSLegalBenchClassification,Pretraining benchmark dataset,False
L1_904,1,General Terms of Service,by e-mail : hcannom@wscylaw.com subject line : dmca ,Compliant Term,CLAUDETTE Benchmark (Unfair TOS),Low-risk,mteb/UnfairTOSLegalBenchClassification,https://huggingface.co/datasets/mteb/UnfairTOSLegalBenchClassification,Pretraining benchmark dataset,False
L1_1211,1,General Terms of Service,"airbnb is not and does not become a party to or other participant in any contractual relationship between members , nor is airbnb a real estate broker or insurer . ",Compliant Term,CLAUDETTE Benchmark (Unfair TOS),Low-risk,mteb/UnfairTOSLegalBenchClassification,https://huggingface.co/datasets/mteb/UnfairTOSLegalBenchClassification,Pretraining benchmark dataset,False
L1_1802,1,General Terms of Service,please consult your legal counsel for further details or see 17 u.s.c. § 512 ( c ) ( 3 ) . ,Compliant Term,CLAUDETTE Benchmark (Unfair TOS),Low-risk,mteb/UnfairTOSLegalBenchClassification,https://huggingface.co/datasets/mteb/UnfairTOSLegalBenchClassification,Pretraining benchmark dataset,False
L1_1303,1,General Terms of Service,"if a product offered by amazon itself is not as described , your sole remedy is to return it in unused condition . ",Compliant Term,CLAUDETTE Benchmark (Unfair TOS),Low-risk,mteb/UnfairTOSLegalBenchClassification,https://huggingface.co/datasets/mteb/UnfairTOSLegalBenchClassification,Pretraining benchmark dataset,False
L1_379,1,General Terms of Service,"airbnb reserves the right to decide , in its sole discretion , if a submitted experience , event or other host service will be published on the airbnb platform . ",Compliant Term,CLAUDETTE Benchmark (Unfair TOS),Low-risk,mteb/UnfairTOSLegalBenchClassification,https://huggingface.co/datasets/mteb/UnfairTOSLegalBenchClassification,Pretraining benchmark dataset,False
L1_139,1,General Terms of Service,"in the event that the products are unavailable , our usual order and cancellation deadlines apply ; please notify us of changes to your order by emailing help@headspace.com . ",Compliant Term,CLAUDETTE Benchmark (Unfair TOS),Low-risk,mteb/UnfairTOSLegalBenchClassification,https://huggingface.co/datasets/mteb/UnfairTOSLegalBenchClassification,Pretraining benchmark dataset,False
L1_719,1,General Terms of Service,"you will not remove , alter or obscure any copyright , trademark , service mark or other proprietary rights notices incorporated in or accompanying the site , services or collective content . ",Compliant Term,CLAUDETTE Benchmark (Unfair TOS),Low-risk,mteb/UnfairTOSLegalBenchClassification,https://huggingface.co/datasets/mteb/UnfairTOSLegalBenchClassification,Pretraining benchmark dataset,False
L2_57,2,Gig Contract,"Porter's terms state drivers are 'not entitled to claim reimbursement of hospitalization/hospital bills' incurred while providing services, and legal-expense reimbursement (e.g. releasing a seized vehicle) is capped at Rs 5,000 for two-wheelers and Rs 10,000 for three/four-wheelers, provided only on a 'best effort basis.'",No accident/injury protection; capped indemnification,"Code on Social Security 2020 (gig worker social security schemes, not yet in force)",High-risk,Porter — official Services Agreement,https://dom-website-prod-cdn-web.porter.in/partner_tnc_content.pdf,Appendix B & C. Useful contrast with row 63 below (Bihar Act's Rs 4 lakh statutory accident compensation).,False
L2_50,2,Loan App / Fintech,"RBI cancelled the Certificate of Registration of 150 NBFCs in a single enforcement sweep (April 2026), citing failure to meet Net Owned Fund requirements and non-adherence to prudential regulatory norms.",Large-scale regulatory non-compliance,"Section 45-IA(6), Reserve Bank of India Act 1934",High-risk,"NBFC Advisory, summarizing RBI enforcement actions, May 2026",https://nbfcadvisory.com/rbi-penalties-nbfcs-fines-license-cancellations/,"Aggregate enforcement statistic — supporting context for the scale of the compliance problem, not a single clause example.",False
L1_523,1,General Terms of Service,"your access and use of the services constitutes your agreement to be bound by these terms , which establishes a contractual relationship between you and uber . ",Unfair Contract Terms,CLAUDETTE Benchmark (Unfair TOS),High-risk,mteb/UnfairTOSLegalBenchClassification,https://huggingface.co/datasets/mteb/UnfairTOSLegalBenchClassification,Pretraining benchmark dataset,False
L1_552,1,General Terms of Service,"in addition , while snap group limited attempts to provide a good user experience , we do not represent or warrant that : ( a ) the services will always be secure , error-free , or timely ; ( b ) the services will always function without delays , disruption , or imperfections ; or ( c ) that any content or information you obtain through the services will be timely or accurate . ",Compliant Term,CLAUDETTE Benchmark (Unfair TOS),Low-risk,mteb/UnfairTOSLegalBenchClassification,https://huggingface.co/datasets/mteb/UnfairTOSLegalBenchClassification,Pretraining benchmark dataset,False
L1_1055,1,General Terms of Service,"neither you nor oculus agree that a dispute can be brought as a class or representative action whether inside or outside arbitration , or on behalf of any other person or persons . ",Compliant Term,CLAUDETTE Benchmark (Unfair TOS),Low-risk,mteb/UnfairTOSLegalBenchClassification,https://huggingface.co/datasets/mteb/UnfairTOSLegalBenchClassification,Pretraining benchmark dataset,False
L1_335,1,General Terms of Service,"google disclaims all warranties related to the translations , express or implied , including any warranties of accuracy , reliability , and any implied warranties for merchantability , fitness for a particular purpose and noninfringement . ",Compliant Term,CLAUDETTE Benchmark (Unfair TOS),Low-risk,mteb/UnfairTOSLegalBenchClassification,https://huggingface.co/datasets/mteb/UnfairTOSLegalBenchClassification,Pretraining benchmark dataset,False
L1_1115,1,General Terms of Service,you are responsible for keeping your listing information ( including calendar availability ) up-to-date at all times . ,Compliant Term,CLAUDETTE Benchmark (Unfair TOS),Low-risk,mteb/UnfairTOSLegalBenchClassification,https://huggingface.co/datasets/mteb/UnfairTOSLegalBenchClassification,Pretraining benchmark dataset,False
L1_1720,1,General Terms of Service,"if for any reason a claim proceeds in court rather than in arbitration , you and duolingo each waive any right to a jury trial . ",Compliant Term,CLAUDETTE Benchmark (Unfair TOS),Low-risk,mteb/UnfairTOSLegalBenchClassification,https://huggingface.co/datasets/mteb/UnfairTOSLegalBenchClassification,Pretraining benchmark dataset,False
L1_164,1,General Terms of Service,"copying , transmission , reproduction , replication , posting or redistribution of the website content or any portion thereof is strictly prohibited without the prior written permission of tripadvisor . ",Compliant Term,CLAUDETTE Benchmark (Unfair TOS),Low-risk,mteb/UnfairTOSLegalBenchClassification,https://huggingface.co/datasets/mteb/UnfairTOSLegalBenchClassification,Pretraining benchmark dataset,False
L1_1936,1,General Terms of Service,please read these terms carefully before accessing or using the services . ,Compliant Term,CLAUDETTE Benchmark (Unfair TOS),Low-risk,mteb/UnfairTOSLegalBenchClassification,https://huggingface.co/datasets/mteb/UnfairTOSLegalBenchClassification,Pretraining benchmark dataset,False
L1_548,1,General Terms of Service,use of the services is entirely at your own risk . ,Compliant Term,CLAUDETTE Benchmark (Unfair TOS),Low-risk,mteb/UnfairTOSLegalBenchClassification,https://huggingface.co/datasets/mteb/UnfairTOSLegalBenchClassification,Pretraining benchmark dataset,False
L1_585,1,General Terms of Service,"if you do not understand the terms in this section or elsewhere in the agreement , please consult a lawyer for clarification before accessing or using this website . ",Compliant Term,CLAUDETTE Benchmark (Unfair TOS),Low-risk,mteb/UnfairTOSLegalBenchClassification,https://huggingface.co/datasets/mteb/UnfairTOSLegalBenchClassification,Pretraining benchmark dataset,False
L1_1451,1,General Terms of Service,"your decision to provide this information is purely voluntary and optional ; however , if you elect not to provide it , then you may not be able to access certain content or participate in certain features of the service . ",Compliant Term,CLAUDETTE Benchmark (Unfair TOS),Low-risk,mteb/UnfairTOSLegalBenchClassification,https://huggingface.co/datasets/mteb/UnfairTOSLegalBenchClassification,Pretraining benchmark dataset,False
L1_1286,1,General Terms of Service,"15.3 without limiting our rights specified below , airbnb may terminate this agreement for convenience at any time by giving you thirty ( 30 ) days ' notice via email to your registered email address . ",Compliant Term,CLAUDETTE Benchmark (Unfair TOS),Low-risk,mteb/UnfairTOSLegalBenchClassification,https://huggingface.co/datasets/mteb/UnfairTOSLegalBenchClassification,Pretraining benchmark dataset,False
L1_1507,1,General Terms of Service,"to cancel , go to the `` your account '' page and follow the instructions for cancellation . ",Compliant Term,CLAUDETTE Benchmark (Unfair TOS),Low-risk,mteb/UnfairTOSLegalBenchClassification,https://huggingface.co/datasets/mteb/UnfairTOSLegalBenchClassification,Pretraining benchmark dataset,False
L1_556,1,General Terms of Service,"if you are a resident of the united states or canada , these terms and the relationship between you and evernote ( including any dispute ) shall be governed in all respects by the laws of the state of california , united states of america , as they apply to agreements entered into and to be performed entirely within california between california residents , without regard to its conflict of law provisions . ",Compliant Term,CLAUDETTE Benchmark (Unfair TOS),Low-risk,mteb/UnfairTOSLegalBenchClassification,https://huggingface.co/datasets/mteb/UnfairTOSLegalBenchClassification,Pretraining benchmark dataset,False
L1_319,1,General Terms of Service,"by agreeing to these terms and electing to purchase a subscription , you acknowledge that your subscription has recurring payment features and you accept responsibility for all recurring payment obligations prior to cancellation of your subscription by you or academia.edu . ",Compliant Term,CLAUDETTE Benchmark (Unfair TOS),Low-risk,mteb/UnfairTOSLegalBenchClassification,https://huggingface.co/datasets/mteb/UnfairTOSLegalBenchClassification,Pretraining benchmark dataset,False
L1_208,1,General Terms of Service,"a member shall , upon airbnb 's reasonable request and at no cost to the member , participate in mediation or a similar resolution process with another member , which process will be conducted by airbnb or a third party selected by airbnb or its insurer , with respect to losses for which a member is requesting payment from airbnb ( including but not limited to payments under the airbnb host guarantee ) . ",Compliant Term,CLAUDETTE Benchmark (Unfair TOS),Low-risk,mteb/UnfairTOSLegalBenchClassification,https://huggingface.co/datasets/mteb/UnfairTOSLegalBenchClassification,Pretraining benchmark dataset,False
L1_34,1,General Terms of Service,"we reserve the right to determine the timing and content of software updates , which may be automatically downloaded and installed by fitbit products without prior notice to you . ",Compliant Term,CLAUDETTE Benchmark (Unfair TOS),Low-risk,mteb/UnfairTOSLegalBenchClassification,https://huggingface.co/datasets/mteb/UnfairTOSLegalBenchClassification,Pretraining benchmark dataset,False
L2_87,2,Loan App / Fintech,"The report found all studied BNPL providers/financiers had a clause allowing them to recall the sanctioned credit line at any time without giving a reason, which can trigger a sudden liquidity crisis for a borrower near their credit limit.",Unilateral loan recall without reason,RBI Charter of Customer Rights,Medium-risk,"Dvara Research, 'The Costs of Using BNPL Products'",https://dvararesearch.com/wp-content/uploads/2023/12/The-Costs-of-using-Buy-Now-Pay-Later-BNPL-products.pdf,,False
L1_1215,1,General Terms of Service,"notwithstanding the above , you agree that duolingo shall still be allowed to apply for and obtain injunctive remedies ( or an equivalent type of urgent legal relief ) in any jurisdiction . ",Compliant Term,CLAUDETTE Benchmark (Unfair TOS),Low-risk,mteb/UnfairTOSLegalBenchClassification,https://huggingface.co/datasets/mteb/UnfairTOSLegalBenchClassification,Pretraining benchmark dataset,False
L1_1142,1,General Terms of Service,"you must be at least 18 years of age , or the age of legal majority in your jurisdiction ( if different than 18 ) , to obtain an account . ",Compliant Term,CLAUDETTE Benchmark (Unfair TOS),Low-risk,mteb/UnfairTOSLegalBenchClassification,https://huggingface.co/datasets/mteb/UnfairTOSLegalBenchClassification,Pretraining benchmark dataset,False
L1_1963,1,General Terms of Service,your purchase may be subject to foreign exchange fees or differences in prices based on location ( e.g. exchange rates ) . ,Compliant Term,CLAUDETTE Benchmark (Unfair TOS),Low-risk,mteb/UnfairTOSLegalBenchClassification,https://huggingface.co/datasets/mteb/UnfairTOSLegalBenchClassification,Pretraining benchmark dataset,False
L1_241,1,General Terms of Service,"we may update or revise these warnings and instructions , so please review them periodically . ",Compliant Term,CLAUDETTE Benchmark (Unfair TOS),Low-risk,mteb/UnfairTOSLegalBenchClassification,https://huggingface.co/datasets/mteb/UnfairTOSLegalBenchClassification,Pretraining benchmark dataset,False
L1_653,1,General Terms of Service,free trial eligibility is determined by netflix at its sole discretion and we may limit eligibility to prevent free trial abuse . ,Compliant Term,CLAUDETTE Benchmark (Unfair TOS),Low-risk,mteb/UnfairTOSLegalBenchClassification,https://huggingface.co/datasets/mteb/UnfairTOSLegalBenchClassification,Pretraining benchmark dataset,False
L1_1234,1,General Terms of Service,the netflix service and any content viewed through the service are for your personal and non-commercial use only . ,Compliant Term,CLAUDETTE Benchmark (Unfair TOS),Low-risk,mteb/UnfairTOSLegalBenchClassification,https://huggingface.co/datasets/mteb/UnfairTOSLegalBenchClassification,Pretraining benchmark dataset,False
L1_1472,1,General Terms of Service,"if we choose to conduct identity verification or background checks on any member , to the extent permitted by applicable law , we disclaim warranties of any kind , either express or implied , that such checks will identify prior misconduct by a member or guarantee that a member will not engage in misconduct in the future . ",Compliant Term,CLAUDETTE Benchmark (Unfair TOS),Low-risk,mteb/UnfairTOSLegalBenchClassification,https://huggingface.co/datasets/mteb/UnfairTOSLegalBenchClassification,Pretraining benchmark dataset,False
L1_917,1,General Terms of Service,we may calculate taxes payable by you based on the billing information that you provide us at the time of purchase . ,Compliant Term,CLAUDETTE Benchmark (Unfair TOS),Low-risk,mteb/UnfairTOSLegalBenchClassification,https://huggingface.co/datasets/mteb/UnfairTOSLegalBenchClassification,Pretraining benchmark dataset,False
L3_96,3,Loan App / Fintech,"App prominently displays the name, email, phone number, and postal address of the designated Nodal Grievance Redressal Officer.",Compliant grievance redressal,RBI Digital Lending Directions,Low-risk,RakshakAI Synthetic Generator (Layer 3),internal://synthetic_layer3,Synthetic clause generated for RBI Digital Lending Guidelines 2022,False
L1_1998,1,General Terms of Service,"( b ) in the course of your use of the products , you may be asked to provide certain personalized information to us ( such information is referred to hereinafter as `` user information '' ) . ",Compliant Term,CLAUDETTE Benchmark (Unfair TOS),Low-risk,mteb/UnfairTOSLegalBenchClassification,https://huggingface.co/datasets/mteb/UnfairTOSLegalBenchClassification,Pretraining benchmark dataset,False
L1_1205,1,General Terms of Service,"by entering into these terms of service , you hereby provide your irrevocable consent to such monitoring and recording . ",Compliant Term,CLAUDETTE Benchmark (Unfair TOS),Low-risk,mteb/UnfairTOSLegalBenchClassification,https://huggingface.co/datasets/mteb/UnfairTOSLegalBenchClassification,Pretraining benchmark dataset,False
L1_680,1,General Terms of Service,"as part of your use of the fitbit service , you may receive notifications , text messages , alerts , emails , and other electronic communications . ",Compliant Term,CLAUDETTE Benchmark (Unfair TOS),Low-risk,mteb/UnfairTOSLegalBenchClassification,https://huggingface.co/datasets/mteb/UnfairTOSLegalBenchClassification,Pretraining benchmark dataset,False
L1_1672,1,General Terms of Service,"before filing a claim against fitbit , you agree to try to resolve the dispute informally by contacting support@fitbit.com . ",Compliant Term,CLAUDETTE Benchmark (Unfair TOS),Low-risk,mteb/UnfairTOSLegalBenchClassification,https://huggingface.co/datasets/mteb/UnfairTOSLegalBenchClassification,Pretraining benchmark dataset,False
L1_1728,1,General Terms of Service,notice will be deemed received and properly served immediately when posted on the products or when an e-mail or other electronic communication is sent . ,Compliant Term,CLAUDETTE Benchmark (Unfair TOS),Low-risk,mteb/UnfairTOSLegalBenchClassification,https://huggingface.co/datasets/mteb/UnfairTOSLegalBenchClassification,Pretraining benchmark dataset,False
L1_393,1,General Terms of Service,"remove any copyright , trademark or other proprietary rights notices contained in or on our service ; ",Compliant Term,CLAUDETTE Benchmark (Unfair TOS),Low-risk,mteb/UnfairTOSLegalBenchClassification,https://huggingface.co/datasets/mteb/UnfairTOSLegalBenchClassification,Pretraining benchmark dataset,False
L1_2010,1,General Terms of Service,how does evernote respond to copyright or other intellectual property violations ? ,Compliant Term,CLAUDETTE Benchmark (Unfair TOS),Low-risk,mteb/UnfairTOSLegalBenchClassification,https://huggingface.co/datasets/mteb/UnfairTOSLegalBenchClassification,Pretraining benchmark dataset,False
L1_471,1,General Terms of Service,you must comply with applicable third party terms of agreement when using any app . ,Compliant Term,CLAUDETTE Benchmark (Unfair TOS),Low-risk,mteb/UnfairTOSLegalBenchClassification,https://huggingface.co/datasets/mteb/UnfairTOSLegalBenchClassification,Pretraining benchmark dataset,False
L1_104,1,General Terms of Service,you will be responsible for all subscription fees incurred for the then current subscription period . ,Compliant Term,CLAUDETTE Benchmark (Unfair TOS),Low-risk,mteb/UnfairTOSLegalBenchClassification,https://huggingface.co/datasets/mteb/UnfairTOSLegalBenchClassification,Pretraining benchmark dataset,False
L1_618,1,General Terms of Service,"if no product policy is provided with certain software , such software is subject to the license terms set forth in this section . ",Compliant Term,CLAUDETTE Benchmark (Unfair TOS),Low-risk,mteb/UnfairTOSLegalBenchClassification,https://huggingface.co/datasets/mteb/UnfairTOSLegalBenchClassification,Pretraining benchmark dataset,False
L3_59,3,Loan App / Fintech,All loan disbursements and repayments are executed directly between the borrower's bank account and the regulated lender's bank account. Subject to regulatory audit.,Compliant direct fund transfer,RBI Digital Lending Directions,Low-risk,RakshakAI Synthetic Generator (Layer 3),internal://synthetic_layer3,Synthetic clause generated for RBI Digital Lending Guidelines 2022,False
L1_1473,1,General Terms of Service,"the headings and subheadings are for your convenience only -- you are responsible for reviewing all sections , defined terms and related links in their entirety to ensure you fully understand this agreement . ",Compliant Term,CLAUDETTE Benchmark (Unfair TOS),Low-risk,mteb/UnfairTOSLegalBenchClassification,https://huggingface.co/datasets/mteb/UnfairTOSLegalBenchClassification,Pretraining benchmark dataset,False
L1_1148,1,General Terms of Service,your use of the service is at your own risk . ,Compliant Term,CLAUDETTE Benchmark (Unfair TOS),Low-risk,mteb/UnfairTOSLegalBenchClassification,https://huggingface.co/datasets/mteb/UnfairTOSLegalBenchClassification,Pretraining benchmark dataset,False
L1_321,1,General Terms of Service,ncl grants to you a personal licence to use the nintendo intellectual property as far as this is necessary to use your nintendo account in compliance with the terms of this agreement . ,Compliant Term,CLAUDETTE Benchmark (Unfair TOS),Low-risk,mteb/UnfairTOSLegalBenchClassification,https://huggingface.co/datasets/mteb/UnfairTOSLegalBenchClassification,Pretraining benchmark dataset,False
L2_81,2,Loan App / Fintech,RBI directed BNPL provider Simpl (One Sigma Technologies) to immediately halt all payment-related operations in Sept 2025 for operating a payment system without the mandatory Certificate of Authorisation under the PSS Act.,Unauthorized payment system operation,Payment and Settlement Systems Act 2007,High-risk,"Upstox News, corroborated by CAalley",https://upstox.com/news/business-news/financial-regulations/rbi-directs-bnpl-startup-simpl-to-suspend-payment-operations-report/article-182056/,Report cites Economic Times as original source; treat as developing story,False
L1_485,1,General Terms of Service,"for information about our data practices , please see our privacy policy , including our cookie use statement . ",Compliant Term,CLAUDETTE Benchmark (Unfair TOS),Low-risk,mteb/UnfairTOSLegalBenchClassification,https://huggingface.co/datasets/mteb/UnfairTOSLegalBenchClassification,Pretraining benchmark dataset,False
L1_158,1,General Terms of Service,"11.1 subject to the terms of this license agreement ( `` license agreement '' ) , as set out in this section 11 , and these other terms , and your payment of applicable subscription fees , headspace grants you a limited , non-exclusive , revocable license to stream , download and make personal non-commercial use of the products . ",Compliant Term,CLAUDETTE Benchmark (Unfair TOS),Low-risk,mteb/UnfairTOSLegalBenchClassification,https://huggingface.co/datasets/mteb/UnfairTOSLegalBenchClassification,Pretraining benchmark dataset,False
L3_10,3,Loan App / Fintech,"Prior to onboarding, the platform presents a clear, itemised notice detailing exact personal data requested and specific processing purposes. Enforced in all operating regions.",Compliant data notice,DPDP Act 2023,Low-risk,RakshakAI Synthetic Generator (Layer 3),internal://synthetic_layer3,Synthetic clause generated for DPDP Act 2023 §5 (Notice),False
L1_468,1,General Terms of Service,"if you allow a third party app or site to authenticate you or connect with your linkedin account , that app or site can access information on linkedin related to you and your connections . ",Compliant Term,CLAUDETTE Benchmark (Unfair TOS),Low-risk,mteb/UnfairTOSLegalBenchClassification,https://huggingface.co/datasets/mteb/UnfairTOSLegalBenchClassification,Pretraining benchmark dataset,False
L2_59,2,Gig Contract,"Jharkhand's Platform Based Gig Workers (Registration and Welfare) Act, 2025 mandates minimum wages tied to nature/duration of work, health insurance and welfare benefits, and fines aggregators up to Rs 10 lakh for non-compliance — implying no minimum-wage or insurance floor existed for the state's gig workers before this law.",Absence of minimum wage / insurance floor (pre-Act baseline),Jharkhand Platform Based Gig Workers (Registration and Welfare) Act 2025,High-risk,GKToday / MediaNama (industry objections to the bill),https://www.medianama.com/2025/09/223-iamai-provisions-jharkhand-gig-workers-bill/,MediaNama piece also documents IAMAI's objection to a proposed 1-2% gross-revenue levy and lack of platform representation on the welfare board.,False
L1_124,1,General Terms of Service,"if you believe that your copyright has been infringed , please send us a notice as set forth in our copyright and dmca policy , which is incorporated into this agreement . ",Compliant Term,CLAUDETTE Benchmark (Unfair TOS),Low-risk,mteb/UnfairTOSLegalBenchClassification,https://huggingface.co/datasets/mteb/UnfairTOSLegalBenchClassification,Pretraining benchmark dataset,False
L2_88,2,Loan App / Fintech,"A Dvara Research volunteer's ZestMoney credit line was unilaterally cancelled without any notification; she only discovered it when a second purchase failed, and was then asked to immediately repay the full outstanding amount.",Unilateral cancellation without intimation,RBI Fair Practices Code,High-risk,"Dvara Research, 'The Costs of Using BNPL Products' (Box A case study)",https://dvararesearch.com/wp-content/uploads/2023/12/The-Costs-of-using-Buy-Now-Pay-Later-BNPL-products.pdf,"Documented first-hand case study within the report, not a hypothetical",False
L1_400,1,General Terms of Service,"minors may only participate in an experience , event or other host service if accompanied by an adult who is responsible for them . ",Compliant Term,CLAUDETTE Benchmark (Unfair TOS),Low-risk,mteb/UnfairTOSLegalBenchClassification,https://huggingface.co/datasets/mteb/UnfairTOSLegalBenchClassification,Pretraining benchmark dataset,False
L1_1785,1,General Terms of Service,"our services allow messaging and sharing of information in many ways , such as your profile , slide deck , links to news articles , job postings , inmails and blogs . ",Compliant Term,CLAUDETTE Benchmark (Unfair TOS),Low-risk,mteb/UnfairTOSLegalBenchClassification,https://huggingface.co/datasets/mteb/UnfairTOSLegalBenchClassification,Pretraining benchmark dataset,False
L1_781,1,General Terms of Service,"subject to the foregoing , these terms will bind and inure to the benefit of the parties , their successors and permitted assigns . ",Compliant Term,CLAUDETTE Benchmark (Unfair TOS),Low-risk,mteb/UnfairTOSLegalBenchClassification,https://huggingface.co/datasets/mteb/UnfairTOSLegalBenchClassification,Pretraining benchmark dataset,False
L1_732,1,General Terms of Service,"you can use nintendo shopping services to acquire digital products from noe , free of charge or against payment , as well as to download and use digital products on your user device and/or via nintendo account services . ",Compliant Term,CLAUDETTE Benchmark (Unfair TOS),Low-risk,mteb/UnfairTOSLegalBenchClassification,https://huggingface.co/datasets/mteb/UnfairTOSLegalBenchClassification,Pretraining benchmark dataset,False
L1_983,1,General Terms of Service,the arbitrator will render an award within the time frame specified in the aaa rules . ,Compliant Term,CLAUDETTE Benchmark (Unfair TOS),Low-risk,mteb/UnfairTOSLegalBenchClassification,https://huggingface.co/datasets/mteb/UnfairTOSLegalBenchClassification,Pretraining benchmark dataset,False
L1_12,1,General Terms of Service,"if that happens , the separate agreement shall take precedence if there is a conflict between those terms and this terms of service document , to the extent of such conflict and with respect to the particular subject matter of that separate agreement . ",Compliant Term,CLAUDETTE Benchmark (Unfair TOS),Low-risk,mteb/UnfairTOSLegalBenchClassification,https://huggingface.co/datasets/mteb/UnfairTOSLegalBenchClassification,Pretraining benchmark dataset,False
L1_112,1,General Terms of Service,2.4 you grant certain content licenses to other users by submitting your content to publicly accessible areas of the service . ,Compliant Term,CLAUDETTE Benchmark (Unfair TOS),Low-risk,mteb/UnfairTOSLegalBenchClassification,https://huggingface.co/datasets/mteb/UnfairTOSLegalBenchClassification,Pretraining benchmark dataset,False
L1_1051,1,General Terms of Service,the risk of loss of physical goods that you purchase and the responsibility to insure the goods passes to you upon delivery of the goods to you . ,Compliant Term,CLAUDETTE Benchmark (Unfair TOS),Low-risk,mteb/UnfairTOSLegalBenchClassification,https://huggingface.co/datasets/mteb/UnfairTOSLegalBenchClassification,Pretraining benchmark dataset,False
L1_1349,1,General Terms of Service,you agree to indemnify headspace and its affiliates for all claims arising from or in connection with any claims to any rights in your user material or any damages arising from your user material . ,Compliant Term,CLAUDETTE Benchmark (Unfair TOS),Low-risk,mteb/UnfairTOSLegalBenchClassification,https://huggingface.co/datasets/mteb/UnfairTOSLegalBenchClassification,Pretraining benchmark dataset,False
L1_899,1,General Terms of Service,"you further acknowledge that , by acceptance of your submission , crowdtangle does not waive any rights to use similar or related ideas previously known to crowdtangle , or developed by its employees , or obtained from sources other than you . ",Compliant Term,CLAUDETTE Benchmark (Unfair TOS),Low-risk,mteb/UnfairTOSLegalBenchClassification,https://huggingface.co/datasets/mteb/UnfairTOSLegalBenchClassification,Pretraining benchmark dataset,False
L1_232,1,General Terms of Service,"you agree that any claim or dispute you may have against supercell must be resolved exclusively by a court located in helsinki , finland . ",Compliant Term,CLAUDETTE Benchmark (Unfair TOS),Low-risk,mteb/UnfairTOSLegalBenchClassification,https://huggingface.co/datasets/mteb/UnfairTOSLegalBenchClassification,Pretraining benchmark dataset,False
L1_830,1,General Terms of Service,"by rejecting any change , you are agreeing that you will arbitrate any dispute between you and airbnb in accordance with the provisions of the `` dispute resolution and arbitration agreement '' section as of the date you last accepted these terms ( or accepted any subsequent changes to these terms ) . ",Compliant Term,CLAUDETTE Benchmark (Unfair TOS),Low-risk,mteb/UnfairTOSLegalBenchClassification,https://huggingface.co/datasets/mteb/UnfairTOSLegalBenchClassification,Pretraining benchmark dataset,False
L1_973,1,General Terms of Service,"you are responsible for your own acts and omissions and are also responsible for the acts and omissions of any individuals whom you invite to , or otherwise provide access to , the accommodation , excluding the host ( and the individuals the host invites to the accommodation , if applicable ) . ",Compliant Term,CLAUDETTE Benchmark (Unfair TOS),Low-risk,mteb/UnfairTOSLegalBenchClassification,https://huggingface.co/datasets/mteb/UnfairTOSLegalBenchClassification,Pretraining benchmark dataset,False
L1_842,1,General Terms of Service,"in no event will duolingo be responsible for the actions or inactions of any third party payment processor , including , but not limited to , system downtime or payment service outages . ",Compliant Term,CLAUDETTE Benchmark (Unfair TOS),Low-risk,mteb/UnfairTOSLegalBenchClassification,https://huggingface.co/datasets/mteb/UnfairTOSLegalBenchClassification,Pretraining benchmark dataset,False
L1_49,1,General Terms of Service,we will inform you about your right to terminate the agreement in the notification email . ,Compliant Term,CLAUDETTE Benchmark (Unfair TOS),Low-risk,mteb/UnfairTOSLegalBenchClassification,https://huggingface.co/datasets/mteb/UnfairTOSLegalBenchClassification,Pretraining benchmark dataset,False
L1_1084,1,General Terms of Service,"all videos you submit must also comply with the vimeo guidelines , which are incorporated into this agreement . ",Compliant Term,CLAUDETTE Benchmark (Unfair TOS),Low-risk,mteb/UnfairTOSLegalBenchClassification,https://huggingface.co/datasets/mteb/UnfairTOSLegalBenchClassification,Pretraining benchmark dataset,False
L1_1614,1,General Terms of Service,"we are not obligated to monitor access or use of the fitbit service , fitbit content , or your content or to review or edit any fitbit content or your content , but we have the right to do so for the purpose of operating the fitbit service , to ensure compliance with these terms , and to comply with applicable law or other legal requirements . ",Compliant Term,CLAUDETTE Benchmark (Unfair TOS),Low-risk,mteb/UnfairTOSLegalBenchClassification,https://huggingface.co/datasets/mteb/UnfairTOSLegalBenchClassification,Pretraining benchmark dataset,False
L1_2031,1,General Terms of Service,• violate any applicable law or regulation ; or ,Compliant Term,CLAUDETTE Benchmark (Unfair TOS),Low-risk,mteb/UnfairTOSLegalBenchClassification,https://huggingface.co/datasets/mteb/UnfairTOSLegalBenchClassification,Pretraining benchmark dataset,False
L1_326,1,General Terms of Service,the arbitrator 's award damages must be consistent with the terms of the `` limitation of liability '' section above as to the types and the amounts of damages for which a party may be held liable . ,Compliant Term,CLAUDETTE Benchmark (Unfair TOS),Low-risk,mteb/UnfairTOSLegalBenchClassification,https://huggingface.co/datasets/mteb/UnfairTOSLegalBenchClassification,Pretraining benchmark dataset,False
L1_2012,1,General Terms of Service,"to learn more about these permissions , click here . ",Compliant Term,CLAUDETTE Benchmark (Unfair TOS),Low-risk,mteb/UnfairTOSLegalBenchClassification,https://huggingface.co/datasets/mteb/UnfairTOSLegalBenchClassification,Pretraining benchmark dataset,False
L1_1743,1,General Terms of Service,you may not assign or transfer this contract ( or your membership or use of services ) to anyone without our consent . ,Compliant Term,CLAUDETTE Benchmark (Unfair TOS),Low-risk,mteb/UnfairTOSLegalBenchClassification,https://huggingface.co/datasets/mteb/UnfairTOSLegalBenchClassification,Pretraining benchmark dataset,False
L1_1374,1,General Terms of Service,ncl is not obligated to store any user-generated content . ,Compliant Term,CLAUDETTE Benchmark (Unfair TOS),Low-risk,mteb/UnfairTOSLegalBenchClassification,https://huggingface.co/datasets/mteb/UnfairTOSLegalBenchClassification,Pretraining benchmark dataset,False
L1_196,1,General Terms of Service,"1.5 to promote the airbnb platform and to increase the exposure of listings to potential guests , listings and other member content may be displayed on other websites , in applications , within emails , and in online and offline advertisements . ",Compliant Term,CLAUDETTE Benchmark (Unfair TOS),Low-risk,mteb/UnfairTOSLegalBenchClassification,https://huggingface.co/datasets/mteb/UnfairTOSLegalBenchClassification,Pretraining benchmark dataset,False
L2_19,2,Gig Contract,"Driver's platform access is automatically suspended after declining three ride requests in succession, restricting a worker's practical ability to decline undesirable jobs.",Punitive automation without human review,"Labour classification doctrine; Karnataka Platform Workers Act 2025 (right-to-refuse principle, by contrast)",High-risk,IndiaCorpLaw analysis of Uber driver terms,https://indiacorplaw.in/2018/08/12/uber-ola-drivers-workmen-industrial-disputes-act-1947/,,False
L1_1515,1,General Terms of Service,"unless otherwise permitted by uber in writing , you may only possess one account . ",Compliant Term,CLAUDETTE Benchmark (Unfair TOS),Low-risk,mteb/UnfairTOSLegalBenchClassification,https://huggingface.co/datasets/mteb/UnfairTOSLegalBenchClassification,Pretraining benchmark dataset,False
L1_709,1,General Terms of Service,"in no event shall the liability of linkedin and its affiliates ( and those that linkedin works with to provide the services ) exceed , in the aggregate for all claims , an amount that is the lesser of ( a ) five times the most recent monthly or yearly fee that you paid for a premium service , if any , or ( b ) us $ 1000 . ",Compliant Term,CLAUDETTE Benchmark (Unfair TOS),Low-risk,mteb/UnfairTOSLegalBenchClassification,https://huggingface.co/datasets/mteb/UnfairTOSLegalBenchClassification,Pretraining benchmark dataset,False
L1_1566,1,General Terms of Service,`` payment service provider '' means a third party payment service provider as contracted by linden lab in its sole discretion . ,Compliant Term,CLAUDETTE Benchmark (Unfair TOS),Low-risk,mteb/UnfairTOSLegalBenchClassification,https://huggingface.co/datasets/mteb/UnfairTOSLegalBenchClassification,Pretraining benchmark dataset,False
L1_1578,1,General Terms of Service,"in advance of a new service launch , it may be possible to place pre-orders . ",Compliant Term,CLAUDETTE Benchmark (Unfair TOS),Low-risk,mteb/UnfairTOSLegalBenchClassification,https://huggingface.co/datasets/mteb/UnfairTOSLegalBenchClassification,Pretraining benchmark dataset,False
L1_61,1,General Terms of Service,"you acknowledge and agree that academia.edu is not responsible or liable for : ( i ) the availability or accuracy of such websites or resources ; or ( ii ) the content , products , or services on or available from such websites or resources . ",Compliant Term,CLAUDETTE Benchmark (Unfair TOS),Low-risk,mteb/UnfairTOSLegalBenchClassification,https://huggingface.co/datasets/mteb/UnfairTOSLegalBenchClassification,Pretraining benchmark dataset,False
L4_26,4,Loan App / Fintech,Notice: Financial records are shared across partner banking infrastructure to streamline multi-institutional credit fulfillment. (Refer to clause 14.2),Unconsented co-lending data transfer,DPDP Act 2023,High-risk,RakshakAI Adversarial Rewriter (Layer 4),internal://adversarial_layer4,Disguised phrasing rewrite requiring human review,True
L1_1222,1,General Terms of Service,"the `` twitter entities '' refers to twitter , its parents , affiliates , related companies , officers , directors , employees , agents , representatives , partners , and licensors . ",Compliant Term,CLAUDETTE Benchmark (Unfair TOS),Low-risk,mteb/UnfairTOSLegalBenchClassification,https://huggingface.co/datasets/mteb/UnfairTOSLegalBenchClassification,Pretraining benchmark dataset,False
L1_1709,1,General Terms of Service,"after you have received services or goods obtained through the service , you will have the opportunity to rate your experience and leave additional feedback about your third party provider . ",Compliant Term,CLAUDETTE Benchmark (Unfair TOS),Low-risk,mteb/UnfairTOSLegalBenchClassification,https://huggingface.co/datasets/mteb/UnfairTOSLegalBenchClassification,Pretraining benchmark dataset,False
L1_633,1,General Terms of Service,"you acknowledge and agree that the site , services and collective content , including all associated intellectual property rights , are the exclusive property of academia.edu and its licensors . ",Compliant Term,CLAUDETTE Benchmark (Unfair TOS),Low-risk,mteb/UnfairTOSLegalBenchClassification,https://huggingface.co/datasets/mteb/UnfairTOSLegalBenchClassification,Pretraining benchmark dataset,False
L1_1882,1,General Terms of Service,"to be clear , and without limiting the foregoing , you may not use , reproduce , distribute , prepare derivative works of , display or perform any linden content , whether modified by you or not , outside the virtual environment of the service except as provided in an applicable product policy or as expressly agreed upon in a written agreement with linden lab . ",Compliant Term,CLAUDETTE Benchmark (Unfair TOS),Low-risk,mteb/UnfairTOSLegalBenchClassification,https://huggingface.co/datasets/mteb/UnfairTOSLegalBenchClassification,Pretraining benchmark dataset,False
L1_639,1,General Terms of Service,"you may not use a false e-mail address , impersonate any person or entity , or otherwise mislead as to the origin of a card or other content . ",Compliant Term,CLAUDETTE Benchmark (Unfair TOS),Low-risk,mteb/UnfairTOSLegalBenchClassification,https://huggingface.co/datasets/mteb/UnfairTOSLegalBenchClassification,Pretraining benchmark dataset,False
L3_115,3,Gig Contract,Algorithmic penalties for late delivery may exceed 50% of daily earnings at sole platform discretion. Enforced in all operating regions.,Uncapped algorithmic wage penalty,Fair Conditions / Code on Wages,High-risk,RakshakAI Synthetic Generator (Layer 3),internal://synthetic_layer3,Synthetic clause generated for Gig Worker Legislation,False
L1_239,1,General Terms of Service,19.11 no class actions or representative proceedings . ,Compliant Term,CLAUDETTE Benchmark (Unfair TOS),Low-risk,mteb/UnfairTOSLegalBenchClassification,https://huggingface.co/datasets/mteb/UnfairTOSLegalBenchClassification,Pretraining benchmark dataset,False
L1_108,1,General Terms of Service,"upon any such suspension , deactivation , or termination , we may delete or remove your content and other information related to your account . ",Compliant Term,CLAUDETTE Benchmark (Unfair TOS),Low-risk,mteb/UnfairTOSLegalBenchClassification,https://huggingface.co/datasets/mteb/UnfairTOSLegalBenchClassification,Pretraining benchmark dataset,False
L1_484,1,General Terms of Service,vimeo reserves the right to modify the vimeo service . ,Compliant Term,CLAUDETTE Benchmark (Unfair TOS),Low-risk,mteb/UnfairTOSLegalBenchClassification,https://huggingface.co/datasets/mteb/UnfairTOSLegalBenchClassification,Pretraining benchmark dataset,False
L3_106,3,Gig Contract,Platform provides a minimum 14 days written notice specifying objective grounds and an appeal process prior to account deactivation.,Compliant deactivation notice,Karnataka/Rajasthan Gig Worker Acts,Low-risk,RakshakAI Synthetic Generator (Layer 3),internal://synthetic_layer3,Synthetic clause generated for Gig Worker Legislation,False
L1_1721,1,General Terms of Service,"to the extent that any translated version of this agreement conflicts with the us english version , the us english version prevails . ",Compliant Term,CLAUDETTE Benchmark (Unfair TOS),Low-risk,mteb/UnfairTOSLegalBenchClassification,https://huggingface.co/datasets/mteb/UnfairTOSLegalBenchClassification,Pretraining benchmark dataset,False
L1_1347,1,General Terms of Service,• collect information about others ; or ,Compliant Term,CLAUDETTE Benchmark (Unfair TOS),Low-risk,mteb/UnfairTOSLegalBenchClassification,https://huggingface.co/datasets/mteb/UnfairTOSLegalBenchClassification,Pretraining benchmark dataset,False
L1_976,1,General Terms of Service,please read the following section carefully because it requires you to arbitrate certain disputes and claims with us and limits the manner in which you can seek relief from us . ,Compliant Term,CLAUDETTE Benchmark (Unfair TOS),Low-risk,mteb/UnfairTOSLegalBenchClassification,https://huggingface.co/datasets/mteb/UnfairTOSLegalBenchClassification,Pretraining benchmark dataset,False
L1_5,1,General Terms of Service,"we encourage you to give the privacy policy a careful look because , by using our services , you agree that your information may be collected and processed by snap group limited in the uk and snap inc. in the u.s. , as well as their affiliates , and transferred outside of the country in which you reside , including to countries that may not have the same data-protection laws as your country . ",Unfair Contract Terms,CLAUDETTE Benchmark (Unfair TOS),High-risk,mteb/UnfairTOSLegalBenchClassification,https://huggingface.co/datasets/mteb/UnfairTOSLegalBenchClassification,Pretraining benchmark dataset,False
L1_1141,1,General Terms of Service,"the following related policies are incorporated by reference in and made part of this agreement , and provide additional terms , conditions and guidelines regarding the service . ",Compliant Term,CLAUDETTE Benchmark (Unfair TOS),Low-risk,mteb/UnfairTOSLegalBenchClassification,https://huggingface.co/datasets/mteb/UnfairTOSLegalBenchClassification,Pretraining benchmark dataset,False
L1_1335,1,General Terms of Service,"by using the service , you represent and warrant that you are not located in any such country or on any such list , and shall not use the service , or provide access to or use of the service to anyone , in any such country . ",Compliant Term,CLAUDETTE Benchmark (Unfair TOS),Low-risk,mteb/UnfairTOSLegalBenchClassification,https://huggingface.co/datasets/mteb/UnfairTOSLegalBenchClassification,Pretraining benchmark dataset,False
L1_73,1,General Terms of Service,"with respect to items sold by amazon , we can not confirm the price of an item until you order . ",Compliant Term,CLAUDETTE Benchmark (Unfair TOS),Low-risk,mteb/UnfairTOSLegalBenchClassification,https://huggingface.co/datasets/mteb/UnfairTOSLegalBenchClassification,Pretraining benchmark dataset,False
L1_1437,1,General Terms of Service,"2.6 if you access or download the application from the apple app store , you agree to apple 's licensed application end user license agreement . ",Compliant Term,CLAUDETTE Benchmark (Unfair TOS),Low-risk,mteb/UnfairTOSLegalBenchClassification,https://huggingface.co/datasets/mteb/UnfairTOSLegalBenchClassification,Pretraining benchmark dataset,False
L1_1449,1,General Terms of Service,"headspace , inc. is located at 2415 michigan avenue , santa monica , ca 90404 . ",Compliant Term,CLAUDETTE Benchmark (Unfair TOS),Low-risk,mteb/UnfairTOSLegalBenchClassification,https://huggingface.co/datasets/mteb/UnfairTOSLegalBenchClassification,Pretraining benchmark dataset,False
L1_841,1,General Terms of Service,"you are responsible for obtaining and maintaining , at your sole cost , all internet devices and other equipment and software , and services necessary for you to access and use the service . ",Compliant Term,CLAUDETTE Benchmark (Unfair TOS),Low-risk,mteb/UnfairTOSLegalBenchClassification,https://huggingface.co/datasets/mteb/UnfairTOSLegalBenchClassification,Pretraining benchmark dataset,False
L1_586,1,General Terms of Service,"additionally , we may , in appropriate circumstances and at our sole discretion , suspend or terminate accounts of users who may be repeat infringers of third party intellectual property rights . ",Compliant Term,CLAUDETTE Benchmark (Unfair TOS),Low-risk,mteb/UnfairTOSLegalBenchClassification,https://huggingface.co/datasets/mteb/UnfairTOSLegalBenchClassification,Pretraining benchmark dataset,False
L1_1257,1,General Terms of Service,"the services are provided `` as is '' and `` as available '' and to the extent permitted by law without warranties of any kind , either express or implied , including , but not limited to , implied warranties , conditions , or other terms relating to merchantability , satisfactory quality , fitness for a particular purpose , title , quiet enjoyment , non-infringement , or arising from a course of dealing . ",Compliant Term,CLAUDETTE Benchmark (Unfair TOS),Low-risk,mteb/UnfairTOSLegalBenchClassification,https://huggingface.co/datasets/mteb/UnfairTOSLegalBenchClassification,Pretraining benchmark dataset,False
L1_1086,1,General Terms of Service,"if you believe that anything on or available through the services infringes upon any copyright which you own or control , you may file a notification of such infringement with our designated agent as set forth below : ",Compliant Term,CLAUDETTE Benchmark (Unfair TOS),Low-risk,mteb/UnfairTOSLegalBenchClassification,https://huggingface.co/datasets/mteb/UnfairTOSLegalBenchClassification,Pretraining benchmark dataset,False
L2_86,2,Loan App / Fintech,"LazyPay was the only one of ten BNPL providers studied whose T&Cs contained no grievance redressal section at all (no email, phone, or nodal officer contact for complaints).",No grievance redressal mechanism,RBI Fair Practices Code,Medium-risk,"Dvara Research, 'The Costs of Using BNPL Products'",https://dvararesearch.com/wp-content/uploads/2023/12/The-Costs-of-using-Buy-Now-Pay-Later-BNPL-products.pdf,Verify LazyPay's current T&Cs -- this may have changed since 2022,False
L1_1093,1,General Terms of Service,16.3 the parties acknowledge that apple bears no responsibility for any claims that the use of the digital product infringes the intellectual property rights of third parties . ,Compliant Term,CLAUDETTE Benchmark (Unfair TOS),Low-risk,mteb/UnfairTOSLegalBenchClassification,https://huggingface.co/datasets/mteb/UnfairTOSLegalBenchClassification,Pretraining benchmark dataset,False
L1_425,1,General Terms of Service,"all subpoenas must be properly served on amazon.com , preferably by mailing the subpoena to corporation service company ( csc ) , amazon 's national registered agent . ",Compliant Term,CLAUDETTE Benchmark (Unfair TOS),Low-risk,mteb/UnfairTOSLegalBenchClassification,https://huggingface.co/datasets/mteb/UnfairTOSLegalBenchClassification,Pretraining benchmark dataset,False
L1_1546,1,General Terms of Service,we will also update the `` last updated date '' at the top of these terms . ,Compliant Term,CLAUDETTE Benchmark (Unfair TOS),Low-risk,mteb/UnfairTOSLegalBenchClassification,https://huggingface.co/datasets/mteb/UnfairTOSLegalBenchClassification,Pretraining benchmark dataset,False
L1_499,1,General Terms of Service,"games , applications , software , services , portals , data and other content offered via the nintendo account service may differ from country to country . ",Compliant Term,CLAUDETTE Benchmark (Unfair TOS),Low-risk,mteb/UnfairTOSLegalBenchClassification,https://huggingface.co/datasets/mteb/UnfairTOSLegalBenchClassification,Pretraining benchmark dataset,False
L1_582,1,General Terms of Service,• that the vimeo service will meet your business or professional needs ; ,Compliant Term,CLAUDETTE Benchmark (Unfair TOS),Low-risk,mteb/UnfairTOSLegalBenchClassification,https://huggingface.co/datasets/mteb/UnfairTOSLegalBenchClassification,Pretraining benchmark dataset,False
L1_1443,1,General Terms of Service,"parties other than amazon operate stores , provide services or software , or sell product lines through the amazon services . ",Compliant Term,CLAUDETTE Benchmark (Unfair TOS),Low-risk,mteb/UnfairTOSLegalBenchClassification,https://huggingface.co/datasets/mteb/UnfairTOSLegalBenchClassification,Pretraining benchmark dataset,False
L1_588,1,General Terms of Service,"in some cases your payment date may change , for example if your payment method has not successfully settled or if your paid membership began on a day not contained in a given month . ",Compliant Term,CLAUDETTE Benchmark (Unfair TOS),Low-risk,mteb/UnfairTOSLegalBenchClassification,https://huggingface.co/datasets/mteb/UnfairTOSLegalBenchClassification,Pretraining benchmark dataset,False
L1_187,1,General Terms of Service,"no service content may be modified , copied , distributed , framed , reproduced , republished , downloaded , scraped , displayed , posted , transmitted , or sold in any form or by any means , in whole or in part , other than as expressly permitted in these terms and conditions . ",Compliant Term,CLAUDETTE Benchmark (Unfair TOS),Low-risk,mteb/UnfairTOSLegalBenchClassification,https://huggingface.co/datasets/mteb/UnfairTOSLegalBenchClassification,Pretraining benchmark dataset,False
L1_50,1,General Terms of Service,5.4 we may terminate your accounts upon a general suspension or discontinuation of the service . ,Compliant Term,CLAUDETTE Benchmark (Unfair TOS),Low-risk,mteb/UnfairTOSLegalBenchClassification,https://huggingface.co/datasets/mteb/UnfairTOSLegalBenchClassification,Pretraining benchmark dataset,False
L1_1082,1,General Terms of Service,"duolingo may terminate your access and use of the service immediately at any time , for any reason , and at such time you will have no further right to use the service . ",Compliant Term,CLAUDETTE Benchmark (Unfair TOS),Low-risk,mteb/UnfairTOSLegalBenchClassification,https://huggingface.co/datasets/mteb/UnfairTOSLegalBenchClassification,Pretraining benchmark dataset,False
L2_46,2,Gig Contract,"Workers under ultra-fast (10-15 minute) delivery models reported that their performance ratings are reduced for late deliveries even when the delay is caused by external factors such as traffic signals, weather, or unsafe road conditions.",Penalty applied for factors outside worker's control,Fair Conditions / Fair Management principles (Fairwork),High-risk,"Goodreturns, covering nationwide gig worker strike, December 2025",https://www.goodreturns.in/news/zomato-swiggy-blinkit-zepto-amazon-other-platforms-delivery-workers-strike-today-on-31stdecember-new-1478918.html,This grievance was cited as a direct factor in a subsequent government-brokered agreement to drop the 10-minute delivery deadline (Jan 2026).,False
L1_159,1,General Terms of Service,you may end your legal agreement with twitter at any time by deactivating your accounts and discontinuing your use of the services . ,Compliant Term,CLAUDETTE Benchmark (Unfair TOS),Low-risk,mteb/UnfairTOSLegalBenchClassification,https://huggingface.co/datasets/mteb/UnfairTOSLegalBenchClassification,Pretraining benchmark dataset,False
L1_950,1,General Terms of Service,we make no warranties or representations that your use of content and information posted on the products will not infringe rights of third parties . ,Compliant Term,CLAUDETTE Benchmark (Unfair TOS),Low-risk,mteb/UnfairTOSLegalBenchClassification,https://huggingface.co/datasets/mteb/UnfairTOSLegalBenchClassification,Pretraining benchmark dataset,False
L3_105,3,Gig Contract,Platform reserves the right to deactivate gig worker account immediately without issuing notice or disclosing reasons. Enforced in all operating regions.,Arbitrary deactivation without notice,Karnataka/Rajasthan Gig Worker Acts,High-risk,RakshakAI Synthetic Generator (Layer 3),internal://synthetic_layer3,Synthetic clause generated for Gig Worker Legislation,False
L1_1038,1,General Terms of Service,we 'll try to resolve the dispute informally by contacting you through email . ,Compliant Term,CLAUDETTE Benchmark (Unfair TOS),Low-risk,mteb/UnfairTOSLegalBenchClassification,https://huggingface.co/datasets/mteb/UnfairTOSLegalBenchClassification,Pretraining benchmark dataset,False
L1_862,1,General Terms of Service,"by using the service , you consent to the terms of the privacy policy . ",Unfair Contract Terms,CLAUDETTE Benchmark (Unfair TOS),High-risk,mteb/UnfairTOSLegalBenchClassification,https://huggingface.co/datasets/mteb/UnfairTOSLegalBenchClassification,Pretraining benchmark dataset,False
L2_17,2,Gig Contract,"Platform excludes liability for direct, indirect, contractual, and tortious damages under virtually all circumstances, even where it was advised such damages were likely.","Blanket, unconscionable liability exclusion",Indian Contract Act 1872 (unconscionable terms),High-risk,MediaNama deconstruction of Ola/Uber T&Cs,https://www.medianama.com/2017/04/223-uber-and-ola-terms-conditions/,,False
L1_1687,1,General Terms of Service,"evernote provides the service to you on the condition that you accept the dispute resolution provisions described below , so if you initiate any claim against evernote in any other manner , you shall be in violation of these terms and you agree that evernote shall be entitled to have such action dismissed or otherwise terminated and you agree to reimburse evernote for its reasonable costs incurred in defending against such improperly initiated claim . ",Compliant Term,CLAUDETTE Benchmark (Unfair TOS),Low-risk,mteb/UnfairTOSLegalBenchClassification,https://huggingface.co/datasets/mteb/UnfairTOSLegalBenchClassification,Pretraining benchmark dataset,False
L1_1602,1,General Terms of Service,"oculus will have no responsibility or liability for inaccurate information or information that later becomes outdated , and oculus will have no obligation to make efforts to determine the correct contact or delivery information . ",Compliant Term,CLAUDETTE Benchmark (Unfair TOS),Low-risk,mteb/UnfairTOSLegalBenchClassification,https://huggingface.co/datasets/mteb/UnfairTOSLegalBenchClassification,Pretraining benchmark dataset,False
L1_1522,1,General Terms of Service,"if you purchase through one or more of our bundle subscription partners , the purchase may be further subject to the terms and conditions of such partners , and payment and management of the bundle subscription may be administered by them . ",Compliant Term,CLAUDETTE Benchmark (Unfair TOS),Low-risk,mteb/UnfairTOSLegalBenchClassification,https://huggingface.co/datasets/mteb/UnfairTOSLegalBenchClassification,Pretraining benchmark dataset,False
L1_417,1,General Terms of Service,"we may at any time and from time to time , in our sole discretion , change the fees and charges , or add new fees and charges , in relation to any of the products . ",Compliant Term,CLAUDETTE Benchmark (Unfair TOS),Low-risk,mteb/UnfairTOSLegalBenchClassification,https://huggingface.co/datasets/mteb/UnfairTOSLegalBenchClassification,Pretraining benchmark dataset,False
L1_1041,1,General Terms of Service,"22.2 no joint venture , partnership , employment , or agency relationship exists between you and airbnb as a result of this agreement or your use of the airbnb platform . ",Compliant Term,CLAUDETTE Benchmark (Unfair TOS),Low-risk,mteb/UnfairTOSLegalBenchClassification,https://huggingface.co/datasets/mteb/UnfairTOSLegalBenchClassification,Pretraining benchmark dataset,False
L1_1016,1,General Terms of Service,"except as may be required to register and/or maintain your account , do not submit personally identifiable information ( e.g. first and last name together , password , phone number , address , credit or debit card number , medical information , e-mail address , or other contact information ) on the service . ",Compliant Term,CLAUDETTE Benchmark (Unfair TOS),Low-risk,mteb/UnfairTOSLegalBenchClassification,https://huggingface.co/datasets/mteb/UnfairTOSLegalBenchClassification,Pretraining benchmark dataset,False
L1_188,1,General Terms of Service,the icc rules ' emergency arbitrator provisions are excluded . ,Compliant Term,CLAUDETTE Benchmark (Unfair TOS),Low-risk,mteb/UnfairTOSLegalBenchClassification,https://huggingface.co/datasets/mteb/UnfairTOSLegalBenchClassification,Pretraining benchmark dataset,False
L1_1012,1,General Terms of Service,( d ) the products are not intended for your commercial use . ,Compliant Term,CLAUDETTE Benchmark (Unfair TOS),Low-risk,mteb/UnfairTOSLegalBenchClassification,https://huggingface.co/datasets/mteb/UnfairTOSLegalBenchClassification,Pretraining benchmark dataset,False
L1_1312,1,General Terms of Service,in order to access certain features of the site and services and to post any member content on the site or through the services you must register to create an account ( `` account '' ) and become a member . ,Compliant Term,CLAUDETTE Benchmark (Unfair TOS),Low-risk,mteb/UnfairTOSLegalBenchClassification,https://huggingface.co/datasets/mteb/UnfairTOSLegalBenchClassification,Pretraining benchmark dataset,False
L1_1694,1,General Terms of Service,you 'll keep your password a secret . ,Compliant Term,CLAUDETTE Benchmark (Unfair TOS),Low-risk,mteb/UnfairTOSLegalBenchClassification,https://huggingface.co/datasets/mteb/UnfairTOSLegalBenchClassification,Pretraining benchmark dataset,False
L3_49,3,Loan App / Fintech,Platform strictly prohibits registration of individuals under 18 and does not process data of minors. Subject to regulatory audit.,Compliant protection of minors,DPDP Act 2023,Low-risk,RakshakAI Synthetic Generator (Layer 3),internal://synthetic_layer3,Synthetic clause generated for DPDP Act 2023 §9 (Processing of Children Data),False
L1_22,1,General Terms of Service,snap group limited terms of service ,Compliant Term,CLAUDETTE Benchmark (Unfair TOS),Low-risk,mteb/UnfairTOSLegalBenchClassification,https://huggingface.co/datasets/mteb/UnfairTOSLegalBenchClassification,Pretraining benchmark dataset,False
L3_39,3,Loan App / Fintech,App only requests essential permissions required for one-time KYC verification (camera for document capture and location for geo-tagging). Subject to regulatory audit.,Compliant data minimisation,DPDP Act 2023,Low-risk,RakshakAI Synthetic Generator (Layer 3),internal://synthetic_layer3,Synthetic clause generated for DPDP Act 2023 §6 (Data Minimisation),False
L2_37,2,Loan App / Fintech,App does not enable or clearly communicate a mechanism for the borrower to request deletion of their personal data after a loan is repaid or the app is uninstalled.,No data deletion mechanism,DPDP Act 2023 (right to erasure),High-risk,ExpertPanel DPDP fintech guide,https://expertpanel.org/blog/dpdp-act-fintech-lenders-india/,,False
L1_351,1,General Terms of Service,"you may choose to have the arbitration conducted by telephone , based on written submissions , or in person in the county where you live or at another mutually agreed location . ",Compliant Term,CLAUDETTE Benchmark (Unfair TOS),Low-risk,mteb/UnfairTOSLegalBenchClassification,https://huggingface.co/datasets/mteb/UnfairTOSLegalBenchClassification,Pretraining benchmark dataset,False
L1_941,1,General Terms of Service,"the fitbit service is not intended to diagnose , treat , cure , or prevent any disease . ",Compliant Term,CLAUDETTE Benchmark (Unfair TOS),Low-risk,mteb/UnfairTOSLegalBenchClassification,https://huggingface.co/datasets/mteb/UnfairTOSLegalBenchClassification,Pretraining benchmark dataset,False
L1_1283,1,General Terms of Service,only your physician or other health care provider can do that . ,Compliant Term,CLAUDETTE Benchmark (Unfair TOS),Low-risk,mteb/UnfairTOSLegalBenchClassification,https://huggingface.co/datasets/mteb/UnfairTOSLegalBenchClassification,Pretraining benchmark dataset,False
L2_5,2,Gig Contract,"Commission structure and contract terms are presented to restaurant partners on a take-it-or-leave-it basis with no room for negotiation, according to CCI's investigative findings.",Unequal bargaining power / one-sided terms,Competition Act 2002,High-risk,CCI Case No. 16 of 2021 (Zomato & Swiggy),https://www.cci.gov.in/images/antitrustorder/en/1620211652180990.pdf,,False
L1_1057,1,General Terms of Service,you may not misuse the amazon services . ,Compliant Term,CLAUDETTE Benchmark (Unfair TOS),Low-risk,mteb/UnfairTOSLegalBenchClassification,https://huggingface.co/datasets/mteb/UnfairTOSLegalBenchClassification,Pretraining benchmark dataset,False
L1_2027,1,General Terms of Service,4.3 our right to reject your order . ,Compliant Term,CLAUDETTE Benchmark (Unfair TOS),Low-risk,mteb/UnfairTOSLegalBenchClassification,https://huggingface.co/datasets/mteb/UnfairTOSLegalBenchClassification,Pretraining benchmark dataset,False
L1_467,1,General Terms of Service,"except as provided in section 19.12 and subject to section 15.8 , this section 19 will survive any termination of these terms and will continue to apply even if you stop using the airbnb platform or terminate your airbnb account . ",Compliant Term,CLAUDETTE Benchmark (Unfair TOS),Low-risk,mteb/UnfairTOSLegalBenchClassification,https://huggingface.co/datasets/mteb/UnfairTOSLegalBenchClassification,Pretraining benchmark dataset,False
L1_1799,1,General Terms of Service,"snap group limited , snap inc. , and their affiliates take no responsibility and assume no liability for any content that you , another user , or a third party creates , uploads , posts , sends , receives , or stores on or through our services . ",Compliant Term,CLAUDETTE Benchmark (Unfair TOS),Low-risk,mteb/UnfairTOSLegalBenchClassification,https://huggingface.co/datasets/mteb/UnfairTOSLegalBenchClassification,Pretraining benchmark dataset,False
L1_132,1,General Terms of Service,you agree and understand that linden lab does not control and is not responsible for information you provide to parties other than linden lab . ,Compliant Term,CLAUDETTE Benchmark (Unfair TOS),Low-risk,mteb/UnfairTOSLegalBenchClassification,https://huggingface.co/datasets/mteb/UnfairTOSLegalBenchClassification,Pretraining benchmark dataset,False
L1_285,1,General Terms of Service,the terms of sale are incorporated into and made a part of these terms . ,Compliant Term,CLAUDETTE Benchmark (Unfair TOS),Low-risk,mteb/UnfairTOSLegalBenchClassification,https://huggingface.co/datasets/mteb/UnfairTOSLegalBenchClassification,Pretraining benchmark dataset,False
L1_1307,1,General Terms of Service,( e ) our `` forever '' subscription is paid for by a one-off upfront payment . ,Compliant Term,CLAUDETTE Benchmark (Unfair TOS),Low-risk,mteb/UnfairTOSLegalBenchClassification,https://huggingface.co/datasets/mteb/UnfairTOSLegalBenchClassification,Pretraining benchmark dataset,False
L1_867,1,General Terms of Service,"disputes : any action arising out of or relating to this agreement or your use of the vimeo service must be commenced in the state or federal courts located in new york county , new york , united states of america ( and you consent to the jurisdiction of those courts ) . ",Compliant Term,CLAUDETTE Benchmark (Unfair TOS),Low-risk,mteb/UnfairTOSLegalBenchClassification,https://huggingface.co/datasets/mteb/UnfairTOSLegalBenchClassification,Pretraining benchmark dataset,False
L1_215,1,General Terms of Service,"our right to amend the user agreement includes the right to modify , add to , or remove terms in the user agreement . ",Compliant Term,CLAUDETTE Benchmark (Unfair TOS),Low-risk,mteb/UnfairTOSLegalBenchClassification,https://huggingface.co/datasets/mteb/UnfairTOSLegalBenchClassification,Pretraining benchmark dataset,False
L1_631,1,General Terms of Service,"posting , sending or otherwise making available via nintendo account service any content that infringes the rights of others , including any patent , trademark , trade secret , copyright , privacy rights , portrait rights or other intellectual property or proprietary rights ; ",Compliant Term,CLAUDETTE Benchmark (Unfair TOS),Low-risk,mteb/UnfairTOSLegalBenchClassification,https://huggingface.co/datasets/mteb/UnfairTOSLegalBenchClassification,Pretraining benchmark dataset,False
L1_408,1,General Terms of Service,"6.2 your access to the products may be occasionally restricted to allow for repairs , maintenance or the introduction of new facilities or products . ",Compliant Term,CLAUDETTE Benchmark (Unfair TOS),Low-risk,mteb/UnfairTOSLegalBenchClassification,https://huggingface.co/datasets/mteb/UnfairTOSLegalBenchClassification,Pretraining benchmark dataset,False
L1_954,1,General Terms of Service,"director , partnerships and business development ",Compliant Term,CLAUDETTE Benchmark (Unfair TOS),Low-risk,mteb/UnfairTOSLegalBenchClassification,https://huggingface.co/datasets/mteb/UnfairTOSLegalBenchClassification,Pretraining benchmark dataset,False
L3_108,3,Gig Contract,Platform provides a minimum 14 days written notice specifying objective grounds and an appeal process prior to account deactivation. Pursuant to updated statutory terms.,Compliant deactivation notice,Karnataka/Rajasthan Gig Worker Acts,Low-risk,RakshakAI Synthetic Generator (Layer 3),internal://synthetic_layer3,Synthetic clause generated for Gig Worker Legislation,False
L1_1297,1,General Terms of Service,the termination of a part of this agreement may limit your use of selected applications and functionalities of the nintendo account service . ,Compliant Term,CLAUDETTE Benchmark (Unfair TOS),Low-risk,mteb/UnfairTOSLegalBenchClassification,https://huggingface.co/datasets/mteb/UnfairTOSLegalBenchClassification,Pretraining benchmark dataset,False
L1_316,1,General Terms of Service,"in such event , you will not be entitled to compensation for such suspension or termination , and you acknowledge that linden lab will have no liability to you in connection with such suspension or termination . ",Compliant Term,CLAUDETTE Benchmark (Unfair TOS),Low-risk,mteb/UnfairTOSLegalBenchClassification,https://huggingface.co/datasets/mteb/UnfairTOSLegalBenchClassification,Pretraining benchmark dataset,False
L1_1097,1,General Terms of Service,"7.6 each time you submit user material to us , you represent and warrant to us as follows : ",Compliant Term,CLAUDETTE Benchmark (Unfair TOS),Low-risk,mteb/UnfairTOSLegalBenchClassification,https://huggingface.co/datasets/mteb/UnfairTOSLegalBenchClassification,Pretraining benchmark dataset,False
L2_75,2,Gig Contract,"Investigative report found that when Dunzo shut down in Jan 2025, hundreds of delivery workers, employees and vendors were left unpaid; the company had also stopped depositing TDS deducted from workers' salaries to the government starting mid-2023.",Non-payment of wages/dues,Code on Wages 2019; Payment of Wages Act 1936,High-risk,Rest of World,https://restofworld.org/2025/dunzo-shutdown-india-quick-commerce/,Solid investigative piece; corroborate specific rupee figures if used,False
L1_952,1,General Terms of Service,"we both agree that all of these claims can only be litigated in the federal or state courts in santa clara county , california , usa , and we each agree to personal jurisdiction in those courts . ",Compliant Term,CLAUDETTE Benchmark (Unfair TOS),Low-risk,mteb/UnfairTOSLegalBenchClassification,https://huggingface.co/datasets/mteb/UnfairTOSLegalBenchClassification,Pretraining benchmark dataset,False
L3_113,3,Gig Contract,Algorithmic penalties for late delivery may exceed 50% of daily earnings at sole platform discretion. Pursuant to updated statutory terms.,Uncapped algorithmic wage penalty,Fair Conditions / Code on Wages,High-risk,RakshakAI Synthetic Generator (Layer 3),internal://synthetic_layer3,Synthetic clause generated for Gig Worker Legislation,False
L2_23,2,Gig Contract,"In the 2023 assessment, only 6 of 12 platforms (bigbasket, Flipkart, Swiggy, Porter, Urban Company, Zepto, Zomato) provided accessible, comprehensible, and where relevant multi-lingual contract terms with advance notice of changes — implying the remaining platforms did not meet this standard.",Inaccessible / non-transparent contract terms,Fair Contracts principle (Fairwork India methodology),High-risk,"British Safety Council India, summarising Fairwork India 2023",https://www.britsafe.in/safety-management-news/2023/a-tough-gig,,False
L1_782,1,General Terms of Service,"bullies , harasses , or intimidates . ",Compliant Term,CLAUDETTE Benchmark (Unfair TOS),Low-risk,mteb/UnfairTOSLegalBenchClassification,https://huggingface.co/datasets/mteb/UnfairTOSLegalBenchClassification,Pretraining benchmark dataset,False
L1_1238,1,General Terms of Service,"( b ) to the extent permitted by law , headspace and its affiliates , suppliers , clients , or licensors ( collectively , the `` protected entities '' ) shall not be liable for any consequential , exemplary or punitive damages arising from , or directly or indirectly related to , the use of , or the inability to use , the products or the content , materials and functions related thereto , your provision of information via the products , or lost business or lost sales , or any errors , viruses or bugs contained in the products , even if such protected entity has been advised of the possibility of such damages . ",Compliant Term,CLAUDETTE Benchmark (Unfair TOS),Low-risk,mteb/UnfairTOSLegalBenchClassification,https://huggingface.co/datasets/mteb/UnfairTOSLegalBenchClassification,Pretraining benchmark dataset,False
L1_775,1,General Terms of Service,"your purchase will be subject to google 's applicable payment policy , which also may not provide for refunds . ",Compliant Term,CLAUDETTE Benchmark (Unfair TOS),Low-risk,mteb/UnfairTOSLegalBenchClassification,https://huggingface.co/datasets/mteb/UnfairTOSLegalBenchClassification,Pretraining benchmark dataset,False
L1_1673,1,General Terms of Service,you are responsible for reading and understanding the terms and conditions and privacy policy that applies to your use of any third-party services . ,Compliant Term,CLAUDETTE Benchmark (Unfair TOS),Low-risk,mteb/UnfairTOSLegalBenchClassification,https://huggingface.co/datasets/mteb/UnfairTOSLegalBenchClassification,Pretraining benchmark dataset,False
L1_1736,1,General Terms of Service,"please note that if a third party account or associated service becomes unavailable or academia.edu 's access to such third party account is terminated by the third party service provider , then the third party account content that was available from such third party account will no longer be available on and through the site and services . ",Compliant Term,CLAUDETTE Benchmark (Unfair TOS),Low-risk,mteb/UnfairTOSLegalBenchClassification,https://huggingface.co/datasets/mteb/UnfairTOSLegalBenchClassification,Pretraining benchmark dataset,False
L1_848,1,General Terms of Service,"use the airbnb platform or collective content for any commercial or other purposes that are not expressly permitted by these terms or in a manner that falsely implies airbnb endorsement , partnership or otherwise misleads others as to your affiliation with airbnb ; ",Compliant Term,CLAUDETTE Benchmark (Unfair TOS),Low-risk,mteb/UnfairTOSLegalBenchClassification,https://huggingface.co/datasets/mteb/UnfairTOSLegalBenchClassification,Pretraining benchmark dataset,False
L1_1744,1,General Terms of Service,"13.3 you understand that any appropriate governmental agency , department and/or authority ( `` tax authority '' ) where your accommodation is located may require taxes to be collected from guests or hosts on listing fees , and to be remitted to the respective tax authority . ",Compliant Term,CLAUDETTE Benchmark (Unfair TOS),Low-risk,mteb/UnfairTOSLegalBenchClassification,https://huggingface.co/datasets/mteb/UnfairTOSLegalBenchClassification,Pretraining benchmark dataset,False
L1_1280,1,General Terms of Service,"you hereby consent to the exclusive jurisdiction and venue of courts in massachusetts , usa and stipulate to the fairness and convenience of proceedings in such courts for all disputes arising out of or relating to the use of this website . ",Compliant Term,CLAUDETTE Benchmark (Unfair TOS),Low-risk,mteb/UnfairTOSLegalBenchClassification,https://huggingface.co/datasets/mteb/UnfairTOSLegalBenchClassification,Pretraining benchmark dataset,False
L1_459,1,General Terms of Service,"use any robots , spider , crawler , scraper or other automated means or processes to access , collect data or other content from or otherwise interact with the airbnb platform for any purpose ; ",Compliant Term,CLAUDETTE Benchmark (Unfair TOS),Low-risk,mteb/UnfairTOSLegalBenchClassification,https://huggingface.co/datasets/mteb/UnfairTOSLegalBenchClassification,Pretraining benchmark dataset,False
L1_506,1,General Terms of Service,a printed version of this agreement and of any notice given in electronic form shall be admissible in judicial or administrative proceedings based upon or relating to this agreement to the same extent and subject to the same conditions as other business documents and records originally generated and maintained in printed form . ,Compliant Term,CLAUDETTE Benchmark (Unfair TOS),Low-risk,mteb/UnfairTOSLegalBenchClassification,https://huggingface.co/datasets/mteb/UnfairTOSLegalBenchClassification,Pretraining benchmark dataset,False
L1_1527,1,General Terms of Service,"twitter gives you a personal , worldwide , royalty-free , non-assignable and non-exclusive license to use the software provided to you as part of the services . ",Compliant Term,CLAUDETTE Benchmark (Unfair TOS),Low-risk,mteb/UnfairTOSLegalBenchClassification,https://huggingface.co/datasets/mteb/UnfairTOSLegalBenchClassification,Pretraining benchmark dataset,False
L1_1883,1,General Terms of Service,"depending upon your age and the age requirements set forth in an applicable product policy , registration may require parental consent . ",Compliant Term,CLAUDETTE Benchmark (Unfair TOS),Low-risk,mteb/UnfairTOSLegalBenchClassification,https://huggingface.co/datasets/mteb/UnfairTOSLegalBenchClassification,Pretraining benchmark dataset,False
L1_242,1,General Terms of Service,any relief awarded can not affect other users . ,Compliant Term,CLAUDETTE Benchmark (Unfair TOS),Low-risk,mteb/UnfairTOSLegalBenchClassification,https://huggingface.co/datasets/mteb/UnfairTOSLegalBenchClassification,Pretraining benchmark dataset,False
L1_2006,1,General Terms of Service,"if noe offers a license for a digital product for download and use on a nintendo 3ds system or wii u console for purchasing in nintendo shopping services , a nintendo network id is required and the license for the respective digital product is registered and tied to your nintendo network id . ",Compliant Term,CLAUDETTE Benchmark (Unfair TOS),Low-risk,mteb/UnfairTOSLegalBenchClassification,https://huggingface.co/datasets/mteb/UnfairTOSLegalBenchClassification,Pretraining benchmark dataset,False
L1_1832,1,General Terms of Service,you agree that oculus and its affiliates shall be able to use the feedback in any way it may choose without any obligation to you . ,Compliant Term,CLAUDETTE Benchmark (Unfair TOS),Low-risk,mteb/UnfairTOSLegalBenchClassification,https://huggingface.co/datasets/mteb/UnfairTOSLegalBenchClassification,Pretraining benchmark dataset,False
L1_1117,1,General Terms of Service,academia.edu makes no representations or warranties as to the conduct of users of the site or services or their compatibility with any current or future users of the site or services . ,Compliant Term,CLAUDETTE Benchmark (Unfair TOS),Low-risk,mteb/UnfairTOSLegalBenchClassification,https://huggingface.co/datasets/mteb/UnfairTOSLegalBenchClassification,Pretraining benchmark dataset,False
L1_1328,1,General Terms of Service,the services and all rights therein are and shall remain uber 's property or the property of uber 's licensors . ,Compliant Term,CLAUDETTE Benchmark (Unfair TOS),Low-risk,mteb/UnfairTOSLegalBenchClassification,https://huggingface.co/datasets/mteb/UnfairTOSLegalBenchClassification,Pretraining benchmark dataset,False
L1_822,1,General Terms of Service,"12.1 airbnb may , in its sole discretion , round up or round down amounts that are payable from or to guests or hosts to the nearest whole functional base unit in which the currency is denominated ( i.e. to the nearest dollar , euro or other supported currency ) ; for example , airbnb will round up an amount of $ 101.50 to $ 102.00 , and round down an amount of $ 101.49 to $ 101.00 . ",Compliant Term,CLAUDETTE Benchmark (Unfair TOS),Low-risk,mteb/UnfairTOSLegalBenchClassification,https://huggingface.co/datasets/mteb/UnfairTOSLegalBenchClassification,Pretraining benchmark dataset,False
L1_1107,1,General Terms of Service,"upon your acceptance of these terms and submission of your order , you hereby agree that linden lab or an applicable payment service provider ( collectively , for purposes of this section 4.3 , `` we '' ) have the right to automatically charge your credit card or debit your account ( or other payment method ) for the applicable fees or charges , plus any applicable taxes that we are required to collect , and you authorize us to do so . ",Compliant Term,CLAUDETTE Benchmark (Unfair TOS),Low-risk,mteb/UnfairTOSLegalBenchClassification,https://huggingface.co/datasets/mteb/UnfairTOSLegalBenchClassification,Pretraining benchmark dataset,False
L1_890,1,General Terms of Service,"vimeo reserves the right to deny subscriptions , renewals , and other purchases for any reason . ",Compliant Term,CLAUDETTE Benchmark (Unfair TOS),Low-risk,mteb/UnfairTOSLegalBenchClassification,https://huggingface.co/datasets/mteb/UnfairTOSLegalBenchClassification,Pretraining benchmark dataset,False
L1_757,1,General Terms of Service,amendments will be effective upon uber 's posting of such updated terms at this location or the amended policies or supplemental terms on the applicable service . ,Compliant Term,CLAUDETTE Benchmark (Unfair TOS),Low-risk,mteb/UnfairTOSLegalBenchClassification,https://huggingface.co/datasets/mteb/UnfairTOSLegalBenchClassification,Pretraining benchmark dataset,False
L1_1850,1,General Terms of Service,"the site , services and collective content are protected by copyright , trademark , and other laws of the united states and foreign countries . ",Compliant Term,CLAUDETTE Benchmark (Unfair TOS),Low-risk,mteb/UnfairTOSLegalBenchClassification,https://huggingface.co/datasets/mteb/UnfairTOSLegalBenchClassification,Pretraining benchmark dataset,False
L1_1788,1,General Terms of Service,"if you are under 18 , you may use the amazon services only with involvement of a parent or guardian . ",Compliant Term,CLAUDETTE Benchmark (Unfair TOS),Low-risk,mteb/UnfairTOSLegalBenchClassification,https://huggingface.co/datasets/mteb/UnfairTOSLegalBenchClassification,Pretraining benchmark dataset,False
L1_300,1,General Terms of Service,"linden lab hereby grants you a non-exclusive , non-transferable , non-sublicenseable , limited , personal , revocable license to access and use the service on an internet device as set forth in these terms and expressly conditioned upon you and each of your accounts remaining active , in good standing , and in compliance with these terms . ",Compliant Term,CLAUDETTE Benchmark (Unfair TOS),Low-risk,mteb/UnfairTOSLegalBenchClassification,https://huggingface.co/datasets/mteb/UnfairTOSLegalBenchClassification,Pretraining benchmark dataset,False
L1_313,1,General Terms of Service,the limitations specified in this section will survive and apply even if any limited remedy specified in these terms is found to have failed of its essential purpose . ,Compliant Term,CLAUDETTE Benchmark (Unfair TOS),Low-risk,mteb/UnfairTOSLegalBenchClassification,https://huggingface.co/datasets/mteb/UnfairTOSLegalBenchClassification,Pretraining benchmark dataset,False
L3_62,3,Loan App / Fintech,"The app fails to provide a standardized Key Fact Statement (KFS) prior to contract execution, hiding processing fees. Applicable across all digital channels.",Omission of Key Fact Statement,RBI Digital Lending Directions,High-risk,RakshakAI Synthetic Generator (Layer 3),internal://synthetic_layer3,Synthetic clause generated for RBI Digital Lending Guidelines 2022,False
L2_48,2,Loan App / Fintech,"RBI imposed a monetary penalty of Rs 10 lakh on a fintech NBFC for unauthorized loan disbursals, partial credit risk-taking outside its permitted role, and non-compliance with service-provider agreements and grievance redressal mechanisms.",Multiple compliance failures including grievance mechanism absence,RBI regulatory action under the RBI Act 1934,High-risk,"News on Air (Government of India), reporting RBI penalty order, March 2025",https://newsonair.gov.in/penalties-on-4-non-banking-fin-companies-for-non-compliance-with-regulatory-guidelines,"Named entity: Bridge Fintech Solutions Pvt Ltd (Finzy) — real, dated regulatory penalty.",False
L3_116,3,Gig Contract,Deductions for operational delays are capped at transparent pre-disclosed rates and subject to mandatory human review.,Compliant fee deduction limit,Fair Conditions / Code on Wages,Low-risk,RakshakAI Synthetic Generator (Layer 3),internal://synthetic_layer3,Synthetic clause generated for Gig Worker Legislation,False
L1_595,1,General Terms of Service,"( c ) by placing an order through the products , you warrant that : ",Compliant Term,CLAUDETTE Benchmark (Unfair TOS),Low-risk,mteb/UnfairTOSLegalBenchClassification,https://huggingface.co/datasets/mteb/UnfairTOSLegalBenchClassification,Pretraining benchmark dataset,False
L2_66,2,Loan App / Fintech,"The Statement of Objects and Reasons attached to the Karnataka Micro Loan and Small Loan (Prevention of Coercive Actions) Act, 2025 states that unregulated 'micro loan, small loan, private finance and other unregulated lending' operators were 'harassing and strangulating the borrowing community,' that borrowers were 'constrained to pay sometimes double the amount or more, towards interest,' and that borrowers were 'driven to streets and driven to commit suicide.'",Coercive recovery / usurious interest driving borrower suicides,Karnataka Micro Loan and Small Loan (Prevention of Coercive Actions) Act 2025 (Act No. 15 of 2025),High-risk,PRS Legislative Research (official Bill/Act text),https://prsindia.org/files/bills_acts/bills_states/karnataka/2025/Bill6of2025KA.pdf,Legislature's own stated rationale. Penalties for violation: up to Rs 5 lakh fine and up to 10 years imprisonment. Act explicitly excludes RBI-registered NBFCs/banks -- targets the unregulated moneylending sector only.,False
L1_1942,1,General Terms of Service,you agree that any termination of your nintendo account may also affect any associated nintendo accounts as described in article 2 . ,Compliant Term,CLAUDETTE Benchmark (Unfair TOS),Low-risk,mteb/UnfairTOSLegalBenchClassification,https://huggingface.co/datasets/mteb/UnfairTOSLegalBenchClassification,Pretraining benchmark dataset,False
L1_1609,1,General Terms of Service,"any failure by oculus to insist upon or enforce performance by you of any of the provisions of these terms or to exercise any rights or remedies under these terms or otherwise by law will not be construed as a waiver or relinquishment of any right to assert or rely upon the provision , right or remedy in that or any other instance ; rather , the provision , right or remedy will be and remain in full force and effect . ",Compliant Term,CLAUDETTE Benchmark (Unfair TOS),Low-risk,mteb/UnfairTOSLegalBenchClassification,https://huggingface.co/datasets/mteb/UnfairTOSLegalBenchClassification,Pretraining benchmark dataset,False
L1_197,1,General Terms of Service,modification : this agreement may not be modified except by a revised terms of service posted by vimeo on the vimeo site or a written amendment signed by an authorized representative of vimeo . ,Compliant Term,CLAUDETTE Benchmark (Unfair TOS),Low-risk,mteb/UnfairTOSLegalBenchClassification,https://huggingface.co/datasets/mteb/UnfairTOSLegalBenchClassification,Pretraining benchmark dataset,False
L1_626,1,General Terms of Service,evernote 's data protection laws say my data is mine -- what does that mean ? ,Compliant Term,CLAUDETTE Benchmark (Unfair TOS),Low-risk,mteb/UnfairTOSLegalBenchClassification,https://huggingface.co/datasets/mteb/UnfairTOSLegalBenchClassification,Pretraining benchmark dataset,False
L1_688,1,General Terms of Service,"if you believe that any content on the airbnb platform infringes copyrights you own , please notify us in accordance with our copyright policy . ",Compliant Term,CLAUDETTE Benchmark (Unfair TOS),Low-risk,mteb/UnfairTOSLegalBenchClassification,https://huggingface.co/datasets/mteb/UnfairTOSLegalBenchClassification,Pretraining benchmark dataset,False
L1_537,1,General Terms of Service,"15.6 if we take any of the measures described above ( i ) we may refund your guests in full for any and all confirmed bookings that have been cancelled , irrespective of preexisting cancellation policies , and ( ii ) you will not be entitled to any compensation for pending or confirmed bookings that were cancelled . ",Compliant Term,CLAUDETTE Benchmark (Unfair TOS),Low-risk,mteb/UnfairTOSLegalBenchClassification,https://huggingface.co/datasets/mteb/UnfairTOSLegalBenchClassification,Pretraining benchmark dataset,False
L1_396,1,General Terms of Service,you may not assign this agreement or your account without the prior written consent of linden lab . ,Compliant Term,CLAUDETTE Benchmark (Unfair TOS),Low-risk,mteb/UnfairTOSLegalBenchClassification,https://huggingface.co/datasets/mteb/UnfairTOSLegalBenchClassification,Pretraining benchmark dataset,False
L1_332,1,General Terms of Service,"you agree to defend and indemnify tripadvisor and its affiliates and any of their officers , directors , employees and agents from and against any claims , causes of action , demands , recoveries , losses , damages , fines , penalties or other costs or expenses of any kind or nature including but not limited to reasonable legal and accounting fees , brought by third parties as a result of : ",Compliant Term,CLAUDETTE Benchmark (Unfair TOS),Low-risk,mteb/UnfairTOSLegalBenchClassification,https://huggingface.co/datasets/mteb/UnfairTOSLegalBenchClassification,Pretraining benchmark dataset,False
L1_1488,1,General Terms of Service,"because neither tripadvisor nor its affiliates are parties to rental transactions between travelers and advertisers , any dispute or conflict involving an actual or potential transaction between you and an advertiser , including the quality , condition , safety or legality of a listed property , the accuracy of the listing content , the advertiser 's ability to rent a vacation rental property , or your ability to pay for a vacation rental property , is solely the responsibility of each user . ",Compliant Term,CLAUDETTE Benchmark (Unfair TOS),Low-risk,mteb/UnfairTOSLegalBenchClassification,https://huggingface.co/datasets/mteb/UnfairTOSLegalBenchClassification,Pretraining benchmark dataset,False
L1_1887,1,General Terms of Service,you can form a binding contract with snap group limited . ,Compliant Term,CLAUDETTE Benchmark (Unfair TOS),Low-risk,mteb/UnfairTOSLegalBenchClassification,https://huggingface.co/datasets/mteb/UnfairTOSLegalBenchClassification,Pretraining benchmark dataset,False
L1_1045,1,General Terms of Service,"you are responsible for safeguarding your account , so use a strong password and limit its use to this account . ",Compliant Term,CLAUDETTE Benchmark (Unfair TOS),Low-risk,mteb/UnfairTOSLegalBenchClassification,https://huggingface.co/datasets/mteb/UnfairTOSLegalBenchClassification,Pretraining benchmark dataset,False
L2_12,2,Gig Contract,"Platform's total liability for any and all failures under the agreement is capped at a nominal fixed amount (reported as Rs 200), regardless of actual harm caused to the driver.",Grossly disproportionate liability cap,Indian Contract Act 1872 (unconscionable terms); unfair contract terms doctrine,High-risk,Ola Master Service Agreement (analysis),https://archive.factordaily.com/ola-contract-driver-analysis/,,False
L1_608,1,General Terms of Service,you may never use another 's account without permission . ,Compliant Term,CLAUDETTE Benchmark (Unfair TOS),Low-risk,mteb/UnfairTOSLegalBenchClassification,https://huggingface.co/datasets/mteb/UnfairTOSLegalBenchClassification,Pretraining benchmark dataset,False
L1_1365,1,General Terms of Service,"subject to the foregoing , these terms will bind and inure to the benefit of the parties , their successors , and permitted assigns . ",Compliant Term,CLAUDETTE Benchmark (Unfair TOS),Low-risk,mteb/UnfairTOSLegalBenchClassification,https://huggingface.co/datasets/mteb/UnfairTOSLegalBenchClassification,Pretraining benchmark dataset,False
L1_1671,1,General Terms of Service,"sellers and buyers are responsible for complying with all laws and regulations applicable to the international sale , purchase , and shipment of items . ",Compliant Term,CLAUDETTE Benchmark (Unfair TOS),Low-risk,mteb/UnfairTOSLegalBenchClassification,https://huggingface.co/datasets/mteb/UnfairTOSLegalBenchClassification,Pretraining benchmark dataset,False
L3_86,3,Loan App / Fintech,Collection efforts and communications are strictly restricted to permitted hours (7:00 AM to 7:00 PM) and adhere to professional conduct.,Compliant recovery practices,RBI Fair Practices Code,Low-risk,RakshakAI Synthetic Generator (Layer 3),internal://synthetic_layer3,Synthetic clause generated for RBI Digital Lending Guidelines 2022,False
L1_508,1,General Terms of Service,"you also acknowledge that the service content license granted to linden lab with respect to your content will survive any such termination solely as follows to permit linden lab : ( i ) to retain server copies of particular instances of your content , including copies stored in connection with back-up , debugging , and testing procedures ; and ( ii ) to enable the exercise of the licenses granted in this section 2 for any other copies or instances of the same content that you have not specifically deleted from the service , including those that may be displayed elsewhere through the service or exist in other users ' account inventories . ",Compliant Term,CLAUDETTE Benchmark (Unfair TOS),Low-risk,mteb/UnfairTOSLegalBenchClassification,https://huggingface.co/datasets/mteb/UnfairTOSLegalBenchClassification,Pretraining benchmark dataset,False
L1_1726,1,General Terms of Service,ebay ca n't guarantee exact listing durations . ,Compliant Term,CLAUDETTE Benchmark (Unfair TOS),Low-risk,mteb/UnfairTOSLegalBenchClassification,https://huggingface.co/datasets/mteb/UnfairTOSLegalBenchClassification,Pretraining benchmark dataset,False
L4_48,4,Gig Contract,Supplementary Term: Deductions from partner payouts shall strictly be limited to statutory withholdings and pre-authorized equipment purchases. as updated in statutory terms.,Compliant wage protection,Code on Wages 2019,Low-risk,RakshakAI Adversarial Rewriter (Layer 4),internal://adversarial_layer4,Disguised phrasing rewrite requiring human review,True
L1_682,1,General Terms of Service,the services are not for use by anyone under the age of 16 . ,Compliant Term,CLAUDETTE Benchmark (Unfair TOS),Low-risk,mteb/UnfairTOSLegalBenchClassification,https://huggingface.co/datasets/mteb/UnfairTOSLegalBenchClassification,Pretraining benchmark dataset,False
L1_1861,1,General Terms of Service,"we will not be liable to you for any lack of performance , or the unavailability or failure , of the products , or for any failure or delay by us to comply with these terms , where such lack , unavailability or failure arises from any cause beyond our reasonable control . ",Compliant Term,CLAUDETTE Benchmark (Unfair TOS),Low-risk,mteb/UnfairTOSLegalBenchClassification,https://huggingface.co/datasets/mteb/UnfairTOSLegalBenchClassification,Pretraining benchmark dataset,False
L1_503,1,General Terms of Service,"if the dispute has a claimed value of more than $ 10,000,000 , then the arbitration will be heard and determined by a three ( 3 ) member panel , with one member to be selected by each party and the third ( who will chair the panel ) selected by the two ( 2 ) party-appointed members or by the aaa in accordance with the commercial arbitration rules . ",Compliant Term,CLAUDETTE Benchmark (Unfair TOS),Low-risk,mteb/UnfairTOSLegalBenchClassification,https://huggingface.co/datasets/mteb/UnfairTOSLegalBenchClassification,Pretraining benchmark dataset,False
L1_295,1,General Terms of Service,"accordingly , some of the above disclaimers may not apply to you . ",Compliant Term,CLAUDETTE Benchmark (Unfair TOS),Low-risk,mteb/UnfairTOSLegalBenchClassification,https://huggingface.co/datasets/mteb/UnfairTOSLegalBenchClassification,Pretraining benchmark dataset,False
L1_959,1,General Terms of Service,"to the extent allowed under law , these changes may be effective upon notice provided to you . ",Compliant Term,CLAUDETTE Benchmark (Unfair TOS),Low-risk,mteb/UnfairTOSLegalBenchClassification,https://huggingface.co/datasets/mteb/UnfairTOSLegalBenchClassification,Pretraining benchmark dataset,False
L2_32,2,Loan App / Fintech,"Loan disbursal or repayment is routed through a third-party account rather than directly between the regulated lender and the borrower's own bank account, as RBI guidelines require.",Improper fund routing via third party,RBI Digital Lending Guidelines 2022,High-risk,General RBI Digital Lending Guidelines summaries,https://freed.care/blog/illegal-app-loans-in-india-what-they-are-how-they-trap-you-and-what-to-do,,False
L1_603,1,General Terms of Service,"reviews , comments and use of other interactive areas ",Compliant Term,CLAUDETTE Benchmark (Unfair TOS),Low-risk,mteb/UnfairTOSLegalBenchClassification,https://huggingface.co/datasets/mteb/UnfairTOSLegalBenchClassification,Pretraining benchmark dataset,False
L1_383,1,General Terms of Service,you may also find billing information about your netflix membership by visiting your account with the applicable third party . ,Compliant Term,CLAUDETTE Benchmark (Unfair TOS),Low-risk,mteb/UnfairTOSLegalBenchClassification,https://huggingface.co/datasets/mteb/UnfairTOSLegalBenchClassification,Pretraining benchmark dataset,False
L1_1329,1,General Terms of Service,"21.1 if you reside in the united states , these terms will be interpreted in accordance with the laws of the state of california and the united states of america , without regard to conflict-of-law provisions . ",Compliant Term,CLAUDETTE Benchmark (Unfair TOS),Low-risk,mteb/UnfairTOSLegalBenchClassification,https://huggingface.co/datasets/mteb/UnfairTOSLegalBenchClassification,Pretraining benchmark dataset,False
L1_451,1,General Terms of Service,provide accurate information to us and keep it updated ; ,Compliant Term,CLAUDETTE Benchmark (Unfair TOS),Low-risk,mteb/UnfairTOSLegalBenchClassification,https://huggingface.co/datasets/mteb/UnfairTOSLegalBenchClassification,Pretraining benchmark dataset,False
L1_1173,1,General Terms of Service,"you are solely responsible for the information that you post on , through or in connection with the service and that you provide to others . ",Compliant Term,CLAUDETTE Benchmark (Unfair TOS),Low-risk,mteb/UnfairTOSLegalBenchClassification,https://huggingface.co/datasets/mteb/UnfairTOSLegalBenchClassification,Pretraining benchmark dataset,False
L2_76,2,Gig Contract,Fairwork India's 2021 report documented that PharmEasy moved multiple delivery workers from a salaried pay structure to a piece-rate (per-delivery) structure without advance notice or the worker's choice.,Unilateral change to pay structure,Unfair contract terms doctrine; Code on Wages 2019,Medium-risk,Fairwork India Ratings 2021 (Fairwork/fair.work),https://fair.work/wp-content/uploads/sites/17/2021/12/Fairwork-India-Report-2021-accessible.pdf,"Specific named finding from the Fairwork 2021 report, not the general year-over-year scores already in the dataset",False
L1_1994,1,General Terms of Service,"you assume full responsibility for the choices you make before , during and after your participation in a host service . ",Compliant Term,CLAUDETTE Benchmark (Unfair TOS),Low-risk,mteb/UnfairTOSLegalBenchClassification,https://huggingface.co/datasets/mteb/UnfairTOSLegalBenchClassification,Pretraining benchmark dataset,False
L1_813,1,General Terms of Service,"where settings have been set to automatically accept requests for returns or replacements , an ebay-generated return shipping label will be provided to your buyer . ",Compliant Term,CLAUDETTE Benchmark (Unfair TOS),Low-risk,mteb/UnfairTOSLegalBenchClassification,https://huggingface.co/datasets/mteb/UnfairTOSLegalBenchClassification,Pretraining benchmark dataset,False
L1_649,1,General Terms of Service,"license to other users : you further grant all users of the vimeo service permission to view your videos for their personal , non-commercial purposes . ",Compliant Term,CLAUDETTE Benchmark (Unfair TOS),Low-risk,mteb/UnfairTOSLegalBenchClassification,https://huggingface.co/datasets/mteb/UnfairTOSLegalBenchClassification,Pretraining benchmark dataset,False
L2_47,2,Loan App / Fintech,RBI imposed a monetary penalty of Rs 10 lakh on a registered P2P NBFC lending platform for disbursing loans to individual borrowers without obtaining specific approval from the individual lenders whose funds were used.,Unauthorized disbursal without lender consent,RBI regulatory action under the RBI Act 1934,High-risk,"News on Air (Government of India), reporting RBI penalty order, March 2025",https://newsonair.gov.in/penalties-on-4-non-banking-fin-companies-for-non-compliance-with-regulatory-guidelines,"Named entity: Rang De P2P Financial Services Limited — real, dated regulatory penalty.",False
L1_454,1,General Terms of Service,"reverse engineer , decompile , disassemble , decipher or otherwise attempt to derive the source code for the services or any related technology that is not open source ; ",Compliant Term,CLAUDETTE Benchmark (Unfair TOS),Low-risk,mteb/UnfairTOSLegalBenchClassification,https://huggingface.co/datasets/mteb/UnfairTOSLegalBenchClassification,Pretraining benchmark dataset,False
L1_777,1,General Terms of Service,ebay may share your telephone number with its authorized service providers as stated in our user privacy notice . ,Compliant Term,CLAUDETTE Benchmark (Unfair TOS),Low-risk,mteb/UnfairTOSLegalBenchClassification,https://huggingface.co/datasets/mteb/UnfairTOSLegalBenchClassification,Pretraining benchmark dataset,False
L1_56,1,General Terms of Service,your license to use the services ,Compliant Term,CLAUDETTE Benchmark (Unfair TOS),Low-risk,mteb/UnfairTOSLegalBenchClassification,https://huggingface.co/datasets/mteb/UnfairTOSLegalBenchClassification,Pretraining benchmark dataset,False
L1_786,1,General Terms of Service,"you agree that prior to initiating any formal proceedings against evernote , you will send us a notice to our attorneys at legalnotice@evernote.com and state that you are providing a `` notice of dispute . '' ",Compliant Term,CLAUDETTE Benchmark (Unfair TOS),Low-risk,mteb/UnfairTOSLegalBenchClassification,https://huggingface.co/datasets/mteb/UnfairTOSLegalBenchClassification,Pretraining benchmark dataset,False
L1_1727,1,General Terms of Service,"to the extent permitted under law ( and unless linkedin has entered into a separate written agreement that overrides this contract ) , linkedin and its affiliates ( and those that linkedin works with to provide the services ) shall not be liable to you or others for any indirect , incidental , special , consequential or punitive damages , or any loss of data , opportunities , reputation , profits or revenues , related to the services ( e.g. offensive or defamatory statements , down time or loss , use of , or changes to , your information or content ) . ",Compliant Term,CLAUDETTE Benchmark (Unfair TOS),Low-risk,mteb/UnfairTOSLegalBenchClassification,https://huggingface.co/datasets/mteb/UnfairTOSLegalBenchClassification,Pretraining benchmark dataset,False
L1_911,1,General Terms of Service,"unless you opt out : ( 1 ) you will only be permitted to pursue claims against us or our agents on an individual basis , not as a plaintiff or class member in any class or representative action or proceeding and ( 2 ) you will only be permitted to seek relief ( including monetary , injunctive , and declaratory relief ) on an individual basis . ",Compliant Term,CLAUDETTE Benchmark (Unfair TOS),Low-risk,mteb/UnfairTOSLegalBenchClassification,https://huggingface.co/datasets/mteb/UnfairTOSLegalBenchClassification,Pretraining benchmark dataset,False
L4_31,4,Loan App / Fintech,"Notwithstanding any prior general settings, data processing shall occur solely upon recipient of explicit, itemised, and revocable consent.",Compliant consent mechanism,DPDP Act 2023,Low-risk,RakshakAI Adversarial Rewriter (Layer 4),internal://adversarial_layer4,Disguised phrasing rewrite requiring human review,True
L1_255,1,General Terms of Service,these third parties have their own privacy policies and will treat the information that they collect about you in accordance with these policies . ,Compliant Term,CLAUDETTE Benchmark (Unfair TOS),Low-risk,mteb/UnfairTOSLegalBenchClassification,https://huggingface.co/datasets/mteb/UnfairTOSLegalBenchClassification,Pretraining benchmark dataset,False
L1_1992,1,General Terms of Service,"no oral or written information , guidelines or advice given by oculus will create a warranty . ",Compliant Term,CLAUDETTE Benchmark (Unfair TOS),Low-risk,mteb/UnfairTOSLegalBenchClassification,https://huggingface.co/datasets/mteb/UnfairTOSLegalBenchClassification,Pretraining benchmark dataset,False
L4_37,4,Loan App / Fintech,"Upon complete discharge of all contractual credit obligations, the data principal retains the unconditioned right to request total data purging.",Compliant data erasure,DPDP Act 2023,Low-risk,RakshakAI Adversarial Rewriter (Layer 4),internal://adversarial_layer4,Disguised phrasing rewrite requiring human review,True
L1_355,1,General Terms of Service,any digital products registered to your nintendo account and any updates of such digital products are licensed only for personal and non-commercial use on a user device . ,Compliant Term,CLAUDETTE Benchmark (Unfair TOS),Low-risk,mteb/UnfairTOSLegalBenchClassification,https://huggingface.co/datasets/mteb/UnfairTOSLegalBenchClassification,Pretraining benchmark dataset,False
L2_77,2,Gig Contract,"Coverage of the Dec 2025/Jan 2026 nationwide gig-worker strikes reported that workers' central demands included ending 'arbitrary and algorithmic' penalty deductions and a transparent wage system, implying these remain unaddressed platform practices.",Algorithmic/opaque penalty deductions,Code on Social Security 2020; state Gig Worker Acts,Medium-risk,"Deccan Herald (editorial, citing IFAT demands)",https://www.deccanherald.com/opinion/editorial/gig-workforce-needs-a-policy-incentive-3849812,Opinion piece -- corroborate strike details against a straight news report before using in the dataset,False
L1_1483,1,General Terms of Service,( a ) applicability of arbitration agreement . ,Compliant Term,CLAUDETTE Benchmark (Unfair TOS),Low-risk,mteb/UnfairTOSLegalBenchClassification,https://huggingface.co/datasets/mteb/UnfairTOSLegalBenchClassification,Pretraining benchmark dataset,False
L1_1910,1,General Terms of Service,"some jurisdictions do not allow the exclusion of certain warranties or conditions or the limitation or exclusion of liability for loss or damage caused by willful acts , negligence , breach of contract or breach of implied terms , or incidental or consequential damages . ",Compliant Term,CLAUDETTE Benchmark (Unfair TOS),Low-risk,mteb/UnfairTOSLegalBenchClassification,https://huggingface.co/datasets/mteb/UnfairTOSLegalBenchClassification,Pretraining benchmark dataset,False
L2_36,2,Loan App / Fintech,"App bundles consent for data collection, marketing communications, and third-party data sharing into a single 'accept terms' toggle rather than obtaining itemised, purpose-specific consent for each use.",Non-itemised/bundled consent,"DPDP Act 2023 (specific, informed, itemised consent requirement)",High-risk,Nevatrix DPDP compliance guide,https://nevatrix.com/blog/dpdp-act-compliance-mobile-apps-india,,False
L1_203,1,General Terms of Service,we do not guarantee we will take action against all breaches of this user agreement . ,Compliant Term,CLAUDETTE Benchmark (Unfair TOS),Low-risk,mteb/UnfairTOSLegalBenchClassification,https://huggingface.co/datasets/mteb/UnfairTOSLegalBenchClassification,Pretraining benchmark dataset,False
L1_198,1,General Terms of Service,"uber shall not be liable for any damages , liability or losses arising out of : ( i ) your use of or reliance on the services or your inability to access or use the services ; or ( ii ) any transaction or relationship between you and any third party provider , even if uber has been advised of the possibility of such damages . ",Compliant Term,CLAUDETTE Benchmark (Unfair TOS),Low-risk,mteb/UnfairTOSLegalBenchClassification,https://huggingface.co/datasets/mteb/UnfairTOSLegalBenchClassification,Pretraining benchmark dataset,False
L1_610,1,General Terms of Service,"if you wish to make any use of material on or in the products other than that set out above , please address your request to help@headspace.com . ",Compliant Term,CLAUDETTE Benchmark (Unfair TOS),Low-risk,mteb/UnfairTOSLegalBenchClassification,https://huggingface.co/datasets/mteb/UnfairTOSLegalBenchClassification,Pretraining benchmark dataset,False
L1_339,1,General Terms of Service,"offer , as a host , any accommodation that you do not yourself own or have permission to make available as a residential or other property through the airbnb platform ; ",Compliant Term,CLAUDETTE Benchmark (Unfair TOS),Low-risk,mteb/UnfairTOSLegalBenchClassification,https://huggingface.co/datasets/mteb/UnfairTOSLegalBenchClassification,Pretraining benchmark dataset,False
L1_1355,1,General Terms of Service,"when a child under the age of thirteen ( 13 ) contacts linden lab , for example , to participate in a contest or to ask a question , we may collect that child 's email address and the e-mail address of the child 's parent or guardian . ",Compliant Term,CLAUDETTE Benchmark (Unfair TOS),Low-risk,mteb/UnfairTOSLegalBenchClassification,https://huggingface.co/datasets/mteb/UnfairTOSLegalBenchClassification,Pretraining benchmark dataset,False
L1_1047,1,General Terms of Service,"to opt-out , you must notify headspace in writing no later than 30 days after first becoming subject to this arbitration agreement . ",Compliant Term,CLAUDETTE Benchmark (Unfair TOS),Low-risk,mteb/UnfairTOSLegalBenchClassification,https://huggingface.co/datasets/mteb/UnfairTOSLegalBenchClassification,Pretraining benchmark dataset,False
L1_1663,1,General Terms of Service,• with whom we share that information . ,Compliant Term,CLAUDETTE Benchmark (Unfair TOS),Low-risk,mteb/UnfairTOSLegalBenchClassification,https://huggingface.co/datasets/mteb/UnfairTOSLegalBenchClassification,Pretraining benchmark dataset,False
L3_101,3,Gig Contract,Platform reserves the right to deactivate gig worker account immediately without issuing notice or disclosing reasons.,Arbitrary deactivation without notice,Karnataka/Rajasthan Gig Worker Acts,High-risk,RakshakAI Synthetic Generator (Layer 3),internal://synthetic_layer3,Synthetic clause generated for Gig Worker Legislation,False
L1_2057,1,General Terms of Service,• what information we may collect about you ; ,Compliant Term,CLAUDETTE Benchmark (Unfair TOS),Low-risk,mteb/UnfairTOSLegalBenchClassification,https://huggingface.co/datasets/mteb/UnfairTOSLegalBenchClassification,Pretraining benchmark dataset,False
L1_578,1,General Terms of Service,any rights not expressly granted herein are reserved . ,Compliant Term,CLAUDETTE Benchmark (Unfair TOS),Low-risk,mteb/UnfairTOSLegalBenchClassification,https://huggingface.co/datasets/mteb/UnfairTOSLegalBenchClassification,Pretraining benchmark dataset,False
L1_228,1,General Terms of Service,"however , we have the right , without payment to you or others , to serve ads near your content and information , and your social actions on sponsored content and company pages may be visible , as noted in the privacy policy . ",Compliant Term,CLAUDETTE Benchmark (Unfair TOS),Low-risk,mteb/UnfairTOSLegalBenchClassification,https://huggingface.co/datasets/mteb/UnfairTOSLegalBenchClassification,Pretraining benchmark dataset,False
L1_1970,1,General Terms of Service,"by agreeing to become a member you opt-in to receiving occasional special offer , marketing , survey and product based communication emails . ",Compliant Term,CLAUDETTE Benchmark (Unfair TOS),Low-risk,mteb/UnfairTOSLegalBenchClassification,https://huggingface.co/datasets/mteb/UnfairTOSLegalBenchClassification,Pretraining benchmark dataset,False
L1_957,1,General Terms of Service,"you represent and warrant that : ( i ) you either are the sole and exclusive owner of all user content or you have all rights , licenses , consents and releases necessary to grant uber the license to the user content as set forth above ; and ( ii ) neither the user content nor your submission , uploading , publishing or otherwise making available of such user content nor uber 's use of the user content as permitted herein will infringe , misappropriate or violate a third party 's intellectual property or proprietary rights , or rights of publicity or privacy , or result in the violation of any applicable law or regulation . ",Compliant Term,CLAUDETTE Benchmark (Unfair TOS),Low-risk,mteb/UnfairTOSLegalBenchClassification,https://huggingface.co/datasets/mteb/UnfairTOSLegalBenchClassification,Pretraining benchmark dataset,False
L1_1955,1,General Terms of Service,"if we fail to comply with these terms , we will be liable to you only for the purchase price of the products in question . ",Compliant Term,CLAUDETTE Benchmark (Unfair TOS),Low-risk,mteb/UnfairTOSLegalBenchClassification,https://huggingface.co/datasets/mteb/UnfairTOSLegalBenchClassification,Pretraining benchmark dataset,False
L1_513,1,General Terms of Service,any unauthorised use of the services is strictly prohibited and will terminate the licence granted in these terms . ,Compliant Term,CLAUDETTE Benchmark (Unfair TOS),Low-risk,mteb/UnfairTOSLegalBenchClassification,https://huggingface.co/datasets/mteb/UnfairTOSLegalBenchClassification,Pretraining benchmark dataset,False
L1_567,1,General Terms of Service,"you agree that , except to the extent inconsistent with or preempted by federal law , the laws of the state of utah , without regard to principles of conflict of laws , will govern the user agreement and any claim or dispute that has arisen or may arise between you and ebay , except as otherwise stated in the user agreement . ",Compliant Term,CLAUDETTE Benchmark (Unfair TOS),Low-risk,mteb/UnfairTOSLegalBenchClassification,https://huggingface.co/datasets/mteb/UnfairTOSLegalBenchClassification,Pretraining benchmark dataset,False
L1_1831,1,General Terms of Service,you can get a copy of your invoice through your linkedin account settings under `` purchase history '' . ,Compliant Term,CLAUDETTE Benchmark (Unfair TOS),Low-risk,mteb/UnfairTOSLegalBenchClassification,https://huggingface.co/datasets/mteb/UnfairTOSLegalBenchClassification,Pretraining benchmark dataset,False
L3_28,3,Loan App / Fintech,Borrowers may submit an in-app request for permanent erasure of personal data once all loan obligations are fully satisfied. Pursuant to updated statutory terms.,Compliant data erasure,DPDP Act 2023,Low-risk,RakshakAI Synthetic Generator (Layer 3),internal://synthetic_layer3,Synthetic clause generated for DPDP Act 2023 §12 (Right to Erasure),False
L1_363,1,General Terms of Service,trademarks and logos used in connection with the services are be the trademarks of their respective owners . ,Compliant Term,CLAUDETTE Benchmark (Unfair TOS),Low-risk,mteb/UnfairTOSLegalBenchClassification,https://huggingface.co/datasets/mteb/UnfairTOSLegalBenchClassification,Pretraining benchmark dataset,False
L1_301,1,General Terms of Service,"if you are acting as a business , you agree to submit to the exclusive jurisdiction of the irish courts . ",Compliant Term,CLAUDETTE Benchmark (Unfair TOS),Low-risk,mteb/UnfairTOSLegalBenchClassification,https://huggingface.co/datasets/mteb/UnfairTOSLegalBenchClassification,Pretraining benchmark dataset,False
L1_525,1,General Terms of Service,5.9 airbnb respects copyright law and expects its members to do the same . ,Compliant Term,CLAUDETTE Benchmark (Unfair TOS),Low-risk,mteb/UnfairTOSLegalBenchClassification,https://huggingface.co/datasets/mteb/UnfairTOSLegalBenchClassification,Pretraining benchmark dataset,False
L1_456,1,General Terms of Service,"it is fitbit 's policy , in appropriate circumstances and at our discretion , to disable or terminate the accounts of users who repeatedly infringe the rights of copyright holders . ",Compliant Term,CLAUDETTE Benchmark (Unfair TOS),Low-risk,mteb/UnfairTOSLegalBenchClassification,https://huggingface.co/datasets/mteb/UnfairTOSLegalBenchClassification,Pretraining benchmark dataset,False
L1_1337,1,General Terms of Service,"we do not endorse , support , represent or guarantee the completeness , truthfulness , accuracy , or reliability of any content or communications posted via the services or endorse any opinions expressed via the services . ",Compliant Term,CLAUDETTE Benchmark (Unfair TOS),Low-risk,mteb/UnfairTOSLegalBenchClassification,https://huggingface.co/datasets/mteb/UnfairTOSLegalBenchClassification,Pretraining benchmark dataset,False
L1_260,1,General Terms of Service,"you may submit feedback by emailing us , through the `` contact '' section of the airbnb platform , or by other means of communication . ",Compliant Term,CLAUDETTE Benchmark (Unfair TOS),Low-risk,mteb/UnfairTOSLegalBenchClassification,https://huggingface.co/datasets/mteb/UnfairTOSLegalBenchClassification,Pretraining benchmark dataset,False
L1_2034,1,General Terms of Service,"the quality of the display of the netflix content may vary from device to device , and may be affected by a variety of factors , such as your location , the bandwidth available through and/or speed of your internet connection . ",Compliant Term,CLAUDETTE Benchmark (Unfair TOS),Low-risk,mteb/UnfairTOSLegalBenchClassification,https://huggingface.co/datasets/mteb/UnfairTOSLegalBenchClassification,Pretraining benchmark dataset,False
L3_38,3,Loan App / Fintech,App only requests essential permissions required for one-time KYC verification (camera for document capture and location for geo-tagging). Pursuant to updated statutory terms.,Compliant data minimisation,DPDP Act 2023,Low-risk,RakshakAI Synthetic Generator (Layer 3),internal://synthetic_layer3,Synthetic clause generated for DPDP Act 2023 §6 (Data Minimisation),False
L1_246,1,General Terms of Service,your use of the service must be in accordance with these terms . ,Compliant Term,CLAUDETTE Benchmark (Unfair TOS),Low-risk,mteb/UnfairTOSLegalBenchClassification,https://huggingface.co/datasets/mteb/UnfairTOSLegalBenchClassification,Pretraining benchmark dataset,False
L1_1854,1,General Terms of Service,"if such dispute has not been settled within sixty ( 60 ) days after a request for mediation has been submitted under such icc mediation rules , such dispute can be referred to and shall be exclusively and finally resolved by arbitration under the rules of arbitration of the international chamber of commerce ( `` icc arbitration rules '' ) . ",Compliant Term,CLAUDETTE Benchmark (Unfair TOS),Low-risk,mteb/UnfairTOSLegalBenchClassification,https://huggingface.co/datasets/mteb/UnfairTOSLegalBenchClassification,Pretraining benchmark dataset,False
L1_375,1,General Terms of Service,"you acknowledge and agree that you have no expectation of privacy concerning the transmission of any user content , including without limitation chat text or voice communications . ",Compliant Term,CLAUDETTE Benchmark (Unfair TOS),Low-risk,mteb/UnfairTOSLegalBenchClassification,https://huggingface.co/datasets/mteb/UnfairTOSLegalBenchClassification,Pretraining benchmark dataset,False
L1_1576,1,General Terms of Service,sections 6 and 11 though 16 shall survive termination . ,Compliant Term,CLAUDETTE Benchmark (Unfair TOS),Low-risk,mteb/UnfairTOSLegalBenchClassification,https://huggingface.co/datasets/mteb/UnfairTOSLegalBenchClassification,Pretraining benchmark dataset,False
L1_844,1,General Terms of Service,judicial proceedings that you are able to bring against us arising from or in connection with these terms may only be brought in a court located in ireland or a court with jurisdiction in your place of residence . ,Compliant Term,CLAUDETTE Benchmark (Unfair TOS),Low-risk,mteb/UnfairTOSLegalBenchClassification,https://huggingface.co/datasets/mteb/UnfairTOSLegalBenchClassification,Pretraining benchmark dataset,False
L1_1277,1,General Terms of Service,"7.1.5 the placement and ranking of listings in search results on the airbnb platform may vary and depend on a variety of factors , such as guest search parameters and preferences , host requirements , price and calendar availability , number and quality of images , customer service and cancellation history , reviews and ratings , type of host service , and/or ease of booking . ",Compliant Term,CLAUDETTE Benchmark (Unfair TOS),Low-risk,mteb/UnfairTOSLegalBenchClassification,https://huggingface.co/datasets/mteb/UnfairTOSLegalBenchClassification,Pretraining benchmark dataset,False
L3_17,3,Loan App / Fintech,"User personal and credit data is strictly restricted to credit assessment and loan servicing, and is never shared for marketing. Applicable across all digital channels.",Compliant purpose limitation,DPDP Act 2023,Low-risk,RakshakAI Synthetic Generator (Layer 3),internal://synthetic_layer3,Synthetic clause generated for DPDP Act 2023 §6 (Purpose Limitation),False
L1_580,1,General Terms of Service,"upon our receipt of a proper notice of claimed infringement under the dmca , we will respond expeditiously to remove , or disable access to , the material claimed to be infringing and will follow the procedures specified in the dmca to resolve the claim between the notifying party and the alleged infringer who provided the content in issue . ",Compliant Term,CLAUDETTE Benchmark (Unfair TOS),Low-risk,mteb/UnfairTOSLegalBenchClassification,https://huggingface.co/datasets/mteb/UnfairTOSLegalBenchClassification,Pretraining benchmark dataset,False
L2_27,2,Loan App / Fintech,"Multiple digital lending apps access a borrower's entire contact list, photo gallery, and call logs during onboarding, later using this data to contact or threaten the borrower's personal and professional contacts during recovery.",Unauthorized data access / harassment via third parties,RBI Digital Lending Guidelines 2022 (no unauthorized contact/gallery access); DPDP Act 2023,High-risk,Multiple corroborating consumer-guidance sources,https://righttoinformation.wiki/loan-app-threatening-contacts-india,"Pattern corroborated across Nyaykar, JuriGram, and RightToInformation.wiki sources.",False
L1_168,1,General Terms of Service,third-party shopping services are offered by third parties at the sole responsibility of third parties . ,Compliant Term,CLAUDETTE Benchmark (Unfair TOS),Low-risk,mteb/UnfairTOSLegalBenchClassification,https://huggingface.co/datasets/mteb/UnfairTOSLegalBenchClassification,Pretraining benchmark dataset,False
L4_21,4,Loan App / Fintech,Supplementary Term: Detailed breakdown of interest matrices and administrative surcharges will be made accessible within user profile menus following disbursement. as updated in statutory terms.,Omission of KFS,RBI Digital Lending Directions,High-risk,RakshakAI Adversarial Rewriter (Layer 4),internal://adversarial_layer4,Disguised phrasing rewrite requiring human review,True
L1_635,1,General Terms of Service,the foregoing shall not apply to the extent that applicable law in your country of residence requires application of another law and/or jurisdiction and this can not be excluded by contract . ,Compliant Term,CLAUDETTE Benchmark (Unfair TOS),Low-risk,mteb/UnfairTOSLegalBenchClassification,https://huggingface.co/datasets/mteb/UnfairTOSLegalBenchClassification,Pretraining benchmark dataset,False
L2_49,2,Loan App / Fintech,RBI suspended the co-lending arrangements of two mid-sized NBFCs in Q4 2025 specifically for violating the requirement that loan funds be disbursed directly to the borrower's own bank account rather than through an intermediary.,Improper fund routing via intermediary,RBI Digital Lending Guidelines 2022 / Digital Lending Directions 2025 (direct disbursal requirement),High-risk,"Product Growth Intelligence, fintech compliance analysis",https://productgrowth.in/insights/fintech/rbi-digital-lending/,Entities not named in source — treat as a documented enforcement pattern rather than a named-entity citation.,False
L1_1597,1,General Terms of Service,"in connection with content you upload , publish , or submit to any part of the service , you affirm , represent , and warrant that you own or have all necessary intellectual property rights , licenses , consents , and permissions to use and authorize linden lab and users of the service to use the content in the manner contemplated by the service and these terms . ",Compliant Term,CLAUDETTE Benchmark (Unfair TOS),Low-risk,mteb/UnfairTOSLegalBenchClassification,https://huggingface.co/datasets/mteb/UnfairTOSLegalBenchClassification,Pretraining benchmark dataset,False
L1_1569,1,General Terms of Service,our business model is to make the service so valuable that our users will want to subscribe to a paid service . ,Compliant Term,CLAUDETTE Benchmark (Unfair TOS),Low-risk,mteb/UnfairTOSLegalBenchClassification,https://huggingface.co/datasets/mteb/UnfairTOSLegalBenchClassification,Pretraining benchmark dataset,False
L1_387,1,General Terms of Service,"the netflix software is developed by , or for , netflix and is designed to enable viewing of netflix content through netflix ready devices . ",Compliant Term,CLAUDETTE Benchmark (Unfair TOS),Low-risk,mteb/UnfairTOSLegalBenchClassification,https://huggingface.co/datasets/mteb/UnfairTOSLegalBenchClassification,Pretraining benchmark dataset,False
L1_63,1,General Terms of Service,- ordered on ( * ) / received on ( * ) ; ,Compliant Term,CLAUDETTE Benchmark (Unfair TOS),Low-risk,mteb/UnfairTOSLegalBenchClassification,https://huggingface.co/datasets/mteb/UnfairTOSLegalBenchClassification,Pretraining benchmark dataset,False
L1_1193,1,General Terms of Service,"crowdtangle , in its sole discretion , has the right to suspend , terminate or restrict your access to the services , or any other crowdtangle service , for any reason and at any time . ",Compliant Term,CLAUDETTE Benchmark (Unfair TOS),Low-risk,mteb/UnfairTOSLegalBenchClassification,https://huggingface.co/datasets/mteb/UnfairTOSLegalBenchClassification,Pretraining benchmark dataset,False
L1_231,1,General Terms of Service,( a ) these terms and the order set out the whole agreement between you and us for the supply of the products . ,Compliant Term,CLAUDETTE Benchmark (Unfair TOS),Low-risk,mteb/UnfairTOSLegalBenchClassification,https://huggingface.co/datasets/mteb/UnfairTOSLegalBenchClassification,Pretraining benchmark dataset,False
L1_1299,1,General Terms of Service,"unused storage , plays , and other limits do not roll over to subsequent subscription periods . ",Compliant Term,CLAUDETTE Benchmark (Unfair TOS),Low-risk,mteb/UnfairTOSLegalBenchClassification,https://huggingface.co/datasets/mteb/UnfairTOSLegalBenchClassification,Pretraining benchmark dataset,False
L1_1155,1,General Terms of Service,"if you are a u.s. government end user , we are licensing the amazon software to you as a `` commercial item '' as that term is defined in the u.s. code of federal regulations ( see 48 c.f.r. § 2.101 ) , and the rights we grant you to the amazon software are the same as the rights we grant to all others under these conditions of use . ",Compliant Term,CLAUDETTE Benchmark (Unfair TOS),Low-risk,mteb/UnfairTOSLegalBenchClassification,https://huggingface.co/datasets/mteb/UnfairTOSLegalBenchClassification,Pretraining benchmark dataset,False
L1_655,1,General Terms of Service,"you may use amazon software solely for purposes of enabling you to use the amazon services as provided by amazon , and as permitted by these conditions of use and any service terms . ",Compliant Term,CLAUDETTE Benchmark (Unfair TOS),Low-risk,mteb/UnfairTOSLegalBenchClassification,https://huggingface.co/datasets/mteb/UnfairTOSLegalBenchClassification,Pretraining benchmark dataset,False
L1_1184,1,General Terms of Service,nothing in this agreement shall exclue or limit tripadvisor 's liability for ( i ) death or personal infury caused by negligence ; ( ii ) fraud ; ( iii ) fraudulent mistatement ( iv ) deliberate breach or gross negligence ( v ) any other liability which can not be excluded under applicable law . ,Compliant Term,CLAUDETTE Benchmark (Unfair TOS),Low-risk,mteb/UnfairTOSLegalBenchClassification,https://huggingface.co/datasets/mteb/UnfairTOSLegalBenchClassification,Pretraining benchmark dataset,False
L1_308,1,General Terms of Service,"if vimeo deletes your account for the foregoing reasons , you may not re-register for the vimeo service . ",Compliant Term,CLAUDETTE Benchmark (Unfair TOS),Low-risk,mteb/UnfairTOSLegalBenchClassification,https://huggingface.co/datasets/mteb/UnfairTOSLegalBenchClassification,Pretraining benchmark dataset,False
L1_1582,1,General Terms of Service,"if the value of the relief sought is us$ 10,000 or less , either of us may elect to have the arbitration conducted by telephone or based solely on written submissions , which election shall be binding on us subject to the arbitrator 's discretion to require an in-person hearing . ",Compliant Term,CLAUDETTE Benchmark (Unfair TOS),Low-risk,mteb/UnfairTOSLegalBenchClassification,https://huggingface.co/datasets/mteb/UnfairTOSLegalBenchClassification,Pretraining benchmark dataset,False
L3_44,3,Loan App / Fintech,Platform tracks behavioral analytics and serves targeted financial advertisements to users identified as under 18 years of age. Subject to regulatory audit.,Unlawful tracking of minors,DPDP Act 2023,High-risk,RakshakAI Synthetic Generator (Layer 3),internal://synthetic_layer3,Synthetic clause generated for DPDP Act 2023 §9 (Processing of Children Data),False
L3_71,3,Loan App / Fintech,App requests continuous background access to contact lists and call logs to monitor borrower behavior.,Prohibited contact and file access,RBI Digital Lending Directions,High-risk,RakshakAI Synthetic Generator (Layer 3),internal://synthetic_layer3,Synthetic clause generated for RBI Digital Lending Guidelines 2022,False
L2_82,2,Loan App / Fintech,Dvara Research found a BNPL provider's (Unicard's) loan terms included a clause where the borrower waived any legal defence under usury laws relating to the interest being charged.,Waiver of statutory interest-rate protections,Usurious Loans Act 1918; RBI interest rate directions,High-risk,"Dvara Research, 'The Costs of Using BNPL Products'",https://dvararesearch.com/wp-content/uploads/2023/12/The-Costs-of-using-Buy-Now-Pay-Later-BNPL-products.pdf,T&Cs reviewed by Dvara in 2022; note 'terms may have changed since',False
L1_199,1,General Terms of Service,"using cheats , automation software ( bots ) , hacks , mods or any other unauthorised software designed to modify the nintendo account service or any part of it or using any unauthorised user device or any unauthorised modification of the user device ; attempting to derive source code of the nintendo account service ; ",Compliant Term,CLAUDETTE Benchmark (Unfair TOS),Low-risk,mteb/UnfairTOSLegalBenchClassification,https://huggingface.co/datasets/mteb/UnfairTOSLegalBenchClassification,Pretraining benchmark dataset,False
L1_933,1,General Terms of Service,"this license is provided solely for your personal , non-commercial use and enjoyment of the fitbit service as permitted in these terms . ",Compliant Term,CLAUDETTE Benchmark (Unfair TOS),Low-risk,mteb/UnfairTOSLegalBenchClassification,https://huggingface.co/datasets/mteb/UnfairTOSLegalBenchClassification,Pretraining benchmark dataset,False
L1_638,1,General Terms of Service,vimeo provides the vimeo service on an `` as is '' and `` as available '' basis . ,Compliant Term,CLAUDETTE Benchmark (Unfair TOS),Low-risk,mteb/UnfairTOSLegalBenchClassification,https://huggingface.co/datasets/mteb/UnfairTOSLegalBenchClassification,Pretraining benchmark dataset,False
L1_1927,1,General Terms of Service,"your use of others ' content and information posted on our services , is at your own risk . ",Compliant Term,CLAUDETTE Benchmark (Unfair TOS),Low-risk,mteb/UnfairTOSLegalBenchClassification,https://huggingface.co/datasets/mteb/UnfairTOSLegalBenchClassification,Pretraining benchmark dataset,False
L1_687,1,General Terms of Service,"all licenses granted by linden lab to use the service , including any virtual tender will automatically terminate . ",Compliant Term,CLAUDETTE Benchmark (Unfair TOS),Low-risk,mteb/UnfairTOSLegalBenchClassification,https://huggingface.co/datasets/mteb/UnfairTOSLegalBenchClassification,Pretraining benchmark dataset,False
L3_22,3,Loan App / Fintech,Borrowers cannot request deletion of personal information after full settlement of their loan account. Applicable across all digital channels.,Denial of data erasure,DPDP Act 2023,High-risk,RakshakAI Synthetic Generator (Layer 3),internal://synthetic_layer3,Synthetic clause generated for DPDP Act 2023 §12 (Right to Erasure),False
L1_1323,1,General Terms of Service,for any transactions in nintendo shopping services you will receive an electronic receipt confirming the transaction . ,Compliant Term,CLAUDETTE Benchmark (Unfair TOS),Low-risk,mteb/UnfairTOSLegalBenchClassification,https://huggingface.co/datasets/mteb/UnfairTOSLegalBenchClassification,Pretraining benchmark dataset,False
L1_1961,1,General Terms of Service,"to the maximum extent permitted by law , supercell shall not be liable to you for any indirect , incidental , consequential , special , punitive or other similar damages , including but not limited to loss of revenues , lost profits , lost data or business interruption or other intangible losses ( however such losses are qualified ) , arising out of or relating in any way to these terms of service or the service itself , whether based on contract , tort or any other legal theory , and whether or not supercell has been advised of the possibility of such damages . ",Compliant Term,CLAUDETTE Benchmark (Unfair TOS),Low-risk,mteb/UnfairTOSLegalBenchClassification,https://huggingface.co/datasets/mteb/UnfairTOSLegalBenchClassification,Pretraining benchmark dataset,False
L1_1542,1,General Terms of Service,"restrictions : except as expressly permitted by vimeo in writing , you will not scrape , reproduce , redistribute , sell , create derivative works from , decompile , reverse engineer , or disassemble the vimeo service or any source code therein . ",Compliant Term,CLAUDETTE Benchmark (Unfair TOS),Low-risk,mteb/UnfairTOSLegalBenchClassification,https://huggingface.co/datasets/mteb/UnfairTOSLegalBenchClassification,Pretraining benchmark dataset,False
L1_1907,1,General Terms of Service,"all rights not expressly granted to you in these conditions of use or any service terms are reserved and retained by amazon or its licensors , suppliers , publishers , rightsholders , or other content providers . ",Compliant Term,CLAUDETTE Benchmark (Unfair TOS),Low-risk,mteb/UnfairTOSLegalBenchClassification,https://huggingface.co/datasets/mteb/UnfairTOSLegalBenchClassification,Pretraining benchmark dataset,False
L1_327,1,General Terms of Service,"at linden lab 's request , you agree to defend , indemnify and hold harmless linden lab , its officers , directors , shareholders , employees , subsidiaries , and agents from all damages , liabilities , claims and expenses , including without limitation attorneys ' fees and costs , arising from : ( i ) your user content ; ( ii ) your acts , omissions , or use of the service , including without limitation your negligent , willful or illegal conduct ; ( iii ) your breach or alleged breach by you of this agreement , including without limitation your representations and warranties relating to your content ; ( iv ) your violation or anticipatory violation of any applicable law , rule or order in connection with your use of or activities in the service ; ( v ) information or material transmitted through your internet device that infringes or misappropriates any intellectual property right ; ( vi ) any misrepresentation made by you ; ( vii ) linden lab 's use of the information that you submit to us ; ( viii ) your purported `` ownership '' of any usage subscriptions or virtual items ; or ( ix ) the increase or decrease in `` value '' or loss of usage subscriptions or virtual items if linden lab deletes , terminates , or modifies them ( all of the foregoing , `` claims and losses '' ) . ",Compliant Term,CLAUDETTE Benchmark (Unfair TOS),Low-risk,mteb/UnfairTOSLegalBenchClassification,https://huggingface.co/datasets/mteb/UnfairTOSLegalBenchClassification,Pretraining benchmark dataset,False
L1_994,1,General Terms of Service,we 're providing you notice about our intellectual property rights . ,Compliant Term,CLAUDETTE Benchmark (Unfair TOS),Low-risk,mteb/UnfairTOSLegalBenchClassification,https://huggingface.co/datasets/mteb/UnfairTOSLegalBenchClassification,Pretraining benchmark dataset,False
L1_658,1,General Terms of Service,"the laws in jurisdictions may vary , but these taxes may be required to be collected and remitted as a percentage of the listing fees set by hosts , a set amount per day , or other variations , and are sometimes called `` transient occupancy taxes , '' `` hotel taxes , '' `` lodging taxes , '' `` city taxes , '' `` room taxes '' or `` tourist taxes '' ( `` occupancy taxes '' ) . ",Compliant Term,CLAUDETTE Benchmark (Unfair TOS),Low-risk,mteb/UnfairTOSLegalBenchClassification,https://huggingface.co/datasets/mteb/UnfairTOSLegalBenchClassification,Pretraining benchmark dataset,False
L1_1375,1,General Terms of Service,invite people you do not know to join your network ; ,Compliant Term,CLAUDETTE Benchmark (Unfair TOS),Low-risk,mteb/UnfairTOSLegalBenchClassification,https://huggingface.co/datasets/mteb/UnfairTOSLegalBenchClassification,Pretraining benchmark dataset,False
L1_213,1,General Terms of Service,"we also reserve the right to establish limits to the nature or size of storage available to you , the number of transmissions , the ability to send or receive email messages , the nature or size of any index or library information , the nature of , or your continued ability to access or distribute , your content and other data , and impose other limitations at any time , with or without notice . ",Compliant Term,CLAUDETTE Benchmark (Unfair TOS),Low-risk,mteb/UnfairTOSLegalBenchClassification,https://huggingface.co/datasets/mteb/UnfairTOSLegalBenchClassification,Pretraining benchmark dataset,False
L1_110,1,General Terms of Service,"other than as expressly authorized in the service , you shall not sell , purchase , redeem or otherwise transfer virtual items or merchandise to any person or entity or attempt any of the aforesaid , including but not limited to supercell , another user or any third party . ",Compliant Term,CLAUDETTE Benchmark (Unfair TOS),Low-risk,mteb/UnfairTOSLegalBenchClassification,https://huggingface.co/datasets/mteb/UnfairTOSLegalBenchClassification,Pretraining benchmark dataset,False
L1_248,1,General Terms of Service,"in addition , there are specific terms that apply to use of certain tripadvisor mobile applications . ",Compliant Term,CLAUDETTE Benchmark (Unfair TOS),Low-risk,mteb/UnfairTOSLegalBenchClassification,https://huggingface.co/datasets/mteb/UnfairTOSLegalBenchClassification,Pretraining benchmark dataset,False
L1_1924,1,General Terms of Service,"airbnb may , without prior notice , remove or disable access to any member content that airbnb finds to be in violation of these terms or airbnb 's then-current policies or standards , or otherwise may be harmful or objectionable to airbnb , its members , third parties , or property . ",Compliant Term,CLAUDETTE Benchmark (Unfair TOS),Low-risk,mteb/UnfairTOSLegalBenchClassification,https://huggingface.co/datasets/mteb/UnfairTOSLegalBenchClassification,Pretraining benchmark dataset,False
L2_51,2,Loan App / Fintech,"Over 2,000 unauthorized lending apps were flagged for removal from major app stores in early 2025 for operating without any connection to an RBI-licensed bank or NBFC.","Operating without regulated-entity backing, at scale",RBI Digital Lending Guidelines 2022,High-risk,"IncorpX, digital lending compliance guide",https://www.incorpx.io/blog/digital-lending-business-rbi-guidelines,Aggregate statistic — supporting context rather than a single named app.,False
L1_1371,1,General Terms of Service,"fitbit and its affiliates are referred to as `` fitbit , '' `` we , '' `` us , '' or `` our '' in these terms . ",Compliant Term,CLAUDETTE Benchmark (Unfair TOS),Low-risk,mteb/UnfairTOSLegalBenchClassification,https://huggingface.co/datasets/mteb/UnfairTOSLegalBenchClassification,Pretraining benchmark dataset,False
L1_712,1,General Terms of Service,"effective : january 10 , 2017 ",Compliant Term,CLAUDETTE Benchmark (Unfair TOS),Low-risk,mteb/UnfairTOSLegalBenchClassification,https://huggingface.co/datasets/mteb/UnfairTOSLegalBenchClassification,Pretraining benchmark dataset,False
L1_1917,1,General Terms of Service,"in such event , linden lab shall have no further obligation or liability to you under this agreement or otherwise , and you shall be entitled to no compensation or other payment , remedy , recourse or refund . ",Compliant Term,CLAUDETTE Benchmark (Unfair TOS),Low-risk,mteb/UnfairTOSLegalBenchClassification,https://huggingface.co/datasets/mteb/UnfairTOSLegalBenchClassification,Pretraining benchmark dataset,False
L1_966,1,General Terms of Service,judgment on the arbitration award may be entered in any court having jurisdiction thereof . ,Compliant Term,CLAUDETTE Benchmark (Unfair TOS),Low-risk,mteb/UnfairTOSLegalBenchClassification,https://huggingface.co/datasets/mteb/UnfairTOSLegalBenchClassification,Pretraining benchmark dataset,False
L1_821,1,General Terms of Service,"sections 4 , 6 and 7 of this contract ; ",Compliant Term,CLAUDETTE Benchmark (Unfair TOS),Low-risk,mteb/UnfairTOSLegalBenchClassification,https://huggingface.co/datasets/mteb/UnfairTOSLegalBenchClassification,Pretraining benchmark dataset,False
L3_74,3,Loan App / Fintech,App requests continuous background access to contact lists and call logs to monitor borrower behavior. Subject to regulatory audit.,Prohibited contact and file access,RBI Digital Lending Directions,High-risk,RakshakAI Synthetic Generator (Layer 3),internal://synthetic_layer3,Synthetic clause generated for RBI Digital Lending Guidelines 2022,False
L1_165,1,General Terms of Service,nintendo assumes no liability in respect of third-party services . ,Compliant Term,CLAUDETTE Benchmark (Unfair TOS),Low-risk,mteb/UnfairTOSLegalBenchClassification,https://huggingface.co/datasets/mteb/UnfairTOSLegalBenchClassification,Pretraining benchmark dataset,False
L1_1237,1,General Terms of Service,"however , amazon does not warrant that product descriptions or other content of any amazon service is accurate , complete , reliable , current , or error-free . ",Compliant Term,CLAUDETTE Benchmark (Unfair TOS),Low-risk,mteb/UnfairTOSLegalBenchClassification,https://huggingface.co/datasets/mteb/UnfairTOSLegalBenchClassification,Pretraining benchmark dataset,False
L1_1784,1,General Terms of Service,• some advanced listing upgrades will only be visible on certain services . ,Compliant Term,CLAUDETTE Benchmark (Unfair TOS),Low-risk,mteb/UnfairTOSLegalBenchClassification,https://huggingface.co/datasets/mteb/UnfairTOSLegalBenchClassification,Pretraining benchmark dataset,False
L1_1740,1,General Terms of Service,some cities may require a license to guide tours or to sail . ,Compliant Term,CLAUDETTE Benchmark (Unfair TOS),Low-risk,mteb/UnfairTOSLegalBenchClassification,https://huggingface.co/datasets/mteb/UnfairTOSLegalBenchClassification,Pretraining benchmark dataset,False
L1_333,1,General Terms of Service,"( v ) post , display , or transmit content that is obscene , hateful , involves terrorism , or is racially , ethnically or otherwise objectionable ; or ",Compliant Term,CLAUDETTE Benchmark (Unfair TOS),Low-risk,mteb/UnfairTOSLegalBenchClassification,https://huggingface.co/datasets/mteb/UnfairTOSLegalBenchClassification,Pretraining benchmark dataset,False
L1_147,1,General Terms of Service,"unless otherwise specified in these terms , all third party account content , if any , will be considered to be member content for all purposes of these terms . ",Compliant Term,CLAUDETTE Benchmark (Unfair TOS),Low-risk,mteb/UnfairTOSLegalBenchClassification,https://huggingface.co/datasets/mteb/UnfairTOSLegalBenchClassification,Pretraining benchmark dataset,False
L1_1494,1,General Terms of Service,"noe may , in its sole discretion , restrict the maximum amount of funds that may be uploaded to your wallet . ",Compliant Term,CLAUDETTE Benchmark (Unfair TOS),Low-risk,mteb/UnfairTOSLegalBenchClassification,https://huggingface.co/datasets/mteb/UnfairTOSLegalBenchClassification,Pretraining benchmark dataset,False
L1_734,1,General Terms of Service,"please note , however , that , except for the thirty ( 30 ) day period following the start of your subscription , all sales are final . ",Compliant Term,CLAUDETTE Benchmark (Unfair TOS),Low-risk,mteb/UnfairTOSLegalBenchClassification,https://huggingface.co/datasets/mteb/UnfairTOSLegalBenchClassification,Pretraining benchmark dataset,False
L1_1268,1,General Terms of Service,"the services may contain links to third-party websites , applications or other third-party services , and you understand that by accessing third-party links , you may be exposed to content that is offensive , harmful , inaccurate or otherwise inappropriate . ",Compliant Term,CLAUDETTE Benchmark (Unfair TOS),Low-risk,mteb/UnfairTOSLegalBenchClassification,https://huggingface.co/datasets/mteb/UnfairTOSLegalBenchClassification,Pretraining benchmark dataset,False
L1_2030,1,General Terms of Service,"if you elect to use any third party service or application that is integrated with evernote , you also agree that the licenses granted to evernote in the preceding paragraph shall apply to content that is submitted or uploaded through such third party service or application . ",Compliant Term,CLAUDETTE Benchmark (Unfair TOS),Low-risk,mteb/UnfairTOSLegalBenchClassification,https://huggingface.co/datasets/mteb/UnfairTOSLegalBenchClassification,Pretraining benchmark dataset,False
L1_59,1,General Terms of Service,we do n't promise to store or keep showing any information and content that you 've posted . ,Compliant Term,CLAUDETTE Benchmark (Unfair TOS),Low-risk,mteb/UnfairTOSLegalBenchClassification,https://huggingface.co/datasets/mteb/UnfairTOSLegalBenchClassification,Pretraining benchmark dataset,False
L1_987,1,General Terms of Service,"( iv ) take any action that imposes , or may impose , in our discretion , an unreasonable or disproportionately large load on our infrastructure ; ",Compliant Term,CLAUDETTE Benchmark (Unfair TOS),Low-risk,mteb/UnfairTOSLegalBenchClassification,https://huggingface.co/datasets/mteb/UnfairTOSLegalBenchClassification,Pretraining benchmark dataset,False
L1_1593,1,General Terms of Service,"( note that if you were a service user prior to december 4 , 2012 and formally elected to opt out of the arbitration agreement pursuant to the procedures set out in our terms of service that were effective as of december 4 , 2012 , you are not subject to this arbitration agreement . ) ",Compliant Term,CLAUDETTE Benchmark (Unfair TOS),Low-risk,mteb/UnfairTOSLegalBenchClassification,https://huggingface.co/datasets/mteb/UnfairTOSLegalBenchClassification,Pretraining benchmark dataset,False
L1_1333,1,General Terms of Service,"you agree not to use the products for illegal purposes ( including , without limitation , unlawful , harassing , libelous , invasion of another 's privacy , abusive , threatening or obscene purposes ) and you agree that you will comply with all laws , rules and regulations related to your use of the products . ",Compliant Term,CLAUDETTE Benchmark (Unfair TOS),Low-risk,mteb/UnfairTOSLegalBenchClassification,https://huggingface.co/datasets/mteb/UnfairTOSLegalBenchClassification,Pretraining benchmark dataset,False
L1_1376,1,General Terms of Service,compliance notice pursuant to 18 u.s.c. § 2257 ,Compliant Term,CLAUDETTE Benchmark (Unfair TOS),Low-risk,mteb/UnfairTOSLegalBenchClassification,https://huggingface.co/datasets/mteb/UnfairTOSLegalBenchClassification,Pretraining benchmark dataset,False
L1_472,1,General Terms of Service,you must not establish a link from any website that is not owned by you . ,Compliant Term,CLAUDETTE Benchmark (Unfair TOS),Low-risk,mteb/UnfairTOSLegalBenchClassification,https://huggingface.co/datasets/mteb/UnfairTOSLegalBenchClassification,Pretraining benchmark dataset,False
L1_627,1,General Terms of Service,"by accepting these terms of service , you agree to be bound by this arbitration clause and class action waiver . ",Compliant Term,CLAUDETTE Benchmark (Unfair TOS),Low-risk,mteb/UnfairTOSLegalBenchClassification,https://huggingface.co/datasets/mteb/UnfairTOSLegalBenchClassification,Pretraining benchmark dataset,False
L1_1676,1,General Terms of Service,duolingo may revise the pricing for the goods and services offered through the service at any time . ,Compliant Term,CLAUDETTE Benchmark (Unfair TOS),Low-risk,mteb/UnfairTOSLegalBenchClassification,https://huggingface.co/datasets/mteb/UnfairTOSLegalBenchClassification,Pretraining benchmark dataset,False
L1_1348,1,General Terms of Service,"as between you and linkedin , you own the content and information that you submit or post to the services and you are only granting linkedin and our affiliates the following non-exclusive license : a worldwide , transferable and sublicensable right to use , copy , modify , distribute , publish , and process , information and content that you provide through our services , without any further consent , notice and/or compensation to you or others . ",Compliant Term,CLAUDETTE Benchmark (Unfair TOS),Low-risk,mteb/UnfairTOSLegalBenchClassification,https://huggingface.co/datasets/mteb/UnfairTOSLegalBenchClassification,Pretraining benchmark dataset,False
L1_1123,1,General Terms of Service,"( d ) the products and their content are otherwise provided on an `` as is '' basis and we make no representations or warranties of any kind with respect to them , including as to the accuracy , completeness or currency of the products or their content . ",Compliant Term,CLAUDETTE Benchmark (Unfair TOS),Low-risk,mteb/UnfairTOSLegalBenchClassification,https://huggingface.co/datasets/mteb/UnfairTOSLegalBenchClassification,Pretraining benchmark dataset,False
L1_644,1,General Terms of Service,• harm or exploit minors ; ,Compliant Term,CLAUDETTE Benchmark (Unfair TOS),Low-risk,mteb/UnfairTOSLegalBenchClassification,https://huggingface.co/datasets/mteb/UnfairTOSLegalBenchClassification,Pretraining benchmark dataset,False
L1_949,1,General Terms of Service,"you must be at least 21 years of age to purchase alcohol , or use any site functionality related to alcohol . ",Compliant Term,CLAUDETTE Benchmark (Unfair TOS),Low-risk,mteb/UnfairTOSLegalBenchClassification,https://huggingface.co/datasets/mteb/UnfairTOSLegalBenchClassification,Pretraining benchmark dataset,False
L1_1363,1,General Terms of Service,engage in any act that supercell deems to be in conflict with the spirit or intent of the service or make improper use of supercell 's support services . ,Compliant Term,CLAUDETTE Benchmark (Unfair TOS),Low-risk,mteb/UnfairTOSLegalBenchClassification,https://huggingface.co/datasets/mteb/UnfairTOSLegalBenchClassification,Pretraining benchmark dataset,False
L1_1855,1,General Terms of Service,"16.4 you represent and warrant that you do not live in a us export-embargoed country or a country designated as a `` terrorist supporting '' country by the united states government , and that you are not on the list of people barred or excluded from the united states . ",Compliant Term,CLAUDETTE Benchmark (Unfair TOS),Low-risk,mteb/UnfairTOSLegalBenchClassification,https://huggingface.co/datasets/mteb/UnfairTOSLegalBenchClassification,Pretraining benchmark dataset,False
L1_204,1,General Terms of Service,"if you do not terminate your agreement before the date the revised terms become effective , your continued access to or use of the airbnb platform will constitute acceptance of the revised terms . ",Unfair Contract Terms,CLAUDETTE Benchmark (Unfair TOS),High-risk,mteb/UnfairTOSLegalBenchClassification,https://huggingface.co/datasets/mteb/UnfairTOSLegalBenchClassification,Pretraining benchmark dataset,False
L1_271,1,General Terms of Service,"airbnb is not acting as an agent in any capacity for any member , except as specified in the payments terms . ",Compliant Term,CLAUDETTE Benchmark (Unfair TOS),Low-risk,mteb/UnfairTOSLegalBenchClassification,https://huggingface.co/datasets/mteb/UnfairTOSLegalBenchClassification,Pretraining benchmark dataset,False
L1_1477,1,General Terms of Service,"your access to and use of the services may also be subject to other local , regional , national or international laws . ",Compliant Term,CLAUDETTE Benchmark (Unfair TOS),Low-risk,mteb/UnfairTOSLegalBenchClassification,https://huggingface.co/datasets/mteb/UnfairTOSLegalBenchClassification,Pretraining benchmark dataset,False
L1_2004,1,General Terms of Service,you must provide accurate and complete data during the registration and update your registration data if it changes . ,Compliant Term,CLAUDETTE Benchmark (Unfair TOS),Low-risk,mteb/UnfairTOSLegalBenchClassification,https://huggingface.co/datasets/mteb/UnfairTOSLegalBenchClassification,Pretraining benchmark dataset,False
L1_2016,1,General Terms of Service,"netflix does not accept unsolicited materials or ideas for netflix content , and is not responsible for the similarity of any of its content or programming in any media to materials or ideas transmitted to netflix . ",Compliant Term,CLAUDETTE Benchmark (Unfair TOS),Low-risk,mteb/UnfairTOSLegalBenchClassification,https://huggingface.co/datasets/mteb/UnfairTOSLegalBenchClassification,Pretraining benchmark dataset,False
L1_2029,1,General Terms of Service,"we attempt to be as accurate as possible and to eliminate errors in relation to our services ; however , we do not represent or warrant that any service descriptions or pricing information are accurate , complete , reliable , current or error-free . ",Compliant Term,CLAUDETTE Benchmark (Unfair TOS),Low-risk,mteb/UnfairTOSLegalBenchClassification,https://huggingface.co/datasets/mteb/UnfairTOSLegalBenchClassification,Pretraining benchmark dataset,False
L1_1322,1,General Terms of Service,"your continued use of tripadvisor now , or following the posting of any such notice of any changes , will indicate acceptance by you of such modifications . ",Unfair Contract Terms,CLAUDETTE Benchmark (Unfair TOS),High-risk,mteb/UnfairTOSLegalBenchClassification,https://huggingface.co/datasets/mteb/UnfairTOSLegalBenchClassification,Pretraining benchmark dataset,False
L4_22,4,Gig Contract,Worker participation status is dynamically evaluated; ratings falling below benchmark thresholds may trigger automated service pauses.,Arbitrary rating deactivation,Fair Management Principle,High-risk,RakshakAI Adversarial Rewriter (Layer 4),internal://adversarial_layer4,Disguised phrasing rewrite requiring human review,True
L1_1036,1,General Terms of Service,your access to this page verifies that your system/device meets these requirements . ,Compliant Term,CLAUDETTE Benchmark (Unfair TOS),Low-risk,mteb/UnfairTOSLegalBenchClassification,https://huggingface.co/datasets/mteb/UnfairTOSLegalBenchClassification,Pretraining benchmark dataset,False
L1_1112,1,General Terms of Service,"seat access : if you are a pro or business subscriber , you may grant access to your account to other vimeo members subject to a seat limit . ",Compliant Term,CLAUDETTE Benchmark (Unfair TOS),Low-risk,mteb/UnfairTOSLegalBenchClassification,https://huggingface.co/datasets/mteb/UnfairTOSLegalBenchClassification,Pretraining benchmark dataset,False
L1_1352,1,General Terms of Service,"( d ) your user material does not identify any individual ( including by way or name , address or a still picture or video ) under the age of 18 and if user material identifies any individual over the age of 18 , you have that person 's consent to being identified in exactly that way in your user material ; and in submitting your user material you are not impersonating any other person . ",Compliant Term,CLAUDETTE Benchmark (Unfair TOS),Low-risk,mteb/UnfairTOSLegalBenchClassification,https://huggingface.co/datasets/mteb/UnfairTOSLegalBenchClassification,Pretraining benchmark dataset,False
L1_1809,1,General Terms of Service,"if the correct price of an item sold by amazon is higher than our stated price , we will , at our discretion , either contact you for instructions before shipping or cancel your order and notify you of such cancellation . ",Compliant Term,CLAUDETTE Benchmark (Unfair TOS),Low-risk,mteb/UnfairTOSLegalBenchClassification,https://huggingface.co/datasets/mteb/UnfairTOSLegalBenchClassification,Pretraining benchmark dataset,False
L1_1990,1,General Terms of Service,"if you have questions about how local laws apply to your listing ( s ) and host service ( s ) on airbnb , you should always seek legal guidance . ",Compliant Term,CLAUDETTE Benchmark (Unfair TOS),Low-risk,mteb/UnfairTOSLegalBenchClassification,https://huggingface.co/datasets/mteb/UnfairTOSLegalBenchClassification,Pretraining benchmark dataset,False
L1_1054,1,General Terms of Service,what 's yours is yours -- you own your content ( and your photos and videos are part of the content ) . ,Compliant Term,CLAUDETTE Benchmark (Unfair TOS),Low-risk,mteb/UnfairTOSLegalBenchClassification,https://huggingface.co/datasets/mteb/UnfairTOSLegalBenchClassification,Pretraining benchmark dataset,False
L1_568,1,General Terms of Service,let us know about your complaint . ,Compliant Term,CLAUDETTE Benchmark (Unfair TOS),Low-risk,mteb/UnfairTOSLegalBenchClassification,https://huggingface.co/datasets/mteb/UnfairTOSLegalBenchClassification,Pretraining benchmark dataset,False
L1_1632,1,General Terms of Service,11.3 you agree that you will not and you will not assist or permit any third party to : ,Compliant Term,CLAUDETTE Benchmark (Unfair TOS),Low-risk,mteb/UnfairTOSLegalBenchClassification,https://huggingface.co/datasets/mteb/UnfairTOSLegalBenchClassification,Pretraining benchmark dataset,False
L1_1526,1,General Terms of Service,the services are available `` as-is '' ,Compliant Term,CLAUDETTE Benchmark (Unfair TOS),Low-risk,mteb/UnfairTOSLegalBenchClassification,https://huggingface.co/datasets/mteb/UnfairTOSLegalBenchClassification,Pretraining benchmark dataset,False
L1_1639,1,General Terms of Service,"if you reside outside of the united states and the people 's republic of china ( which for purposes of these terms does not include hong kong , macau and taiwan ) ( hereinafter `` china '' ) , you are contracting with airbnb ireland uc ( `` airbnb ireland '' ) , the watermarque building , south lotts road , ringsend , dublin 4 , ireland . ",Compliant Term,CLAUDETTE Benchmark (Unfair TOS),Low-risk,mteb/UnfairTOSLegalBenchClassification,https://huggingface.co/datasets/mteb/UnfairTOSLegalBenchClassification,Pretraining benchmark dataset,False
L1_251,1,General Terms of Service,"( i ) post or transmit viruses , trojan horses , worms , spyware , time bombs , cancelbots , or other computer programming routines that may harm the service or interests or rights of other users , or that may harvest or collect any data or information about other users without their consent ; ",Compliant Term,CLAUDETTE Benchmark (Unfair TOS),Low-risk,mteb/UnfairTOSLegalBenchClassification,https://huggingface.co/datasets/mteb/UnfairTOSLegalBenchClassification,Pretraining benchmark dataset,False
L4_29,4,Gig Contract,Notice: Mandatory safety kit items and branded equipment fees will be periodically debited from accrued partner earnings. (Refer to clause 14.2),Cost shifting to worker,Code on Social Security 2020,High-risk,RakshakAI Adversarial Rewriter (Layer 4),internal://adversarial_layer4,Disguised phrasing rewrite requiring human review,True
L1_1390,1,General Terms of Service,"content that impersonates any person or entity or otherwise misrepresents your affiliation with a person or entity , including tripadvisor ; ",Compliant Term,CLAUDETTE Benchmark (Unfair TOS),Low-risk,mteb/UnfairTOSLegalBenchClassification,https://huggingface.co/datasets/mteb/UnfairTOSLegalBenchClassification,Pretraining benchmark dataset,False
L1_1506,1,General Terms of Service,"( c ) as part of your use of the products , you affirmatively consent to the processing and storage of your personal information in the united states and the united kingdom , including the processing and storing of your personal information in the united states and the united kingdom for the purposes of processing payments and tracking individual use of the products . ",Compliant Term,CLAUDETTE Benchmark (Unfair TOS),Low-risk,mteb/UnfairTOSLegalBenchClassification,https://huggingface.co/datasets/mteb/UnfairTOSLegalBenchClassification,Pretraining benchmark dataset,False
L1_1644,1,General Terms of Service,• take any action that may undermine the feedback or ratings systems ( see about our feedback policies ) ; ,Compliant Term,CLAUDETTE Benchmark (Unfair TOS),Low-risk,mteb/UnfairTOSLegalBenchClassification,https://huggingface.co/datasets/mteb/UnfairTOSLegalBenchClassification,Pretraining benchmark dataset,False
L1_386,1,General Terms of Service,"21.3 if you reside outside of the united states and china , these terms will be interpreted in accordance with irish law . ",Compliant Term,CLAUDETTE Benchmark (Unfair TOS),Low-risk,mteb/UnfairTOSLegalBenchClassification,https://huggingface.co/datasets/mteb/UnfairTOSLegalBenchClassification,Pretraining benchmark dataset,False
L1_177,1,General Terms of Service,"in addition to filing this form with the aaa in accordance with its rules and procedures , the party initiating the arbitration must mail a copy of the completed form to the opposing party . ",Compliant Term,CLAUDETTE Benchmark (Unfair TOS),Low-risk,mteb/UnfairTOSLegalBenchClassification,https://huggingface.co/datasets/mteb/UnfairTOSLegalBenchClassification,Pretraining benchmark dataset,False
L1_543,1,General Terms of Service,"you understand and agree that , while you are free to provide additional payment as a gratuity to any third party provider who provides you with services or goods obtained through the service , you are under no obligation to do so . ",Compliant Term,CLAUDETTE Benchmark (Unfair TOS),Low-risk,mteb/UnfairTOSLegalBenchClassification,https://huggingface.co/datasets/mteb/UnfairTOSLegalBenchClassification,Pretraining benchmark dataset,False
L1_490,1,General Terms of Service,"nintendo may terminate this agreement , or any part of this agreement , at any time , without notice if you breach the terms of this agreement . ",Compliant Term,CLAUDETTE Benchmark (Unfair TOS),Low-risk,mteb/UnfairTOSLegalBenchClassification,https://huggingface.co/datasets/mteb/UnfairTOSLegalBenchClassification,Pretraining benchmark dataset,False
L1_1675,1,General Terms of Service,"uber reserves the right to withhold or deduct credits or other features or benefits obtained through the use of promo codes by you or any other user in the event that uber determines or believes that the use or redemption of the promo code was in error , fraudulent , illegal , or in violation of the applicable promo code terms or these terms . ",Compliant Term,CLAUDETTE Benchmark (Unfair TOS),Low-risk,mteb/UnfairTOSLegalBenchClassification,https://huggingface.co/datasets/mteb/UnfairTOSLegalBenchClassification,Pretraining benchmark dataset,False
L1_1357,1,General Terms of Service,notice for claims of intellectual property violations and copyright infringement pursuant to section 512 ( c ) of title 17 of the united states code ,Compliant Term,CLAUDETTE Benchmark (Unfair TOS),Low-risk,mteb/UnfairTOSLegalBenchClassification,https://huggingface.co/datasets/mteb/UnfairTOSLegalBenchClassification,Pretraining benchmark dataset,False
L1_621,1,General Terms of Service,"in addition , no agency , partnership , joint venture or franchise relationship is intended or created by this agreement . ",Compliant Term,CLAUDETTE Benchmark (Unfair TOS),Low-risk,mteb/UnfairTOSLegalBenchClassification,https://huggingface.co/datasets/mteb/UnfairTOSLegalBenchClassification,Pretraining benchmark dataset,False
L1_533,1,General Terms of Service,"accordingly , you represent and warrant that : ( i ) you either are the sole and exclusive owner of all member content that you make available through the site or services or you have all rights , licenses , consents and releases that are necessary to grant to academia.edu the rights in such member content , as contemplated under these terms ; and ( ii ) neither the member content nor your posting , uploading , publication , submission or transmittal of the member content or academia.edu 's use of the member content ( or any portion thereof ) on , through or by means of the site or services will infringe , misappropriate or violate a third party 's patent , copyright , trademark , trade secret , moral rights or other intellectual property rights , or rights of publicity or privacy , or result in the violation of any applicable law or regulation . ",Compliant Term,CLAUDETTE Benchmark (Unfair TOS),Low-risk,mteb/UnfairTOSLegalBenchClassification,https://huggingface.co/datasets/mteb/UnfairTOSLegalBenchClassification,Pretraining benchmark dataset,False
L1_2014,1,General Terms of Service,"when you submit any ideas , suggestions , documents and/or proposals relating to the service ( or other products or services ) to evernote through the `` contact us , '' user forum or support interfaces or through any other channel or mechanism ( collectively , `` contributions '' ) , you acknowledge and agree that : ( i ) your contributions do not contain confidential or proprietary information ; ( ii ) evernote is not under any obligation of confidentiality , express or implied , with respect to the contributions ; ( iii ) evernote shall be entitled to use or disclose ( or choose not to use or disclose ) such contributions for any purpose , in any way ; ( iv ) evernote may have something similar to the contributions already under consideration or in development ; ( v ) your contributions automatically become the property of evernote without any obligation of evernote to you ; and ( vi ) you are not entitled to any accounting , compensation or reimbursement of any kind from evernote under any circumstances . ",Compliant Term,CLAUDETTE Benchmark (Unfair TOS),Low-risk,mteb/UnfairTOSLegalBenchClassification,https://huggingface.co/datasets/mteb/UnfairTOSLegalBenchClassification,Pretraining benchmark dataset,False
L3_23,3,Loan App / Fintech,Borrowers cannot request deletion of personal information after full settlement of their loan account. Pursuant to updated statutory terms.,Denial of data erasure,DPDP Act 2023,High-risk,RakshakAI Synthetic Generator (Layer 3),internal://synthetic_layer3,Synthetic clause generated for DPDP Act 2023 §12 (Right to Erasure),False
L1_558,1,General Terms of Service,"by making any member content available through the site or services , you hereby grant to academia.edu a worldwide , revocable , non-exclusive , transferable license to exercise any and all rights under copyright , in any medium , and to authorize others to do the same , in connection with operating and providing the services and content to you and to other members , provided that the member content is not sold for a profit . ",Compliant Term,CLAUDETTE Benchmark (Unfair TOS),Low-risk,mteb/UnfairTOSLegalBenchClassification,https://huggingface.co/datasets/mteb/UnfairTOSLegalBenchClassification,Pretraining benchmark dataset,False
L1_416,1,General Terms of Service,"we can terminate your account or place your account on hold in order to protect you , netflix or our partners from identity theft or other fraudulent activity . ",Compliant Term,CLAUDETTE Benchmark (Unfair TOS),Low-risk,mteb/UnfairTOSLegalBenchClassification,https://huggingface.co/datasets/mteb/UnfairTOSLegalBenchClassification,Pretraining benchmark dataset,False
L1_245,1,General Terms of Service,"if there is a conflict between these terms and terms and conditions posted for a specific area of the site , services or collective content , the latter terms and conditions will take precedence with respect to your use of or access to that area of the site , services or collective content , as applicable . ",Compliant Term,CLAUDETTE Benchmark (Unfair TOS),Low-risk,mteb/UnfairTOSLegalBenchClassification,https://huggingface.co/datasets/mteb/UnfairTOSLegalBenchClassification,Pretraining benchmark dataset,False
L1_940,1,General Terms of Service,"you may not use the services for any illegal or unauthorized purpose , including in any way that violates copyright or other laws applicable in united states or otherwise applicable to you . ",Compliant Term,CLAUDETTE Benchmark (Unfair TOS),Low-risk,mteb/UnfairTOSLegalBenchClassification,https://huggingface.co/datasets/mteb/UnfairTOSLegalBenchClassification,Pretraining benchmark dataset,False
L1_1872,1,General Terms of Service,"because live , local , and any other crowd-sourced services are inherently public and chronicle matters of public interest , the license you grant us for content submitted to those services is broader . ",Compliant Term,CLAUDETTE Benchmark (Unfair TOS),Low-risk,mteb/UnfairTOSLegalBenchClassification,https://huggingface.co/datasets/mteb/UnfairTOSLegalBenchClassification,Pretraining benchmark dataset,False
L1_218,1,General Terms of Service,an arbitrator should apply the terms of the user agreement as a court would . ,Compliant Term,CLAUDETTE Benchmark (Unfair TOS),Low-risk,mteb/UnfairTOSLegalBenchClassification,https://huggingface.co/datasets/mteb/UnfairTOSLegalBenchClassification,Pretraining benchmark dataset,False
L2_42,2,Gig Contract,"Partners are required to pay mandatory training fees, reportedly as high as Rs 1 lakh including equipment costs, before being permitted to begin working on the platform.",Upfront cost burden shifted to worker,"Fair Pay principle (Fairwork); Code on Social Security 2020 (worker-cost protections, by analogy)",High-risk,"BusinessToday, covering Urban Company worker protest",https://www.businesstoday.in/latest/in-focus/story/urban-company-punishes-workers-for-user-cancellations-blocks-worker-id-over-poor-rating-385830-2023-06-15,,False
L1_102,1,General Terms of Service,"we may display age , comfort and content ratings for digital content that are based on information provided to us by the developers of such content . ",Compliant Term,CLAUDETTE Benchmark (Unfair TOS),Low-risk,mteb/UnfairTOSLegalBenchClassification,https://huggingface.co/datasets/mteb/UnfairTOSLegalBenchClassification,Pretraining benchmark dataset,False
L1_555,1,General Terms of Service,"ebay 's automated systems scan and analyze the contents of every message sent through its messages platform , including messages between users , to detect and prevent fraudulent activity or violations of ebay 's user agreement , including the incorporated terms , notices , rules , and policies . ",Compliant Term,CLAUDETTE Benchmark (Unfair TOS),Low-risk,mteb/UnfairTOSLegalBenchClassification,https://huggingface.co/datasets/mteb/UnfairTOSLegalBenchClassification,Pretraining benchmark dataset,False
L1_1510,1,General Terms of Service,"tripadvisor , the owl logo , the ratings bubbles and all other product or service names or slogans displayed on this website are registered and/or common law trademarks of tripadvisor and/or its suppliers or licensors , and may not be copied , imitated or used , in whole or in part , without the prior written permission of tripadvisor or the applicable trademark holder . ",Compliant Term,CLAUDETTE Benchmark (Unfair TOS),Low-risk,mteb/UnfairTOSLegalBenchClassification,https://huggingface.co/datasets/mteb/UnfairTOSLegalBenchClassification,Pretraining benchmark dataset,False
L1_1244,1,General Terms of Service,"private information of any third party , including , without limitation , surname ( family name ) addresses , phone numbers , email addresses , social security numbers and credit card numbers ; ",Compliant Term,CLAUDETTE Benchmark (Unfair TOS),Low-risk,mteb/UnfairTOSLegalBenchClassification,https://huggingface.co/datasets/mteb/UnfairTOSLegalBenchClassification,Pretraining benchmark dataset,False
L1_1445,1,General Terms of Service,"in that event , the parties shall replace the illegal , invalid or unenforceable provision or part thereof with a provision or part thereof that is legal , valid and enforceable and that has , to the greatest extent possible , a similar effect as the illegal , invalid or unenforceable provision or part thereof , given the contents and purpose of these terms . ",Compliant Term,CLAUDETTE Benchmark (Unfair TOS),Low-risk,mteb/UnfairTOSLegalBenchClassification,https://huggingface.co/datasets/mteb/UnfairTOSLegalBenchClassification,Pretraining benchmark dataset,False
L1_872,1,General Terms of Service,"other than this limited license and other rights you grant in these terms , evernote acknowledges and agrees that we do not obtain any right , title or interest from you under these terms in any of your content . ",Compliant Term,CLAUDETTE Benchmark (Unfair TOS),Low-risk,mteb/UnfairTOSLegalBenchClassification,https://huggingface.co/datasets/mteb/UnfairTOSLegalBenchClassification,Pretraining benchmark dataset,False
L1_380,1,General Terms of Service,"we will make reasonable efforts to notify you by the email address associated with your account or the next time you attempt to access your account , depending on the circumstances . ",Compliant Term,CLAUDETTE Benchmark (Unfair TOS),Low-risk,mteb/UnfairTOSLegalBenchClassification,https://huggingface.co/datasets/mteb/UnfairTOSLegalBenchClassification,Pretraining benchmark dataset,False
L1_818,1,General Terms of Service,"we welcome and encourage you to provide feedback , comments and suggestions for improvements to the site or services ( `` feedback '' ) . ",Compliant Term,CLAUDETTE Benchmark (Unfair TOS),Low-risk,mteb/UnfairTOSLegalBenchClassification,https://huggingface.co/datasets/mteb/UnfairTOSLegalBenchClassification,Pretraining benchmark dataset,False
L1_1685,1,General Terms of Service,"if you reside in the united states , you are contracting with airbnb , inc. , 888 brannan street , 4th floor , san francisco , ca 94103 , united states . ",Compliant Term,CLAUDETTE Benchmark (Unfair TOS),Low-risk,mteb/UnfairTOSLegalBenchClassification,https://huggingface.co/datasets/mteb/UnfairTOSLegalBenchClassification,Pretraining benchmark dataset,False
L1_2005,1,General Terms of Service,we regularly check list prices against prices recently found on amazon and other retailers . ,Compliant Term,CLAUDETTE Benchmark (Unfair TOS),Low-risk,mteb/UnfairTOSLegalBenchClassification,https://huggingface.co/datasets/mteb/UnfairTOSLegalBenchClassification,Pretraining benchmark dataset,False
L1_1063,1,General Terms of Service,"charges paid by you are final and non-refundable , unless otherwise determined by uber . ",Compliant Term,CLAUDETTE Benchmark (Unfair TOS),Low-risk,mteb/UnfairTOSLegalBenchClassification,https://huggingface.co/datasets/mteb/UnfairTOSLegalBenchClassification,Pretraining benchmark dataset,False
L1_1953,1,General Terms of Service,"by agreeing to these terms , you automatically enable memories . ",Compliant Term,CLAUDETTE Benchmark (Unfair TOS),Low-risk,mteb/UnfairTOSLegalBenchClassification,https://huggingface.co/datasets/mteb/UnfairTOSLegalBenchClassification,Pretraining benchmark dataset,False
L1_1641,1,General Terms of Service,"by continuing to access or use the site or services after we have posted a modification on the site or have provided you with notice of a modification , you are indicating that you agree to be bound by the modified terms . ",Unfair Contract Terms,CLAUDETTE Benchmark (Unfair TOS),High-risk,mteb/UnfairTOSLegalBenchClassification,https://huggingface.co/datasets/mteb/UnfairTOSLegalBenchClassification,Pretraining benchmark dataset,False
L1_1974,1,General Terms of Service,"if the claim is for $ 10,000 or less , the party initiating the arbitration may choose whether the arbitration will be conducted ( 1 ) solely on the basis of documents submitted to the arbitrator ; ( 2 ) through a non-appearance based telephonic hearing ; or ( 3 ) by an in-person hearing as established by the aaa rules in the county of your billing address . ",Compliant Term,CLAUDETTE Benchmark (Unfair TOS),Low-risk,mteb/UnfairTOSLegalBenchClassification,https://huggingface.co/datasets/mteb/UnfairTOSLegalBenchClassification,Pretraining benchmark dataset,False
L1_1633,1,General Terms of Service,"a waiver by duolingo or you of any provision of these terms and conditions or any breach thereof , in any one instance , will not waive such term or condition or any subsequent breach thereof . ",Compliant Term,CLAUDETTE Benchmark (Unfair TOS),Low-risk,mteb/UnfairTOSLegalBenchClassification,https://huggingface.co/datasets/mteb/UnfairTOSLegalBenchClassification,Pretraining benchmark dataset,False
L1_636,1,General Terms of Service,subscription accounts will remain active until the end of the subscription term and any renewal term . ,Compliant Term,CLAUDETTE Benchmark (Unfair TOS),Low-risk,mteb/UnfairTOSLegalBenchClassification,https://huggingface.co/datasets/mteb/UnfairTOSLegalBenchClassification,Pretraining benchmark dataset,False
L1_1114,1,General Terms of Service,"some jurisdictions do not allow the disclaimer of implied warranties and , to that extent , the foregoing disclaimers may not apply to you . ",Compliant Term,CLAUDETTE Benchmark (Unfair TOS),Low-risk,mteb/UnfairTOSLegalBenchClassification,https://huggingface.co/datasets/mteb/UnfairTOSLegalBenchClassification,Pretraining benchmark dataset,False
L1_392,1,General Terms of Service,"we offer a wide range of amazon services , and sometimes additional terms may apply . ",Compliant Term,CLAUDETTE Benchmark (Unfair TOS),Low-risk,mteb/UnfairTOSLegalBenchClassification,https://huggingface.co/datasets/mteb/UnfairTOSLegalBenchClassification,Pretraining benchmark dataset,False
L1_2020,1,General Terms of Service,"use the airbnb platform to request , make or accept a booking independent of the airbnb platform , to circumvent any service fees or for any other reason ; ",Compliant Term,CLAUDETTE Benchmark (Unfair TOS),Low-risk,mteb/UnfairTOSLegalBenchClassification,https://huggingface.co/datasets/mteb/UnfairTOSLegalBenchClassification,Pretraining benchmark dataset,False
L1_427,1,General Terms of Service,we 're relentlessly improving our services and creating new ones all the time . ,Compliant Term,CLAUDETTE Benchmark (Unfair TOS),Low-risk,mteb/UnfairTOSLegalBenchClassification,https://huggingface.co/datasets/mteb/UnfairTOSLegalBenchClassification,Pretraining benchmark dataset,False
L1_834,1,General Terms of Service,"in the event that duolingo suspends or terminates your use of the service or these terms and conditions or you close your account voluntarily , you understand and agree that you will receive no refund or exchange of any kind , including for any unused virtual currency or other virtual item , any content or data associated with your use of the service , or for anything else . ",Compliant Term,CLAUDETTE Benchmark (Unfair TOS),Low-risk,mteb/UnfairTOSLegalBenchClassification,https://huggingface.co/datasets/mteb/UnfairTOSLegalBenchClassification,Pretraining benchmark dataset,False
L1_1243,1,General Terms of Service,"nothing in the terms gives you a right to use the twitter name or any of the twitter trademarks , logos , domain names , and other distinctive brand features . ",Compliant Term,CLAUDETTE Benchmark (Unfair TOS),Low-risk,mteb/UnfairTOSLegalBenchClassification,https://huggingface.co/datasets/mteb/UnfairTOSLegalBenchClassification,Pretraining benchmark dataset,False
L1_41,1,General Terms of Service,"the third-party suppliers providing hotel or vacation rental property information , travel or other services on this website are independent contractors and not agents or employees of the tripadvisor media group companies . ",Compliant Term,CLAUDETTE Benchmark (Unfair TOS),Low-risk,mteb/UnfairTOSLegalBenchClassification,https://huggingface.co/datasets/mteb/UnfairTOSLegalBenchClassification,Pretraining benchmark dataset,False
L1_1154,1,General Terms of Service,"if you are not presented with an end-user licence agreement when you acquire third-party content , the following licence terms apply to your use of such third-party content : ( a ) the third party providing the third-party content ( and not oculus ) is the licensor of such third-party content ; ( b ) such party grants you a limited , non-transferable licence to access and use the third-party content only for your personal and non-commercial purposes ; and ( c ) you may not modify , decompile or disassemble the third-party content in whole or in part , or create any derivative works from or sublicense any rights in or to the third-party content , unless otherwise expressly authorised by the third party or as permitted under applicable law . ",Compliant Term,CLAUDETTE Benchmark (Unfair TOS),Low-risk,mteb/UnfairTOSLegalBenchClassification,https://huggingface.co/datasets/mteb/UnfairTOSLegalBenchClassification,Pretraining benchmark dataset,False
L1_1175,1,General Terms of Service,"pitney bowes inc. , a third-party global shipping provider , will oversee the processing , customs clearance , and international shipment of the item on behalf of your international buyer . ",Compliant Term,CLAUDETTE Benchmark (Unfair TOS),Low-risk,mteb/UnfairTOSLegalBenchClassification,https://huggingface.co/datasets/mteb/UnfairTOSLegalBenchClassification,Pretraining benchmark dataset,False
L1_963,1,General Terms of Service,"except as otherwise set forth in these terms , these terms shall be exclusively governed by and construed in accordance with the laws of the netherlands , excluding its rules on conflicts of laws . ",Compliant Term,CLAUDETTE Benchmark (Unfair TOS),Low-risk,mteb/UnfairTOSLegalBenchClassification,https://huggingface.co/datasets/mteb/UnfairTOSLegalBenchClassification,Pretraining benchmark dataset,False
L1_166,1,General Terms of Service,"under california civil code section 1789.3 , users of the service from california are entitled to the following specific consumer rights notice : the complaint assistance unit of the division of consumer services of the california department of consumer affairs may be contacted in writing at 1625 north market blvd. , suite n 112 , sacramento , ca 95834 , or by telephone at (916) 445-1254 or (800) 952-5210 . ",Compliant Term,CLAUDETTE Benchmark (Unfair TOS),Low-risk,mteb/UnfairTOSLegalBenchClassification,https://huggingface.co/datasets/mteb/UnfairTOSLegalBenchClassification,Pretraining benchmark dataset,False
L1_1742,1,General Terms of Service,"if we offer you a free trial , the specific terms of your free trial will be provided at signup and/or in the promotional materials describing the free trial and your use of the free trial is subject to your compliance with such specific terms . ",Compliant Term,CLAUDETTE Benchmark (Unfair TOS),Low-risk,mteb/UnfairTOSLegalBenchClassification,https://huggingface.co/datasets/mteb/UnfairTOSLegalBenchClassification,Pretraining benchmark dataset,False
L1_29,1,General Terms of Service,the existence of more than one claim hereunder will not increase this limit . ,Compliant Term,CLAUDETTE Benchmark (Unfair TOS),Low-risk,mteb/UnfairTOSLegalBenchClassification,https://huggingface.co/datasets/mteb/UnfairTOSLegalBenchClassification,Pretraining benchmark dataset,False
L3_75,3,Loan App / Fintech,App requests continuous background access to contact lists and call logs to monitor borrower behavior. Enforced in all operating regions.,Prohibited contact and file access,RBI Digital Lending Directions,High-risk,RakshakAI Synthetic Generator (Layer 3),internal://synthetic_layer3,Synthetic clause generated for RBI Digital Lending Guidelines 2022,False
L1_150,1,General Terms of Service,please be sure to state that you are requesting a copy of the particular communication . ,Compliant Term,CLAUDETTE Benchmark (Unfair TOS),Low-risk,mteb/UnfairTOSLegalBenchClassification,https://huggingface.co/datasets/mteb/UnfairTOSLegalBenchClassification,Pretraining benchmark dataset,False
L1_323,1,General Terms of Service,"if you and ebay are unable to resolve the claims described in the notice within 30 days after the notice is sent , you or ebay may initiate arbitration proceedings . ",Compliant Term,CLAUDETTE Benchmark (Unfair TOS),Low-risk,mteb/UnfairTOSLegalBenchClassification,https://huggingface.co/datasets/mteb/UnfairTOSLegalBenchClassification,Pretraining benchmark dataset,False
L3_47,3,Loan App / Fintech,Platform strictly prohibits registration of individuals under 18 and does not process data of minors. Applicable across all digital channels.,Compliant protection of minors,DPDP Act 2023,Low-risk,RakshakAI Synthetic Generator (Layer 3),internal://synthetic_layer3,Synthetic clause generated for DPDP Act 2023 §9 (Processing of Children Data),False
L3_7,3,Loan App / Fintech,"Prior to onboarding, the platform presents a clear, itemised notice detailing exact personal data requested and specific processing purposes. Applicable across all digital channels.",Compliant data notice,DPDP Act 2023,Low-risk,RakshakAI Synthetic Generator (Layer 3),internal://synthetic_layer3,Synthetic clause generated for DPDP Act 2023 §5 (Notice),False
L4_14,4,Gig Contract,Notice: Partners agree to resolve all operational feedback individually and refrain from organizing informal group discussions concerning platform tariffs. (Refer to clause 14.2),Collective bargaining restriction,Constitution Art 19(1)(c),High-risk,RakshakAI Adversarial Rewriter (Layer 4),internal://adversarial_layer4,Disguised phrasing rewrite requiring human review,True
L1_230,1,General Terms of Service,the nintendo account service must not be used for any other purpose . ,Compliant Term,CLAUDETTE Benchmark (Unfair TOS),Low-risk,mteb/UnfairTOSLegalBenchClassification,https://huggingface.co/datasets/mteb/UnfairTOSLegalBenchClassification,Pretraining benchmark dataset,False
L1_254,1,General Terms of Service,"7.1.3 any terms and conditions included in your listing , in particular in relation to cancellations , must not conflict with these terms or the cancellation policy you have selected for your listing . ",Compliant Term,CLAUDETTE Benchmark (Unfair TOS),Low-risk,mteb/UnfairTOSLegalBenchClassification,https://huggingface.co/datasets/mteb/UnfairTOSLegalBenchClassification,Pretraining benchmark dataset,False
L1_870,1,General Terms of Service,"notwithstanding the provisions of section 3 ( `` modification of these terms '' ) , if airbnb changes this section 19 ( `` dispute resolution and arbitration agreement '' ) after the date you last accepted these terms ( or accepted any subsequent changes to these terms ) , you may reject any such change by sending us written notice ( including by email ) within thirty ( 30 ) days of the date such change became effective , as indicated in the `` last updated '' date above or in the date of airbnb 's email to you notifying you of such change . ",Compliant Term,CLAUDETTE Benchmark (Unfair TOS),Low-risk,mteb/UnfairTOSLegalBenchClassification,https://huggingface.co/datasets/mteb/UnfairTOSLegalBenchClassification,Pretraining benchmark dataset,False
L1_620,1,General Terms of Service,we will not include your content in advertisements for the products and services of third parties to others without your separate consent ( including sponsored content ) . ,Compliant Term,CLAUDETTE Benchmark (Unfair TOS),Low-risk,mteb/UnfairTOSLegalBenchClassification,https://huggingface.co/datasets/mteb/UnfairTOSLegalBenchClassification,Pretraining benchmark dataset,False
L1_322,1,General Terms of Service,"for product purchases pending dispatch , you can update your information at any time prior to dispatch at https://shop.oculus.com/history . ",Compliant Term,CLAUDETTE Benchmark (Unfair TOS),Low-risk,mteb/UnfairTOSLegalBenchClassification,https://huggingface.co/datasets/mteb/UnfairTOSLegalBenchClassification,Pretraining benchmark dataset,False
L1_275,1,General Terms of Service,"5.4 subject to your compliance with these terms , airbnb grants you a limited , non-exclusive , non-sublicensable , revocable , non-transferable license to ( i ) download and use the application on your personal device ( s ) ; and ( ii ) access and view any collective content made available on or through the airbnb platform and accessible to you , solely for your personal and non-commercial use . ",Compliant Term,CLAUDETTE Benchmark (Unfair TOS),Low-risk,mteb/UnfairTOSLegalBenchClassification,https://huggingface.co/datasets/mteb/UnfairTOSLegalBenchClassification,Pretraining benchmark dataset,False
L1_1596,1,General Terms of Service,"6.1 airbnb may charge fees to hosts ( `` host fees '' ) and/or guests ( `` guest fees '' ) ( collectively , `` service fees '' ) in consideration for the use of the airbnb platform . ",Compliant Term,CLAUDETTE Benchmark (Unfair TOS),Low-risk,mteb/UnfairTOSLegalBenchClassification,https://huggingface.co/datasets/mteb/UnfairTOSLegalBenchClassification,Pretraining benchmark dataset,False
L1_1890,1,General Terms of Service,you and headspace consent to the personal jurisdiction of both courts . ,Compliant Term,CLAUDETTE Benchmark (Unfair TOS),Low-risk,mteb/UnfairTOSLegalBenchClassification,https://huggingface.co/datasets/mteb/UnfairTOSLegalBenchClassification,Pretraining benchmark dataset,False
L1_407,1,General Terms of Service,"( d ) your address , telephone number , and email address ; ",Compliant Term,CLAUDETTE Benchmark (Unfair TOS),Low-risk,mteb/UnfairTOSLegalBenchClassification,https://huggingface.co/datasets/mteb/UnfairTOSLegalBenchClassification,Pretraining benchmark dataset,False
L1_207,1,General Terms of Service,"to cancel your order or return your goods , you must inform us of your decision by following the instructions at https://support.oculus.com . ",Compliant Term,CLAUDETTE Benchmark (Unfair TOS),Low-risk,mteb/UnfairTOSLegalBenchClassification,https://huggingface.co/datasets/mteb/UnfairTOSLegalBenchClassification,Pretraining benchmark dataset,False
L1_338,1,General Terms of Service,"judicial proceedings ( other than small claims actions ) that are excluded from the arbitration agreement in section 19 must be brought in state or federal court in san francisco , california , unless we both agree to some other location . ",Compliant Term,CLAUDETTE Benchmark (Unfair TOS),Low-risk,mteb/UnfairTOSLegalBenchClassification,https://huggingface.co/datasets/mteb/UnfairTOSLegalBenchClassification,Pretraining benchmark dataset,False
L1_1399,1,General Terms of Service,"other than this , no other person or company shall be a third party beneficiary to these terms . ",Compliant Term,CLAUDETTE Benchmark (Unfair TOS),Low-risk,mteb/UnfairTOSLegalBenchClassification,https://huggingface.co/datasets/mteb/UnfairTOSLegalBenchClassification,Pretraining benchmark dataset,False
L1_815,1,General Terms of Service,"this license has the sole purpose of enabling you to use and enjoy the benefit of the services as provided by twitter , in the manner permitted by these terms . ",Compliant Term,CLAUDETTE Benchmark (Unfair TOS),Low-risk,mteb/UnfairTOSLegalBenchClassification,https://huggingface.co/datasets/mteb/UnfairTOSLegalBenchClassification,Pretraining benchmark dataset,False
L1_645,1,General Terms of Service,"with respect to any electronic commercial service on a website , residents of california are entitled to the following specific consumer rights information : if you have a complaint , you may contact the complaint assistance unit of the division of consumer services of the department of consumer affairs by mail at 1625 north market boulevard , suite n 112 , sacramento , california 95834 , or by telephone at 1.800.952.5210 . ",Compliant Term,CLAUDETTE Benchmark (Unfair TOS),Low-risk,mteb/UnfairTOSLegalBenchClassification,https://huggingface.co/datasets/mteb/UnfairTOSLegalBenchClassification,Pretraining benchmark dataset,False
L1_347,1,General Terms of Service,"given the breadth of our services , we sometimes need to craft additional terms and conditions for specific services . ",Compliant Term,CLAUDETTE Benchmark (Unfair TOS),Low-risk,mteb/UnfairTOSLegalBenchClassification,https://huggingface.co/datasets/mteb/UnfairTOSLegalBenchClassification,Pretraining benchmark dataset,False
L1_1201,1,General Terms of Service,"you hereby grant to supercell an irrevocable , perpetual , transferable , fully paid-up , royalty-free , worldwide license ( including the right to sublicense and assign to third party ) and right to copy , reproduce , fix , adapt , modify , create derivative works from , manufacture , commercialize , publish , distribute , sell , license , sublicense , transfer , lease , transmit , publicly display , publicly perform , or provide access to electronically , broadcast , communicate to the public by telecommunication , display , perform , enter into computer memory , and use and practice , in any way , your user content as well as all modified and derivative works thereof in connection with our provision of the service , including marketing and promotions of the service . ",Compliant Term,CLAUDETTE Benchmark (Unfair TOS),Low-risk,mteb/UnfairTOSLegalBenchClassification,https://huggingface.co/datasets/mteb/UnfairTOSLegalBenchClassification,Pretraining benchmark dataset,False
L3_33,3,Loan App / Fintech,"App installation mandates unrestricted access to phone gallery, media files, and contact lists as a prerequisite for loan eligibility. Pursuant to updated statutory terms.",Excessive permission harvesting,DPDP Act 2023,High-risk,RakshakAI Synthetic Generator (Layer 3),internal://synthetic_layer3,Synthetic clause generated for DPDP Act 2023 §6 (Data Minimisation),False
L1_31,1,General Terms of Service,"in accordance with the us digital millennium copyright act ( `` dmca '' ) and other applicable laws , we have adopted a policy of terminating , in appropriate circumstances and at our sole discretion , accounts of users who are deemed to be repeat infringers . ",Compliant Term,CLAUDETTE Benchmark (Unfair TOS),Low-risk,mteb/UnfairTOSLegalBenchClassification,https://huggingface.co/datasets/mteb/UnfairTOSLegalBenchClassification,Pretraining benchmark dataset,False
L1_1615,1,General Terms of Service,"not all content is available in all formats , such as hd , ultra hd and hdr , and not all subscription plans allow you to receive content in all formats . ",Compliant Term,CLAUDETTE Benchmark (Unfair TOS),Low-risk,mteb/UnfairTOSLegalBenchClassification,https://huggingface.co/datasets/mteb/UnfairTOSLegalBenchClassification,Pretraining benchmark dataset,False
L1_134,1,General Terms of Service,"linden lab may give notice to and obtain consent from you by one or more of the following means : through the service or website , by electronic mail to your e-mail address in our records , or by written mail communication to the address on record for your account . ",Compliant Term,CLAUDETTE Benchmark (Unfair TOS),Low-risk,mteb/UnfairTOSLegalBenchClassification,https://huggingface.co/datasets/mteb/UnfairTOSLegalBenchClassification,Pretraining benchmark dataset,False
L3_8,3,Loan App / Fintech,"Prior to onboarding, the platform presents a clear, itemised notice detailing exact personal data requested and specific processing purposes. Pursuant to updated statutory terms.",Compliant data notice,DPDP Act 2023,Low-risk,RakshakAI Synthetic Generator (Layer 3),internal://synthetic_layer3,Synthetic clause generated for DPDP Act 2023 §5 (Notice),False
L1_1790,1,General Terms of Service,8.2.2 you agree to leave the accommodation no later than the checkout time that the host specifies in the listing or such other time as mutually agreed upon between you and the host . ,Compliant Term,CLAUDETTE Benchmark (Unfair TOS),Low-risk,mteb/UnfairTOSLegalBenchClassification,https://huggingface.co/datasets/mteb/UnfairTOSLegalBenchClassification,Pretraining benchmark dataset,False
L4_32,4,Loan App / Fintech,"Notice: Notwithstanding any prior general settings, data processing shall occur solely upon recipient of explicit, itemised, and revocable consent. (Refer to clause 14.2)",Compliant consent mechanism,DPDP Act 2023,Low-risk,RakshakAI Adversarial Rewriter (Layer 4),internal://adversarial_layer4,Disguised phrasing rewrite requiring human review,True
L1_8,1,General Terms of Service,"any dispute or claim relating in any way to these terms and conditions or the service will be resolved by binding arbitration , rather than in court , except for duolingo 's right to seek injunctive relief as set forth below . ",Compliant Term,CLAUDETTE Benchmark (Unfair TOS),Low-risk,mteb/UnfairTOSLegalBenchClassification,https://huggingface.co/datasets/mteb/UnfairTOSLegalBenchClassification,Pretraining benchmark dataset,False
L1_1264,1,General Terms of Service,"the provisions of these terms and conditions relating to the protection and enforcement of duolingo 's proprietary rights , your representations and warranties , disclaimer of representations and warranties , release and indemnities , limitations of liability and types of damages , ownership of data and information , governing law and venue , and miscellaneous provisions shall survive any such termination . ",Compliant Term,CLAUDETTE Benchmark (Unfair TOS),Low-risk,mteb/UnfairTOSLegalBenchClassification,https://huggingface.co/datasets/mteb/UnfairTOSLegalBenchClassification,Pretraining benchmark dataset,False
L1_324,1,General Terms of Service,our feedback and submissions policy is also part of the terms . ,Compliant Term,CLAUDETTE Benchmark (Unfair TOS),Low-risk,mteb/UnfairTOSLegalBenchClassification,https://huggingface.co/datasets/mteb/UnfairTOSLegalBenchClassification,Pretraining benchmark dataset,False
L1_1781,1,General Terms of Service,"virtual credits , points , or tokens as further described in each applicable product policy ( `` virtual tender '' ) associated with your account that were purchased with u.s. dollars or other accepted fiat currency may be used or exchanged before virtual tender associated with your account that was not purchased ( e.g. , virtual tender that was earned through experiential play ) , no matter when that virtual tender was acquired . ",Compliant Term,CLAUDETTE Benchmark (Unfair TOS),Low-risk,mteb/UnfairTOSLegalBenchClassification,https://huggingface.co/datasets/mteb/UnfairTOSLegalBenchClassification,Pretraining benchmark dataset,False
L1_1487,1,General Terms of Service,"you acknowledge sole responsibility for and assume all risk arising from your use of any such websites or resources or the content , products , or services on or available from such websites or resources . ",Compliant Term,CLAUDETTE Benchmark (Unfair TOS),Low-risk,mteb/UnfairTOSLegalBenchClassification,https://huggingface.co/datasets/mteb/UnfairTOSLegalBenchClassification,Pretraining benchmark dataset,False
L2_67,2,Loan App / Fintech,The RBI's 2025 Digital Lending Directions prohibit BNPL arrangements where loan proceeds are routed through the platform/wallet rather than disbursed directly to the borrower -- a rule introduced because such indirect fund routing had previously let BNPL platforms operate with less transparency and accountability for the credit they extended.,"Improper fund routing through third parties (BNPL-specific, 2025 rule)",RBI (Digital Lending) Directions 2025 (effective 8 May 2025),High-risk,NLIU Centre for Business and Commercial Laws (CBCL),https://cbcl.nliu.ac.in/contemporary-issues/analysing-rbis-digital-lending-directions-2025-a-positive-step-towards-responsible-lending/,"Related to 'improper fund routing' rows already in this sheet, but specific to the BNPL category and the 2025 (not 2022) rule.",False
L1_1276,1,General Terms of Service,"it also contains an agreement to arbitrate , which will , with limited exception , require you to submit claims you have against us or our agents to binding and final arbitration , unless you opt out of the agreement to arbitrate ( see legal disputes , section b ( `` agreement to arbitrate '' ) ) . ",Compliant Term,CLAUDETTE Benchmark (Unfair TOS),Low-risk,mteb/UnfairTOSLegalBenchClassification,https://huggingface.co/datasets/mteb/UnfairTOSLegalBenchClassification,Pretraining benchmark dataset,False
L1_370,1,General Terms of Service,"in addition , both host and co-host acknowledge that their co-hosting relationship will terminate in the event that airbnb ( i ) terminates the co-host service or ( ii ) terminates either party 's participation in the co-host service . ",Compliant Term,CLAUDETTE Benchmark (Unfair TOS),Low-risk,mteb/UnfairTOSLegalBenchClassification,https://huggingface.co/datasets/mteb/UnfairTOSLegalBenchClassification,Pretraining benchmark dataset,False
L1_1731,1,General Terms of Service,we are not responsible for any loss or damage that is not foreseeable . ,Compliant Term,CLAUDETTE Benchmark (Unfair TOS),Low-risk,mteb/UnfairTOSLegalBenchClassification,https://huggingface.co/datasets/mteb/UnfairTOSLegalBenchClassification,Pretraining benchmark dataset,False
L1_2051,1,General Terms of Service,"members who were below this new minimum age when they started using the services under a previous user agreement may continue to use them , as they have already reached the new minimum age since then or will reach it in the near future . ",Compliant Term,CLAUDETTE Benchmark (Unfair TOS),Low-risk,mteb/UnfairTOSLegalBenchClassification,https://huggingface.co/datasets/mteb/UnfairTOSLegalBenchClassification,Pretraining benchmark dataset,False
L1_1377,1,General Terms of Service,all content is the sole responsibility of the person who originated such content . ,Compliant Term,CLAUDETTE Benchmark (Unfair TOS),Low-risk,mteb/UnfairTOSLegalBenchClassification,https://huggingface.co/datasets/mteb/UnfairTOSLegalBenchClassification,Pretraining benchmark dataset,False
L1_509,1,General Terms of Service,"we will automatically bill the payment method you provided for any purchased gift subscriptions at the time of purchase , not delivery . ",Compliant Term,CLAUDETTE Benchmark (Unfair TOS),Low-risk,mteb/UnfairTOSLegalBenchClassification,https://huggingface.co/datasets/mteb/UnfairTOSLegalBenchClassification,Pretraining benchmark dataset,False
L1_1885,1,General Terms of Service,"`` nintendo shopping services '' refers to any applications , software and services available as nintendo account service that allow users by using a nintendo account to ( i ) acquire digital products from noe , free of charge or against payment , and/or to ( ii ) register licenses for and download games , applications , software , add-on content for games , applications and software , vouchers for digital services and other digital content . ",Compliant Term,CLAUDETTE Benchmark (Unfair TOS),Low-risk,mteb/UnfairTOSLegalBenchClassification,https://huggingface.co/datasets/mteb/UnfairTOSLegalBenchClassification,Pretraining benchmark dataset,False
L3_58,3,Loan App / Fintech,All loan disbursements and repayments are executed directly between the borrower's bank account and the regulated lender's bank account. Pursuant to updated statutory terms.,Compliant direct fund transfer,RBI Digital Lending Directions,Low-risk,RakshakAI Synthetic Generator (Layer 3),internal://synthetic_layer3,Synthetic clause generated for RBI Digital Lending Guidelines 2022,False
L1_1760,1,General Terms of Service,"if you requested to begin the performance of services during the cancellation period , you shall pay us an amount which is in proportion to what has been performed until you have communicated us your cancellation from this contract , in comparison with the full coverage of the contract . ",Compliant Term,CLAUDETTE Benchmark (Unfair TOS),Low-risk,mteb/UnfairTOSLegalBenchClassification,https://huggingface.co/datasets/mteb/UnfairTOSLegalBenchClassification,Pretraining benchmark dataset,False
L1_1692,1,General Terms of Service,"in most cases , in the event we elect to close your account , we will provide at least 30 days advance notice to you at the email address you have provided to us , so you have a chance to retrieve any content stored on the service servers ( unless we determine that we are legally prohibited from providing such notice or enabling you to do so ) . ",Compliant Term,CLAUDETTE Benchmark (Unfair TOS),Low-risk,mteb/UnfairTOSLegalBenchClassification,https://huggingface.co/datasets/mteb/UnfairTOSLegalBenchClassification,Pretraining benchmark dataset,False
L2_8,2,Gig Contract,"Price parity clauses restrict restaurant partners from offering lower prices on competing platforms, limiting market competition according to CCI's findings.",Anti-competitive restrictive clause,Competition Act 2002,High-risk,CCI investigation coverage,https://www.tbsnews.net/world/south-asia/india-finds-zomato-swiggy-food-delivery-businesses-breached-antitrust-laws-988426,,False
L1_486,1,General Terms of Service,you are responsible for all charges incurred in connection with your account . ,Compliant Term,CLAUDETTE Benchmark (Unfair TOS),Low-risk,mteb/UnfairTOSLegalBenchClassification,https://huggingface.co/datasets/mteb/UnfairTOSLegalBenchClassification,Pretraining benchmark dataset,False
L1_1392,1,General Terms of Service,16.2 the parties acknowledge that apple has no obligation to furnish any maintenance or support services with respect to the digital product . ,Compliant Term,CLAUDETTE Benchmark (Unfair TOS),Low-risk,mteb/UnfairTOSLegalBenchClassification,https://huggingface.co/datasets/mteb/UnfairTOSLegalBenchClassification,Pretraining benchmark dataset,False
L1_1070,1,General Terms of Service,"you acknowledge and agree that airbnb shall have the right to use any verified images in advertising , marketing and/or any other business purposes in any media or platform , whether in relation to your listing or otherwise , without further notice or compensation to you . ",Compliant Term,CLAUDETTE Benchmark (Unfair TOS),Low-risk,mteb/UnfairTOSLegalBenchClassification,https://huggingface.co/datasets/mteb/UnfairTOSLegalBenchClassification,Pretraining benchmark dataset,False
L1_2009,1,General Terms of Service,"effective : october 30 , 2017 , unless you agree to these terms sooner , like when you create an account or pair your device . ",Compliant Term,CLAUDETTE Benchmark (Unfair TOS),Low-risk,mteb/UnfairTOSLegalBenchClassification,https://huggingface.co/datasets/mteb/UnfairTOSLegalBenchClassification,Pretraining benchmark dataset,False
L1_1121,1,General Terms of Service,"accordingly , for any dispute that you have against oculus , you agree to first contact oculus and attempt to resolve the claim informally by sending a written notice of your claim ( `` notice '' ) to oculus . ",Compliant Term,CLAUDETTE Benchmark (Unfair TOS),Low-risk,mteb/UnfairTOSLegalBenchClassification,https://huggingface.co/datasets/mteb/UnfairTOSLegalBenchClassification,Pretraining benchmark dataset,False
L1_442,1,General Terms of Service,we also care about your safety while using our services . ,Compliant Term,CLAUDETTE Benchmark (Unfair TOS),Low-risk,mteb/UnfairTOSLegalBenchClassification,https://huggingface.co/datasets/mteb/UnfairTOSLegalBenchClassification,Pretraining benchmark dataset,False
L1_1935,1,General Terms of Service,third-party services are subject to terms and conditions provided by the respective third parties . ,Compliant Term,CLAUDETTE Benchmark (Unfair TOS),Low-risk,mteb/UnfairTOSLegalBenchClassification,https://huggingface.co/datasets/mteb/UnfairTOSLegalBenchClassification,Pretraining benchmark dataset,False
L1_1145,1,General Terms of Service,"deep-link to our services for any purpose other than to promote your profile or a group on our services , without linkedin 's consent ; ",Compliant Term,CLAUDETTE Benchmark (Unfair TOS),Low-risk,mteb/UnfairTOSLegalBenchClassification,https://huggingface.co/datasets/mteb/UnfairTOSLegalBenchClassification,Pretraining benchmark dataset,False
L1_1315,1,General Terms of Service,"commercial advertisements , affiliate links , and other forms of solicitation may be removed by us without notice and may result in termination of privileges . ",Compliant Term,CLAUDETTE Benchmark (Unfair TOS),Low-risk,mteb/UnfairTOSLegalBenchClassification,https://huggingface.co/datasets/mteb/UnfairTOSLegalBenchClassification,Pretraining benchmark dataset,False
L1_1191,1,General Terms of Service,see http://support.twitter.com/articles/15358-how-to-deactivate-your-account for instructions on how to deactivate your account and the privacy policy for more information on what happens to your information . ,Compliant Term,CLAUDETTE Benchmark (Unfair TOS),Low-risk,mteb/UnfairTOSLegalBenchClassification,https://huggingface.co/datasets/mteb/UnfairTOSLegalBenchClassification,Pretraining benchmark dataset,False
L4_33,4,Loan App / Fintech,"Supplementary Term: Notwithstanding any prior general settings, data processing shall occur solely upon recipient of explicit, itemised, and revocable consent. as updated in statutory terms.",Compliant consent mechanism,DPDP Act 2023,Low-risk,RakshakAI Adversarial Rewriter (Layer 4),internal://adversarial_layer4,Disguised phrasing rewrite requiring human review,True
L2_94,2,Loan App / Fintech,"RBI imposed a Rs 7.9 lakh penalty on Muthoot Vehicle & Asset Finance Ltd after finding it did not convey loan-sanctioned amounts and terms and conditions in writing in the vernacular language understood by its vehicle-loan borrowers, alongside other compliance failures.",No vernacular-language disclosure of loan terms,RBI Fair Practices Code for NBFCs,Medium-risk,"SCC Online, reporting RBI press release",https://www.scconline.com/blog/post/2024/09/18/rbi-imposes-penalty-amounting-lakh-muthoot-vehicle-asset-finance-ltd-failing-comply-with-provisions-rbi-directions-legal-news/,"RBI order dated Sept 11, 2024; corroborated independently by Business Standard (PTI wire) same week",False
L1_1637,1,General Terms of Service,"we will use the child 's e-mail address only for the purpose for which it was collected , and we will use the e-mail address of the parent ( s ) or guardian ( s ) only to provide notification about the child 's contact with us , and to provide notification of the types and uses of personal data collected , if and as required by law . ",Compliant Term,CLAUDETTE Benchmark (Unfair TOS),Low-risk,mteb/UnfairTOSLegalBenchClassification,https://huggingface.co/datasets/mteb/UnfairTOSLegalBenchClassification,Pretraining benchmark dataset,False
L3_34,3,Loan App / Fintech,"App installation mandates unrestricted access to phone gallery, media files, and contact lists as a prerequisite for loan eligibility. Subject to regulatory audit.",Excessive permission harvesting,DPDP Act 2023,High-risk,RakshakAI Synthetic Generator (Layer 3),internal://synthetic_layer3,Synthetic clause generated for DPDP Act 2023 §6 (Data Minimisation),False
L1_708,1,General Terms of Service,"7.3 listing experiences , events and other host services ",Compliant Term,CLAUDETTE Benchmark (Unfair TOS),Low-risk,mteb/UnfairTOSLegalBenchClassification,https://huggingface.co/datasets/mteb/UnfairTOSLegalBenchClassification,Pretraining benchmark dataset,False
L3_117,3,Gig Contract,Deductions for operational delays are capped at transparent pre-disclosed rates and subject to mandatory human review. Applicable across all digital channels.,Compliant fee deduction limit,Fair Conditions / Code on Wages,Low-risk,RakshakAI Synthetic Generator (Layer 3),internal://synthetic_layer3,Synthetic clause generated for Gig Worker Legislation,False
L1_769,1,General Terms of Service,"opting out of this agreement to arbitrate has no effect on any previous , other , or future arbitration agreements that you may have with us . ",Compliant Term,CLAUDETTE Benchmark (Unfair TOS),Low-risk,mteb/UnfairTOSLegalBenchClassification,https://huggingface.co/datasets/mteb/UnfairTOSLegalBenchClassification,Pretraining benchmark dataset,False
L1_1982,1,General Terms of Service,"in the event aaa declines or is unable to administer the arbitration , you and oculus agree to use an arbitration forum or arbitrator that you and oculus mutually agree upon . ",Compliant Term,CLAUDETTE Benchmark (Unfair TOS),Low-risk,mteb/UnfairTOSLegalBenchClassification,https://huggingface.co/datasets/mteb/UnfairTOSLegalBenchClassification,Pretraining benchmark dataset,False
L1_349,1,General Terms of Service,1.6 the airbnb platform may contain links to third-party websites or resources ( `` third-party services '' ) . ,Compliant Term,CLAUDETTE Benchmark (Unfair TOS),Low-risk,mteb/UnfairTOSLegalBenchClassification,https://huggingface.co/datasets/mteb/UnfairTOSLegalBenchClassification,Pretraining benchmark dataset,False
L1_1668,1,General Terms of Service,"when using the nintendo account service , you must comply with the nintendo code of conduct . ",Compliant Term,CLAUDETTE Benchmark (Unfair TOS),Low-risk,mteb/UnfairTOSLegalBenchClassification,https://huggingface.co/datasets/mteb/UnfairTOSLegalBenchClassification,Pretraining benchmark dataset,False
L1_2023,1,General Terms of Service,you are obligated to ensure that such contact information is current and accurate . ,Compliant Term,CLAUDETTE Benchmark (Unfair TOS),Low-risk,mteb/UnfairTOSLegalBenchClassification,https://huggingface.co/datasets/mteb/UnfairTOSLegalBenchClassification,Pretraining benchmark dataset,False
L1_23,1,General Terms of Service,"we may consult with and disclose unlawful conduct to law enforcement authorities and , pursuant to valid legal process , we may cooperate with law enforcement authorities to prosecute users who violate the law . ",Compliant Term,CLAUDETTE Benchmark (Unfair TOS),Low-risk,mteb/UnfairTOSLegalBenchClassification,https://huggingface.co/datasets/mteb/UnfairTOSLegalBenchClassification,Pretraining benchmark dataset,False
L1_1814,1,General Terms of Service,prolonged contact with wearable devices may contribute to skin irritation or allergies in some users . ,Compliant Term,CLAUDETTE Benchmark (Unfair TOS),Low-risk,mteb/UnfairTOSLegalBenchClassification,https://huggingface.co/datasets/mteb/UnfairTOSLegalBenchClassification,Pretraining benchmark dataset,False
L1_167,1,General Terms of Service,"we are not responsible in any way for : ( a ) the availability of , ( b ) the privacy practices of , ( c ) the content , advertising , products , goods or other materials or resources on or available from , or ( d ) the use to which others make of these other websites or services . ",Compliant Term,CLAUDETTE Benchmark (Unfair TOS),Low-risk,mteb/UnfairTOSLegalBenchClassification,https://huggingface.co/datasets/mteb/UnfairTOSLegalBenchClassification,Pretraining benchmark dataset,False
L1_269,1,General Terms of Service,"in addition , airbnb may ( i ) keep the calendar for the listing unavailable or blocked for the dates of the cancelled booking , and/or ( ii ) impose a cancellation fee , unless the host has a valid reason for cancelling the booking pursuant to airbnb 's extenuating circumstances policy or has legitimate concerns about the guest 's behavior . ",Compliant Term,CLAUDETTE Benchmark (Unfair TOS),Low-risk,mteb/UnfairTOSLegalBenchClassification,https://huggingface.co/datasets/mteb/UnfairTOSLegalBenchClassification,Pretraining benchmark dataset,False
L1_1182,1,General Terms of Service,appropriate legal action may be taken for any illegal or unauthorized use of the products . ,Compliant Term,CLAUDETTE Benchmark (Unfair TOS),Low-risk,mteb/UnfairTOSLegalBenchClassification,https://huggingface.co/datasets/mteb/UnfairTOSLegalBenchClassification,Pretraining benchmark dataset,False
L1_591,1,General Terms of Service,you agree to pay the total fees for any booking requested in connection with your airbnb account . ,Compliant Term,CLAUDETTE Benchmark (Unfair TOS),Low-risk,mteb/UnfairTOSLegalBenchClassification,https://huggingface.co/datasets/mteb/UnfairTOSLegalBenchClassification,Pretraining benchmark dataset,False
L1_1227,1,General Terms of Service,providing any incorrect or false data when registering or using the nintendo account ; ,Compliant Term,CLAUDETTE Benchmark (Unfair TOS),Low-risk,mteb/UnfairTOSLegalBenchClassification,https://huggingface.co/datasets/mteb/UnfairTOSLegalBenchClassification,Pretraining benchmark dataset,False
L1_381,1,General Terms of Service,we require that information posted by members be accurate and not in violation of the intellectual property rights or other rights of third parties . ,Compliant Term,CLAUDETTE Benchmark (Unfair TOS),Low-risk,mteb/UnfairTOSLegalBenchClassification,https://huggingface.co/datasets/mteb/UnfairTOSLegalBenchClassification,Pretraining benchmark dataset,False
L1_1786,1,General Terms of Service,"in addition , the services may be subject to malfunctions and delays inherent in the use of the internet and electronic communications . ",Compliant Term,CLAUDETTE Benchmark (Unfair TOS),Low-risk,mteb/UnfairTOSLegalBenchClassification,https://huggingface.co/datasets/mteb/UnfairTOSLegalBenchClassification,Pretraining benchmark dataset,False
L1_20,1,General Terms of Service,who may use the vimeo service ,Compliant Term,CLAUDETTE Benchmark (Unfair TOS),Low-risk,mteb/UnfairTOSLegalBenchClassification,https://huggingface.co/datasets/mteb/UnfairTOSLegalBenchClassification,Pretraining benchmark dataset,False
L1_115,1,General Terms of Service,"if we feel an order could be fraudulent , unauthorized , or illegal , we reserve the right to refuse to process that order . ",Compliant Term,CLAUDETTE Benchmark (Unfair TOS),Low-risk,mteb/UnfairTOSLegalBenchClassification,https://huggingface.co/datasets/mteb/UnfairTOSLegalBenchClassification,Pretraining benchmark dataset,False
L1_787,1,General Terms of Service,"any notices or other communications permitted or required hereunder , including those regarding modifications to these terms , will be in writing and given by academia.edu ( i ) via email ( in each case to the address that you provide ) ; or ( ii ) by posting to the site . ",Compliant Term,CLAUDETTE Benchmark (Unfair TOS),Low-risk,mteb/UnfairTOSLegalBenchClassification,https://huggingface.co/datasets/mteb/UnfairTOSLegalBenchClassification,Pretraining benchmark dataset,False
L1_1462,1,General Terms of Service,"we make no warranties or representations , express or implied , about user material , including as to its legality or accuracy . ",Compliant Term,CLAUDETTE Benchmark (Unfair TOS),Low-risk,mteb/UnfairTOSLegalBenchClassification,https://huggingface.co/datasets/mteb/UnfairTOSLegalBenchClassification,Pretraining benchmark dataset,False
L3_99,3,Loan App / Fintech,"App prominently displays the name, email, phone number, and postal address of the designated Nodal Grievance Redressal Officer. Subject to regulatory audit.",Compliant grievance redressal,RBI Digital Lending Directions,Low-risk,RakshakAI Synthetic Generator (Layer 3),internal://synthetic_layer3,Synthetic clause generated for RBI Digital Lending Guidelines 2022,False
L1_999,1,General Terms of Service,"if you object to your information being used or disclosed as described therein , please do not use the service . ",Compliant Term,CLAUDETTE Benchmark (Unfair TOS),Low-risk,mteb/UnfairTOSLegalBenchClassification,https://huggingface.co/datasets/mteb/UnfairTOSLegalBenchClassification,Pretraining benchmark dataset,False
L1_920,1,General Terms of Service,( c ) audio or video content from headspace not explicitly indicated as downloadable may not be downloaded or copied from the products or any device . ,Compliant Term,CLAUDETTE Benchmark (Unfair TOS),Low-risk,mteb/UnfairTOSLegalBenchClassification,https://huggingface.co/datasets/mteb/UnfairTOSLegalBenchClassification,Pretraining benchmark dataset,False
L1_878,1,General Terms of Service,this means that the risk of loss and title for such items pass to you upon our delivery to the carrier . ,Compliant Term,CLAUDETTE Benchmark (Unfair TOS),Low-risk,mteb/UnfairTOSLegalBenchClassification,https://huggingface.co/datasets/mteb/UnfairTOSLegalBenchClassification,Pretraining benchmark dataset,False
L1_1388,1,General Terms of Service,you represent and warrant that you have the legal right to use all payment method ( s ) represented by any such payment information . ,Compliant Term,CLAUDETTE Benchmark (Unfair TOS),Low-risk,mteb/UnfairTOSLegalBenchClassification,https://huggingface.co/datasets/mteb/UnfairTOSLegalBenchClassification,Pretraining benchmark dataset,False
L3_26,3,Loan App / Fintech,Borrowers may submit an in-app request for permanent erasure of personal data once all loan obligations are fully satisfied.,Compliant data erasure,DPDP Act 2023,Low-risk,RakshakAI Synthetic Generator (Layer 3),internal://synthetic_layer3,Synthetic clause generated for DPDP Act 2023 §12 (Right to Erasure),False
L1_15,1,General Terms of Service,"while headspace is a consumer products company , there is increasing interest by large consumer communities ( corporations , universities , hospitals , etc. ) ( `` communities '' ) to introduce the products to their employees and members . ",Compliant Term,CLAUDETTE Benchmark (Unfair TOS),Low-risk,mteb/UnfairTOSLegalBenchClassification,https://huggingface.co/datasets/mteb/UnfairTOSLegalBenchClassification,Pretraining benchmark dataset,False
L1_296,1,General Terms of Service,"crowdtangle does not make any representations , warranties or conditions about the quality , accuracy , security , reliability , completeness , quiet enjoyment , currency , or timeliness of the services . ",Compliant Term,CLAUDETTE Benchmark (Unfair TOS),Low-risk,mteb/UnfairTOSLegalBenchClassification,https://huggingface.co/datasets/mteb/UnfairTOSLegalBenchClassification,Pretraining benchmark dataset,False
L1_1143,1,General Terms of Service,"regardless of who terminates these terms , both you and snap group limited continue to be bound by sections 3 , 6 , 9 , 10 , and 13-22 of the terms . ",Compliant Term,CLAUDETTE Benchmark (Unfair TOS),Low-risk,mteb/UnfairTOSLegalBenchClassification,https://huggingface.co/datasets/mteb/UnfairTOSLegalBenchClassification,Pretraining benchmark dataset,False
L1_154,1,General Terms of Service,the dispute shall be resolved by one ( 1 ) arbitrator to be appointed in accordance with the icc rules . ,Compliant Term,CLAUDETTE Benchmark (Unfair TOS),Low-risk,mteb/UnfairTOSLegalBenchClassification,https://huggingface.co/datasets/mteb/UnfairTOSLegalBenchClassification,Pretraining benchmark dataset,False
L1_470,1,General Terms of Service,"`` content '' means any works of authorship , creative works , graphics , images , textures , photos , logos , video , audio , text , and interactive features . ",Compliant Term,CLAUDETTE Benchmark (Unfair TOS),Low-risk,mteb/UnfairTOSLegalBenchClassification,https://huggingface.co/datasets/mteb/UnfairTOSLegalBenchClassification,Pretraining benchmark dataset,False
L1_240,1,General Terms of Service,you expressly agree that your use of the amazon services is at your sole risk . ,Compliant Term,CLAUDETTE Benchmark (Unfair TOS),Low-risk,mteb/UnfairTOSLegalBenchClassification,https://huggingface.co/datasets/mteb/UnfairTOSLegalBenchClassification,Pretraining benchmark dataset,False
L1_1078,1,General Terms of Service,these items are not redeemable or subject to refund and can not be traded outside of the services for money or other items for value . ,Compliant Term,CLAUDETTE Benchmark (Unfair TOS),Low-risk,mteb/UnfairTOSLegalBenchClassification,https://huggingface.co/datasets/mteb/UnfairTOSLegalBenchClassification,Pretraining benchmark dataset,False
L1_929,1,General Terms of Service,we will make the reimbursement without undue delay and not later than 14 days after the day on which we are informed about your decision to cancel this contract . ,Compliant Term,CLAUDETTE Benchmark (Unfair TOS),Low-risk,mteb/UnfairTOSLegalBenchClassification,https://huggingface.co/datasets/mteb/UnfairTOSLegalBenchClassification,Pretraining benchmark dataset,False
L1_121,1,General Terms of Service,"nonprofits , and not airbnb , are responsible for determining what , if any , portion of their listing fee is a charitable contribution and for providing guests charitable tax receipts for any applicable charitable contributions . ",Compliant Term,CLAUDETTE Benchmark (Unfair TOS),Low-risk,mteb/UnfairTOSLegalBenchClassification,https://huggingface.co/datasets/mteb/UnfairTOSLegalBenchClassification,Pretraining benchmark dataset,False
L1_1807,1,General Terms of Service,"`` linden content '' is the content provided to you in connection with the service , including , but not limited to content we created or licensed from third parties subject to the license set forth herein . ",Compliant Term,CLAUDETTE Benchmark (Unfair TOS),Low-risk,mteb/UnfairTOSLegalBenchClassification,https://huggingface.co/datasets/mteb/UnfairTOSLegalBenchClassification,Pretraining benchmark dataset,False
L1_1988,1,General Terms of Service,22.5 airbnb 's failure to enforce any right or provision in these terms will not constitute a waiver of such right or provision unless acknowledged and agreed to by us in writing . ,Compliant Term,CLAUDETTE Benchmark (Unfair TOS),Low-risk,mteb/UnfairTOSLegalBenchClassification,https://huggingface.co/datasets/mteb/UnfairTOSLegalBenchClassification,Pretraining benchmark dataset,False
L1_928,1,General Terms of Service,"to submit a valid claim for a refund , a user must ( a ) submit the test issue in writing to duolingo within 24 hours after the test issue occurs , and respond to duolingo 's requests for information or cooperation , ( b ) not have directly or indirectly caused the test issue , and ( c ) have met all test requirements when taking the test prior to making a claim for a test issue . ",Compliant Term,CLAUDETTE Benchmark (Unfair TOS),Low-risk,mteb/UnfairTOSLegalBenchClassification,https://huggingface.co/datasets/mteb/UnfairTOSLegalBenchClassification,Pretraining benchmark dataset,False
L1_421,1,General Terms of Service,"if you ( as seller ) , choose to reimburse a buyer , or are required to reimburse a buyer or ebay under the ebay money back guarantee , you authorize ebay to request that paypal remove the reimbursement amount ( in same or other currency ) from your paypal account , place the amount on your invoice , and/or charge your payment method on file . ",Compliant Term,CLAUDETTE Benchmark (Unfair TOS),Low-risk,mteb/UnfairTOSLegalBenchClassification,https://huggingface.co/datasets/mteb/UnfairTOSLegalBenchClassification,Pretraining benchmark dataset,False
L4_39,4,Loan App / Fintech,"Supplementary Term: Upon complete discharge of all contractual credit obligations, the data principal retains the unconditioned right to request total data purging. as updated in statutory terms.",Compliant data erasure,DPDP Act 2023,Low-risk,RakshakAI Adversarial Rewriter (Layer 4),internal://adversarial_layer4,Disguised phrasing rewrite requiring human review,True
L1_1630,1,General Terms of Service,"if the value of the relief sought is $ 10,000 or less , at your request , ebay will pay all filing , administration , and arbitrator fees associated with the arbitration . ",Compliant Term,CLAUDETTE Benchmark (Unfair TOS),Low-risk,mteb/UnfairTOSLegalBenchClassification,https://huggingface.co/datasets/mteb/UnfairTOSLegalBenchClassification,Pretraining benchmark dataset,False
L1_1919,1,General Terms of Service,you accept full responsibility for any unauthorized use of the service by minors . ,Compliant Term,CLAUDETTE Benchmark (Unfair TOS),Low-risk,mteb/UnfairTOSLegalBenchClassification,https://huggingface.co/datasets/mteb/UnfairTOSLegalBenchClassification,Pretraining benchmark dataset,False
L1_86,1,General Terms of Service,the arbitrator will be either a retired judge or an attorney licensed to practice law and will be selected by the parties from the aaa 's roster of arbitrators . ,Compliant Term,CLAUDETTE Benchmark (Unfair TOS),Low-risk,mteb/UnfairTOSLegalBenchClassification,https://huggingface.co/datasets/mteb/UnfairTOSLegalBenchClassification,Pretraining benchmark dataset,False
L1_936,1,General Terms of Service,"if you stay past the agreed upon checkout time without the host 's consent ( `` overstay '' ) , you no longer have a license to stay in the accommodation and the host is entitled to make you leave in a manner consistent with applicable law . ",Compliant Term,CLAUDETTE Benchmark (Unfair TOS),Low-risk,mteb/UnfairTOSLegalBenchClassification,https://huggingface.co/datasets/mteb/UnfairTOSLegalBenchClassification,Pretraining benchmark dataset,False
L1_1758,1,General Terms of Service,"if any symptoms persist longer than 2-3 days after removing the device , consult your doctor . ",Compliant Term,CLAUDETTE Benchmark (Unfair TOS),Low-risk,mteb/UnfairTOSLegalBenchClassification,https://huggingface.co/datasets/mteb/UnfairTOSLegalBenchClassification,Pretraining benchmark dataset,False
L1_77,1,General Terms of Service,"when you book a reservation facilitated by instant booking , we will collect your payment information and transmit it to the supplier to complete the transaction , as described in our privacy policy . ",Compliant Term,CLAUDETTE Benchmark (Unfair TOS),Low-risk,mteb/UnfairTOSLegalBenchClassification,https://huggingface.co/datasets/mteb/UnfairTOSLegalBenchClassification,Pretraining benchmark dataset,False
L1_47,1,General Terms of Service,academia.edu may offer you the ability to access certain features through purchase of a recurring subscription ( `` subscription '' ) . ,Compliant Term,CLAUDETTE Benchmark (Unfair TOS),Low-risk,mteb/UnfairTOSLegalBenchClassification,https://huggingface.co/datasets/mteb/UnfairTOSLegalBenchClassification,Pretraining benchmark dataset,False
L1_1464,1,General Terms of Service,"you will indemnify , defend , and hold harmless vimeo and its affiliates , directors , officers , employees , and agents , from and against all third party actions that : ( i ) arise from your activities on the vimeo service ; ( ii ) assert a violation by you of any term of this agreement ; or ( iii ) assert that any content you submitted to vimeo violates any law or infringes any third party right , including any intellectual property or privacy right . ",Compliant Term,CLAUDETTE Benchmark (Unfair TOS),Low-risk,mteb/UnfairTOSLegalBenchClassification,https://huggingface.co/datasets/mteb/UnfairTOSLegalBenchClassification,Pretraining benchmark dataset,False
L2_43,2,Gig Contract,"Partners are responsible for purchasing perishable/consumable materials required to deliver services, an ongoing cost borne entirely by the worker in addition to upfront training fees.",Operating cost shifted to worker,Fair Pay principle (Fairwork),High-risk,"BusinessToday, covering Urban Company worker protest",https://www.businesstoday.in/latest/in-focus/story/urban-company-punishes-workers-for-user-cancellations-blocks-worker-id-over-poor-rating-385830-2023-06-15,,False
L1_1170,1,General Terms of Service,"be aware that headspace has no control over user material once it leaves the products , and it is possible that others may duplicate material found on the products , including , but not limited to , on other sites on the internet . ",Compliant Term,CLAUDETTE Benchmark (Unfair TOS),Low-risk,mteb/UnfairTOSLegalBenchClassification,https://huggingface.co/datasets/mteb/UnfairTOSLegalBenchClassification,Pretraining benchmark dataset,False
L1_809,1,General Terms of Service,you acknowledge that opting out of receiving text ( sms ) messages may impact your use of the services . ,Compliant Term,CLAUDETTE Benchmark (Unfair TOS),Low-risk,mteb/UnfairTOSLegalBenchClassification,https://huggingface.co/datasets/mteb/UnfairTOSLegalBenchClassification,Pretraining benchmark dataset,False
L1_473,1,General Terms of Service,"further , unless both you and academia.edu otherwise agree in writing , the arbitrator may not consolidate more than one person 's claims , and may not otherwise preside over any form of any class or representative proceeding . ",Compliant Term,CLAUDETTE Benchmark (Unfair TOS),Low-risk,mteb/UnfairTOSLegalBenchClassification,https://huggingface.co/datasets/mteb/UnfairTOSLegalBenchClassification,Pretraining benchmark dataset,False
L1_1190,1,General Terms of Service,"our goal is to provide helpful and accurate information on the fitbit service , but we make no endorsement , representation , or warranty of any kind about any fitbit content , information , or services . ",Compliant Term,CLAUDETTE Benchmark (Unfair TOS),Low-risk,mteb/UnfairTOSLegalBenchClassification,https://huggingface.co/datasets/mteb/UnfairTOSLegalBenchClassification,Pretraining benchmark dataset,False
L1_264,1,General Terms of Service,"tripadvisor takes no responsibility and assumes no liability for any content posted , stored or uploaded by you or any third party , or for any loss or damage thereto , nor is tripadvisor liable for any mistakes , defamation , slander , libel , omissions , falsehoods , obscenity , pornography or profanity you may encounter . ",Compliant Term,CLAUDETTE Benchmark (Unfair TOS),Low-risk,mteb/UnfairTOSLegalBenchClassification,https://huggingface.co/datasets/mteb/UnfairTOSLegalBenchClassification,Pretraining benchmark dataset,False
L1_74,1,General Terms of Service,"1.4 if you choose to use the airbnb platform as a host or co-host ( as defined below ) , your relationship with airbnb is limited to being an independent , third-party contractor , and not an employee , agent , joint venturer or partner of airbnb for any reason , and you act exclusively on your own behalf and for your own benefit , and not on behalf , or for the benefit , of airbnb . ",Compliant Term,CLAUDETTE Benchmark (Unfair TOS),Low-risk,mteb/UnfairTOSLegalBenchClassification,https://huggingface.co/datasets/mteb/UnfairTOSLegalBenchClassification,Pretraining benchmark dataset,False
L1_1559,1,General Terms of Service,any unauthorized use or violation of these terms immediately and automatically terminates your right to use the products and may subject you to legal liability . ,Compliant Term,CLAUDETTE Benchmark (Unfair TOS),Low-risk,mteb/UnfairTOSLegalBenchClassification,https://huggingface.co/datasets/mteb/UnfairTOSLegalBenchClassification,Pretraining benchmark dataset,False
L1_565,1,General Terms of Service,"you acknowledge that it is your responsibility to ensure payment in advance for all paid aspects of the service , and to ensure that your credit or debit cards or other payment instruments accepted by linden lab or an applicable payment service provider continue to be valid and sufficient for such purposes . ",Compliant Term,CLAUDETTE Benchmark (Unfair TOS),Low-risk,mteb/UnfairTOSLegalBenchClassification,https://huggingface.co/datasets/mteb/UnfairTOSLegalBenchClassification,Pretraining benchmark dataset,False
L1_758,1,General Terms of Service,"if you do not agree to these terms , you may not access or use the services . ",Compliant Term,CLAUDETTE Benchmark (Unfair TOS),Low-risk,mteb/UnfairTOSLegalBenchClassification,https://huggingface.co/datasets/mteb/UnfairTOSLegalBenchClassification,Pretraining benchmark dataset,False
L1_1674,1,General Terms of Service,"( ii ) paid subscription : a subscription fee-based program , which gives access to all content including and beyond the `` basics '' free trial . ",Compliant Term,CLAUDETTE Benchmark (Unfair TOS),Low-risk,mteb/UnfairTOSLegalBenchClassification,https://huggingface.co/datasets/mteb/UnfairTOSLegalBenchClassification,Pretraining benchmark dataset,False
L1_596,1,General Terms of Service,"in the event of a test issue ( described below ) , duolingo will , at its option , either ( a ) provide the user with a refund for the affected test , or ( b ) use reasonable efforts to resolve the test issue . ",Compliant Term,CLAUDETTE Benchmark (Unfair TOS),Low-risk,mteb/UnfairTOSLegalBenchClassification,https://huggingface.co/datasets/mteb/UnfairTOSLegalBenchClassification,Pretraining benchmark dataset,False
L1_1635,1,General Terms of Service,"you agree that this license includes the right for twitter to provide , promote , and improve the services and to make content submitted to or through the services available to other companies , organizations or individuals for the syndication , broadcast , distribution , promotion or publication of such content on other media and services , subject to our terms and conditions for such content use . ",Compliant Term,CLAUDETTE Benchmark (Unfair TOS),Low-risk,mteb/UnfairTOSLegalBenchClassification,https://huggingface.co/datasets/mteb/UnfairTOSLegalBenchClassification,Pretraining benchmark dataset,False
L1_921,1,General Terms of Service,7.2 this section 7 sets out the rights and obligations that each of us have in connection with user material . ,Compliant Term,CLAUDETTE Benchmark (Unfair TOS),Low-risk,mteb/UnfairTOSLegalBenchClassification,https://huggingface.co/datasets/mteb/UnfairTOSLegalBenchClassification,Pretraining benchmark dataset,False
L3_119,3,Gig Contract,Deductions for operational delays are capped at transparent pre-disclosed rates and subject to mandatory human review. Subject to regulatory audit.,Compliant fee deduction limit,Fair Conditions / Code on Wages,Low-risk,RakshakAI Synthetic Generator (Layer 3),internal://synthetic_layer3,Synthetic clause generated for Gig Worker Legislation,False
L1_1340,1,General Terms of Service,"redwood city , california 94063 usa ",Compliant Term,CLAUDETTE Benchmark (Unfair TOS),Low-risk,mteb/UnfairTOSLegalBenchClassification,https://huggingface.co/datasets/mteb/UnfairTOSLegalBenchClassification,Pretraining benchmark dataset,False
L1_171,1,General Terms of Service,you may use catalog content solely in your ebay listings . ,Compliant Term,CLAUDETTE Benchmark (Unfair TOS),Low-risk,mteb/UnfairTOSLegalBenchClassification,https://huggingface.co/datasets/mteb/UnfairTOSLegalBenchClassification,Pretraining benchmark dataset,False
L1_791,1,General Terms of Service,"( c ) please note that if you purchase a subscription through the apple itunes store or our iphone application , you may cancel your subscription by cancelling automatic renewal of paid in app subscriptions by selecting manage app subscriptions in your itunes account settings and selecting the subscription you want to modify . ",Compliant Term,CLAUDETTE Benchmark (Unfair TOS),Low-risk,mteb/UnfairTOSLegalBenchClassification,https://huggingface.co/datasets/mteb/UnfairTOSLegalBenchClassification,Pretraining benchmark dataset,False
L1_2021,1,General Terms of Service,"some jurisdictions do not allow the exclusion of implied warranties , so the above exclusion may not apply to you . ",Compliant Term,CLAUDETTE Benchmark (Unfair TOS),Low-risk,mteb/UnfairTOSLegalBenchClassification,https://huggingface.co/datasets/mteb/UnfairTOSLegalBenchClassification,Pretraining benchmark dataset,False
L1_1568,1,General Terms of Service,applicable taxes may be presented at checkout . ,Compliant Term,CLAUDETTE Benchmark (Unfair TOS),Low-risk,mteb/UnfairTOSLegalBenchClassification,https://huggingface.co/datasets/mteb/UnfairTOSLegalBenchClassification,Pretraining benchmark dataset,False
L1_885,1,General Terms of Service,you should ensure that you have only stored content on the servers to which you are willing to permanently lose access . ,Compliant Term,CLAUDETTE Benchmark (Unfair TOS),Low-risk,mteb/UnfairTOSLegalBenchClassification,https://huggingface.co/datasets/mteb/UnfairTOSLegalBenchClassification,Pretraining benchmark dataset,False
L2_3,2,Gig Contract,"Termination clause includes a broad, subjective catch-all allowing termination for 'any action or omission' that could cause legal or contractual liability for the platform, without specifying objective criteria.",Vague/overbroad termination trigger,Unfair contract terms doctrine,High-risk,Runnr (Zomato-affiliated) Delivery Partner T&C,https://www.runnr.in/delivery-partner-tandc.html,,False
L1_1064,1,General Terms of Service,"13.4 in certain jurisdictions , airbnb may decide in its sole discretion to facilitate collection and remittance of occupancy taxes from or on behalf of guests or hosts , in accordance these terms ( `` collection and remittance '' ) if such jurisdiction asserts airbnb or hosts have an occupancy tax collection and remittance obligation . ",Compliant Term,CLAUDETTE Benchmark (Unfair TOS),Low-risk,mteb/UnfairTOSLegalBenchClassification,https://huggingface.co/datasets/mteb/UnfairTOSLegalBenchClassification,Pretraining benchmark dataset,False
L1_1636,1,General Terms of Service,"in the event of account deletion for any reason , content that you submitted may no longer be available . ",Compliant Term,CLAUDETTE Benchmark (Unfair TOS),Low-risk,mteb/UnfairTOSLegalBenchClassification,https://huggingface.co/datasets/mteb/UnfairTOSLegalBenchClassification,Pretraining benchmark dataset,False
L1_1913,1,General Terms of Service,"if at any time supercell chooses , in its sole discretion , to monitor the service , supercell nonetheless assumes no responsibility for user content and assumes no obligation to modify or remove any inappropriate user content . ",Compliant Term,CLAUDETTE Benchmark (Unfair TOS),Low-risk,mteb/UnfairTOSLegalBenchClassification,https://huggingface.co/datasets/mteb/UnfairTOSLegalBenchClassification,Pretraining benchmark dataset,False
L1_26,1,General Terms of Service,"if you are a resident of the united states , these terms of service and any dispute arising out of or related to it or privacy policy or the service shall be governed in all respects by california law , without regard to conflict of law provisions . ",Compliant Term,CLAUDETTE Benchmark (Unfair TOS),Low-risk,mteb/UnfairTOSLegalBenchClassification,https://huggingface.co/datasets/mteb/UnfairTOSLegalBenchClassification,Pretraining benchmark dataset,False
L1_1491,1,General Terms of Service,any user content provided by you remains your property . ,Compliant Term,CLAUDETTE Benchmark (Unfair TOS),Low-risk,mteb/UnfairTOSLegalBenchClassification,https://huggingface.co/datasets/mteb/UnfairTOSLegalBenchClassification,Pretraining benchmark dataset,False
L1_1617,1,General Terms of Service,supplemental terms shall prevail over these terms in the event of a conflict with respect to the applicable services . ,Compliant Term,CLAUDETTE Benchmark (Unfair TOS),Low-risk,mteb/UnfairTOSLegalBenchClassification,https://huggingface.co/datasets/mteb/UnfairTOSLegalBenchClassification,Pretraining benchmark dataset,False
L1_62,1,General Terms of Service,"once you 've purchased content , we encourage you to download , install and/or access it promptly . ",Compliant Term,CLAUDETTE Benchmark (Unfair TOS),Low-risk,mteb/UnfairTOSLegalBenchClassification,https://huggingface.co/datasets/mteb/UnfairTOSLegalBenchClassification,Pretraining benchmark dataset,False
L1_985,1,General Terms of Service,"in addition to granting us the rights mentioned in the previous paragraph , you also grant us a license to create derivative works from , promote , exhibit , broadcast , syndicate , sublicense , publicly perform , and publicly display content submitted to live , local , or any other crowd-sourced services in any form and in any and all media or distribution methods ( now known or later developed ) . ",Compliant Term,CLAUDETTE Benchmark (Unfair TOS),Low-risk,mteb/UnfairTOSLegalBenchClassification,https://huggingface.co/datasets/mteb/UnfairTOSLegalBenchClassification,Pretraining benchmark dataset,False
L1_1017,1,General Terms of Service,"• breach or circumvent any laws , third-party rights or our systems , policies , or determinations of your account status ; ",Compliant Term,CLAUDETTE Benchmark (Unfair TOS),Low-risk,mteb/UnfairTOSLegalBenchClassification,https://huggingface.co/datasets/mteb/UnfairTOSLegalBenchClassification,Pretraining benchmark dataset,False
L1_690,1,General Terms of Service,"if you and oculus can not reach an agreement to resolve the claim within 30 days after such notice is received , then either party may , as appropriate in accordance with this section 18 , commence an arbitration proceeding or file a claim in court . ",Compliant Term,CLAUDETTE Benchmark (Unfair TOS),Low-risk,mteb/UnfairTOSLegalBenchClassification,https://huggingface.co/datasets/mteb/UnfairTOSLegalBenchClassification,Pretraining benchmark dataset,False
L1_1657,1,General Terms of Service,"you agree to defend , indemnify and hold headspace and its directors , officers , members , investors , managers , employees and agents harmless from any and all claims , liabilities , costs and expenses , including reasonable attorneys ' fees , arising in any way from your use of the products , your placement or transmission of any message , content , information , software , or other submissions through the products , or your breach or violation of the law or of these terms . ",Compliant Term,CLAUDETTE Benchmark (Unfair TOS),Low-risk,mteb/UnfairTOSLegalBenchClassification,https://huggingface.co/datasets/mteb/UnfairTOSLegalBenchClassification,Pretraining benchmark dataset,False
L1_448,1,General Terms of Service,"you acknowledge that the content of the service is provided or made available to you under license from linden lab and independent content providers , including other users of the service ( `` content providers '' ) . ",Compliant Term,CLAUDETTE Benchmark (Unfair TOS),Low-risk,mteb/UnfairTOSLegalBenchClassification,https://huggingface.co/datasets/mteb/UnfairTOSLegalBenchClassification,Pretraining benchmark dataset,False
L1_1531,1,General Terms of Service,"these communications are considered part of the services and your account , and you may not be able to opt-out from receiving them . ",Compliant Term,CLAUDETTE Benchmark (Unfair TOS),Low-risk,mteb/UnfairTOSLegalBenchClassification,https://huggingface.co/datasets/mteb/UnfairTOSLegalBenchClassification,Pretraining benchmark dataset,False
L3_24,3,Loan App / Fintech,Borrowers cannot request deletion of personal information after full settlement of their loan account. Subject to regulatory audit.,Denial of data erasure,DPDP Act 2023,High-risk,RakshakAI Synthetic Generator (Layer 3),internal://synthetic_layer3,Synthetic clause generated for DPDP Act 2023 §12 (Right to Erasure),False
L1_1254,1,General Terms of Service,"if any provision or provisions of these terms of use shall be held to be invalid , illegal , or unenforceable , the validity , legality and enforceability of the remaining provisions shall remain in full force and effect . ",Compliant Term,CLAUDETTE Benchmark (Unfair TOS),Low-risk,mteb/UnfairTOSLegalBenchClassification,https://huggingface.co/datasets/mteb/UnfairTOSLegalBenchClassification,Pretraining benchmark dataset,False
L1_808,1,General Terms of Service,you may also modify such distribution content but only as required to technically enable the display and distribution of such content through your computer systems and over the internet ( e.g. a change in video format or file size ) provided such modification does not materially alter the substance or quality of such content . ,Compliant Term,CLAUDETTE Benchmark (Unfair TOS),Low-risk,mteb/UnfairTOSLegalBenchClassification,https://huggingface.co/datasets/mteb/UnfairTOSLegalBenchClassification,Pretraining benchmark dataset,False
L1_812,1,General Terms of Service,"you are responsible for , and assume all risks associated with , your use of the services and for any content accessed or made available to others through your account ( even if that content is accessed or made available by others ) . ",Compliant Term,CLAUDETTE Benchmark (Unfair TOS),Low-risk,mteb/UnfairTOSLegalBenchClassification,https://huggingface.co/datasets/mteb/UnfairTOSLegalBenchClassification,Pretraining benchmark dataset,False
L4_34,4,Loan App / Fintech,Under no circumstances shall loan proceeds pass through non-regulated intermediary entities prior to crediting the borrower's designated bank account.,Compliant direct disbursal,RBI Digital Lending Directions,Low-risk,RakshakAI Adversarial Rewriter (Layer 4),internal://adversarial_layer4,Disguised phrasing rewrite requiring human review,True
L1_133,1,General Terms of Service,"failure to meet these standards may result in ebay charging you additional fees , and/or limiting , restricting , suspending , or downgrading your seller account . ",Compliant Term,CLAUDETTE Benchmark (Unfair TOS),Low-risk,mteb/UnfairTOSLegalBenchClassification,https://huggingface.co/datasets/mteb/UnfairTOSLegalBenchClassification,Pretraining benchmark dataset,False
L1_280,1,General Terms of Service,"to the extent permitted by the applicable law , payments are non-refundable and we do not provide refunds or credits for any partial-month membership periods or unwatched netflix content . ",Compliant Term,CLAUDETTE Benchmark (Unfair TOS),Low-risk,mteb/UnfairTOSLegalBenchClassification,https://huggingface.co/datasets/mteb/UnfairTOSLegalBenchClassification,Pretraining benchmark dataset,False
L1_1874,1,General Terms of Service,you may contact us via email at legalnotice@evernote.com or at : ,Compliant Term,CLAUDETTE Benchmark (Unfair TOS),Low-risk,mteb/UnfairTOSLegalBenchClassification,https://huggingface.co/datasets/mteb/UnfairTOSLegalBenchClassification,Pretraining benchmark dataset,False
L1_1782,1,General Terms of Service,"effective date : january 11 , 2017 ",Compliant Term,CLAUDETTE Benchmark (Unfair TOS),Low-risk,mteb/UnfairTOSLegalBenchClassification,https://huggingface.co/datasets/mteb/UnfairTOSLegalBenchClassification,Pretraining benchmark dataset,False
L1_795,1,General Terms of Service,"without limiting the generality of the foregoing , duolingo does not make any representation or warranty of any kind relating to accuracy , service availability , completeness , informational content , error-free operation , results to be obtained from use , or non-infringement . ",Compliant Term,CLAUDETTE Benchmark (Unfair TOS),Low-risk,mteb/UnfairTOSLegalBenchClassification,https://huggingface.co/datasets/mteb/UnfairTOSLegalBenchClassification,Pretraining benchmark dataset,False
L1_1091,1,General Terms of Service,"you will comply with all applicable export control laws of the united states and any other applicable governmental authority , including , without limitation , the us export administration regulations ( `` export laws '' ) . ",Compliant Term,CLAUDETTE Benchmark (Unfair TOS),Low-risk,mteb/UnfairTOSLegalBenchClassification,https://huggingface.co/datasets/mteb/UnfairTOSLegalBenchClassification,Pretraining benchmark dataset,False
L3_6,3,Loan App / Fintech,"Prior to onboarding, the platform presents a clear, itemised notice detailing exact personal data requested and specific processing purposes.",Compliant data notice,DPDP Act 2023,Low-risk,RakshakAI Synthetic Generator (Layer 3),internal://synthetic_layer3,Synthetic clause generated for DPDP Act 2023 §5 (Notice),False
L1_170,1,General Terms of Service,"we will note the date that revisions were last made to the agreement at the bottom of this page , and any revisions will take effect upon posting . ",Compliant Term,CLAUDETTE Benchmark (Unfair TOS),Low-risk,mteb/UnfairTOSLegalBenchClassification,https://huggingface.co/datasets/mteb/UnfairTOSLegalBenchClassification,Pretraining benchmark dataset,False
L1_105,1,General Terms of Service,vimeo has no obligation to screen or monitor any content and does not guarantee that any content available on the vimeo service complies with this agreement or is suitable for all users . ,Compliant Term,CLAUDETTE Benchmark (Unfair TOS),Low-risk,mteb/UnfairTOSLegalBenchClassification,https://huggingface.co/datasets/mteb/UnfairTOSLegalBenchClassification,Pretraining benchmark dataset,False
L1_654,1,General Terms of Service,( if you want to cancel the contract please complete and return this form . ) ,Compliant Term,CLAUDETTE Benchmark (Unfair TOS),Low-risk,mteb/UnfairTOSLegalBenchClassification,https://huggingface.co/datasets/mteb/UnfairTOSLegalBenchClassification,Pretraining benchmark dataset,False
L1_1344,1,General Terms of Service,noe may allow you to upload and use funds to make the payment for digital products that you purchase from noe in nintendo shopping services . ,Compliant Term,CLAUDETTE Benchmark (Unfair TOS),Low-risk,mteb/UnfairTOSLegalBenchClassification,https://huggingface.co/datasets/mteb/UnfairTOSLegalBenchClassification,Pretraining benchmark dataset,False
L1_540,1,General Terms of Service,we reserve all rights not expressly granted to you . ,Compliant Term,CLAUDETTE Benchmark (Unfair TOS),Low-risk,mteb/UnfairTOSLegalBenchClassification,https://huggingface.co/datasets/mteb/UnfairTOSLegalBenchClassification,Pretraining benchmark dataset,False
L1_88,1,General Terms of Service,the applicable service fees are due and payable and collected by airbnb payments pursuant to the payments terms . ,Compliant Term,CLAUDETTE Benchmark (Unfair TOS),Low-risk,mteb/UnfairTOSLegalBenchClassification,https://huggingface.co/datasets/mteb/UnfairTOSLegalBenchClassification,Pretraining benchmark dataset,False
L1_986,1,General Terms of Service,airbnb payments will collect overstay fees from you pursuant to the payments terms . ,Compliant Term,CLAUDETTE Benchmark (Unfair TOS),Low-risk,mteb/UnfairTOSLegalBenchClassification,https://huggingface.co/datasets/mteb/UnfairTOSLegalBenchClassification,Pretraining benchmark dataset,False
L1_605,1,General Terms of Service,"accordingly , to the extent permitted by applicable law , we exclude all express or implied warranties , terms and conditions including , but not limited to , implied warranties of merchantability , fitness for a particular purpose , and non-infringement . ",Compliant Term,CLAUDETTE Benchmark (Unfair TOS),Low-risk,mteb/UnfairTOSLegalBenchClassification,https://huggingface.co/datasets/mteb/UnfairTOSLegalBenchClassification,Pretraining benchmark dataset,False
L1_212,1,General Terms of Service,"where permitted , you may delete copies or instances of your content that you have displayed or that are in your account inventory through the normal functionality of the service , such as by emptying the trash folder in your account inventory as applicable . ",Compliant Term,CLAUDETTE Benchmark (Unfair TOS),Low-risk,mteb/UnfairTOSLegalBenchClassification,https://huggingface.co/datasets/mteb/UnfairTOSLegalBenchClassification,Pretraining benchmark dataset,False
L1_739,1,General Terms of Service,"arbitration notice : if you 're using the services on behalf of a business , then your business will be bound by the arbitration clause that appears later in these terms . ",Compliant Term,CLAUDETTE Benchmark (Unfair TOS),Low-risk,mteb/UnfairTOSLegalBenchClassification,https://huggingface.co/datasets/mteb/UnfairTOSLegalBenchClassification,Pretraining benchmark dataset,False
L1_637,1,General Terms of Service,"there is no judge or jury in arbitration , and court review of an arbitration award is limited . ",Compliant Term,CLAUDETTE Benchmark (Unfair TOS),Low-risk,mteb/UnfairTOSLegalBenchClassification,https://huggingface.co/datasets/mteb/UnfairTOSLegalBenchClassification,Pretraining benchmark dataset,False
L1_612,1,General Terms of Service,"without limiting the foregoing , we explicitly disclaim all express or implied warranties arising out of or related to these terms or the fitbit service , including any warranties of merchantability , fitness for a particular purpose , quiet enjoyment or non-infringement , and any warranties arising out of course of dealing or usage of trade . ",Compliant Term,CLAUDETTE Benchmark (Unfair TOS),Low-risk,mteb/UnfairTOSLegalBenchClassification,https://huggingface.co/datasets/mteb/UnfairTOSLegalBenchClassification,Pretraining benchmark dataset,False
L1_1029,1,General Terms of Service,( g ) small claims court . ,Compliant Term,CLAUDETTE Benchmark (Unfair TOS),Low-risk,mteb/UnfairTOSLegalBenchClassification,https://huggingface.co/datasets/mteb/UnfairTOSLegalBenchClassification,Pretraining benchmark dataset,False
L1_1803,1,General Terms of Service,limitation on types of damages/limitation of liability ,Compliant Term,CLAUDETTE Benchmark (Unfair TOS),Low-risk,mteb/UnfairTOSLegalBenchClassification,https://huggingface.co/datasets/mteb/UnfairTOSLegalBenchClassification,Pretraining benchmark dataset,False
L1_1481,1,General Terms of Service,we 've drafted these terms of service ( which we call the `` terms '' ) so you 'll know the rules that govern our relationship with you . ,Compliant Term,CLAUDETTE Benchmark (Unfair TOS),Low-risk,mteb/UnfairTOSLegalBenchClassification,https://huggingface.co/datasets/mteb/UnfairTOSLegalBenchClassification,Pretraining benchmark dataset,False
L1_439,1,General Terms of Service,"if the dispute has a claimed value of not more than $ 10,000,000 , then the arbitration will be heard and determined by a single , neutral arbitrator who is a retired judge or a lawyer with not less than ten ( 10 ) years ' experience as a practicing member of the bar in the substantive practice area related to the dispute , who will administer the proceedings in accordance with the aaa 's supplementary procedures for consumer related disputes . ",Compliant Term,CLAUDETTE Benchmark (Unfair TOS),Low-risk,mteb/UnfairTOSLegalBenchClassification,https://huggingface.co/datasets/mteb/UnfairTOSLegalBenchClassification,Pretraining benchmark dataset,False
L1_358,1,General Terms of Service,"fitbit may enable you to post , upload , store , share , send , or display photos , images , video , data , text , music , exercise regimens , food logs , recipes , comments , and other information and content ( `` your content '' ) to and via the fitbit service . ",Compliant Term,CLAUDETTE Benchmark (Unfair TOS),Low-risk,mteb/UnfairTOSLegalBenchClassification,https://huggingface.co/datasets/mteb/UnfairTOSLegalBenchClassification,Pretraining benchmark dataset,False
L1_1008,1,General Terms of Service,any delinquent or unpaid accounts must be settled before oculus will allow you to register again . ,Compliant Term,CLAUDETTE Benchmark (Unfair TOS),Low-risk,mteb/UnfairTOSLegalBenchClassification,https://huggingface.co/datasets/mteb/UnfairTOSLegalBenchClassification,Pretraining benchmark dataset,False
L4_9,4,Loan App / Fintech,"Supplementary Term: For identity authentication and emergency contact verification, permission to read system contacts may be leveraged during onboarding. as updated in statutory terms.",Contact list access,RBI Digital Lending Directions,High-risk,RakshakAI Adversarial Rewriter (Layer 4),internal://adversarial_layer4,Disguised phrasing rewrite requiring human review,True
L1_236,1,General Terms of Service,"the service may contain links to third-party websites , advertisers , services , special offers , or other events or activities that are not owned or controlled by duolingo . ",Compliant Term,CLAUDETTE Benchmark (Unfair TOS),Low-risk,mteb/UnfairTOSLegalBenchClassification,https://huggingface.co/datasets/mteb/UnfairTOSLegalBenchClassification,Pretraining benchmark dataset,False
L1_1772,1,General Terms of Service,"solicit email addresses or other personal information from members you do n't know , without authorization . ",Compliant Term,CLAUDETTE Benchmark (Unfair TOS),Low-risk,mteb/UnfairTOSLegalBenchClassification,https://huggingface.co/datasets/mteb/UnfairTOSLegalBenchClassification,Pretraining benchmark dataset,False
L1_184,1,General Terms of Service,( b ) a description of the copyrighted work or other intellectual property that you claim has been infringed ; ,Compliant Term,CLAUDETTE Benchmark (Unfair TOS),Low-risk,mteb/UnfairTOSLegalBenchClassification,https://huggingface.co/datasets/mteb/UnfairTOSLegalBenchClassification,Pretraining benchmark dataset,False
L4_28,4,Gig Contract,Mandatory safety kit items and branded equipment fees will be periodically debited from accrued partner earnings.,Cost shifting to worker,Code on Social Security 2020,High-risk,RakshakAI Adversarial Rewriter (Layer 4),internal://adversarial_layer4,Disguised phrasing rewrite requiring human review,True
L1_100,1,General Terms of Service,you agree that you will not : ,Compliant Term,CLAUDETTE Benchmark (Unfair TOS),Low-risk,mteb/UnfairTOSLegalBenchClassification,https://huggingface.co/datasets/mteb/UnfairTOSLegalBenchClassification,Pretraining benchmark dataset,False
L1_1068,1,General Terms of Service,"the arbitration will be held in the united states county where you live or work , san francisco , california , or any other location we agree to . ",Compliant Term,CLAUDETTE Benchmark (Unfair TOS),Low-risk,mteb/UnfairTOSLegalBenchClassification,https://huggingface.co/datasets/mteb/UnfairTOSLegalBenchClassification,Pretraining benchmark dataset,False
L1_1072,1,General Terms of Service,"you also agree to pay the applicable host fee and any applicable taxes , which will be collected pursuant to the payments terms . ",Compliant Term,CLAUDETTE Benchmark (Unfair TOS),Low-risk,mteb/UnfairTOSLegalBenchClassification,https://huggingface.co/datasets/mteb/UnfairTOSLegalBenchClassification,Pretraining benchmark dataset,False
L1_1305,1,General Terms of Service,we make it easy for you to report suspected copyright infringement . ,Compliant Term,CLAUDETTE Benchmark (Unfair TOS),Low-risk,mteb/UnfairTOSLegalBenchClassification,https://huggingface.co/datasets/mteb/UnfairTOSLegalBenchClassification,Pretraining benchmark dataset,False
L2_54,2,Gig Contract,"Porter's driver agreement prohibits the driver from forming 'any union, trusts, association, society or any other type of entity' and bars gatherings of five or more people to discuss the agreement or Porter's business affairs, with breach triggering termination and full indemnification.",Suppression of collective bargaining / right to organise,"Constitution of India Art. 19(1)(c); state Gig Worker Acts (Karnataka/Bihar Acts affirmatively protect worker collectives, by contrast)",High-risk,Porter — official Services Agreement,https://dom-website-prod-cdn-web.porter.in/partner_tnc_content.pdf,"Appendix A, Clause 6.4. Explicit, verbatim anti-union clause — one of the clearest found in this research.",False
L1_282,1,General Terms of Service,"if , however , this waiver of class or consolidated actions is deemed invalid or unenforceable , neither you nor headspace are entitled to arbitration ; instead all claims and disputes will be resolved in a court as set forth in section 13.13 below . ",Compliant Term,CLAUDETTE Benchmark (Unfair TOS),Low-risk,mteb/UnfairTOSLegalBenchClassification,https://huggingface.co/datasets/mteb/UnfairTOSLegalBenchClassification,Pretraining benchmark dataset,False
L1_740,1,General Terms of Service,our contact email address is help@headspace.com . ,Compliant Term,CLAUDETTE Benchmark (Unfair TOS),Low-risk,mteb/UnfairTOSLegalBenchClassification,https://huggingface.co/datasets/mteb/UnfairTOSLegalBenchClassification,Pretraining benchmark dataset,False
L1_270,1,General Terms of Service,"oculus has no responsibility or liability for user content made available through the services , and we have no obligation to screen , edit or monitor such content . ",Compliant Term,CLAUDETTE Benchmark (Unfair TOS),Low-risk,mteb/UnfairTOSLegalBenchClassification,https://huggingface.co/datasets/mteb/UnfairTOSLegalBenchClassification,Pretraining benchmark dataset,False
L1_828,1,General Terms of Service,"linden lab may , but will not have the obligation to , display , maintain , or otherwise make use of , any of your user content , and linden lab may , in its sole discretion , modify , delete , or otherwise make use of user content without notice or any liability to you or any third party . ",Compliant Term,CLAUDETTE Benchmark (Unfair TOS),Low-risk,mteb/UnfairTOSLegalBenchClassification,https://huggingface.co/datasets/mteb/UnfairTOSLegalBenchClassification,Pretraining benchmark dataset,False
L1_210,1,General Terms of Service,"regardless of the previous paragraphs , if we are found to be liable , our liability to you or to any third party is limited to the greater of ( a ) any amounts due under the ebay money back guarantee up to the price the item sold for on ebay ( including any applicable sales tax ) and its original shipping costs , ( b ) the amount of fees in dispute not to exceed the total fees , which you paid to us in the 12 months prior to the action giving rise to the liability , or ( c ) $ 100 . ",Compliant Term,CLAUDETTE Benchmark (Unfair TOS),Low-risk,mteb/UnfairTOSLegalBenchClassification,https://huggingface.co/datasets/mteb/UnfairTOSLegalBenchClassification,Pretraining benchmark dataset,False
L1_1923,1,General Terms of Service,"unsolicited promotions , mass mailings or `` spamming '' , transmission of `` junk mail '' , `` chain letters '' , political campaigning , advertising , contests , raffles , or solicitations ; ",Compliant Term,CLAUDETTE Benchmark (Unfair TOS),Low-risk,mteb/UnfairTOSLegalBenchClassification,https://huggingface.co/datasets/mteb/UnfairTOSLegalBenchClassification,Pretraining benchmark dataset,False
L2_80,2,Loan App / Fintech,"RBI barred Navi Finserv (along with DMI Finance, Asirvad Microfinance and Arohan Financial Services) from sanctioning or disbursing any new loans from Oct 21, 2024, citing usurious/excessive interest pricing and Fair Practices Code violations.",Usurious interest / regulatory non-compliance,RBI Fair Practices Code; RBI Master Direction on NBFC Scale-Based Regulation,High-risk,"RBI order, reported by Business Standard",https://www.business-standard.com/industry/banking/rbi-bars-4-nbfcs-from-extending-loans-for-charging-usurious-rates-124101701427_1.html,Restrictions were lifted about a month later after corrective steps -- note the timeline if using,False
L1_2035,1,General Terms of Service,"( ii ) an internet web browser which is capable of supporting 128-bit ssl encrypted communications , javascript , and cookies . ",Compliant Term,CLAUDETTE Benchmark (Unfair TOS),Low-risk,mteb/UnfairTOSLegalBenchClassification,https://huggingface.co/datasets/mteb/UnfairTOSLegalBenchClassification,Pretraining benchmark dataset,False
L1_1844,1,General Terms of Service,"if we do n't act to enforce a breach of this contract , that does not mean that linkedin has waived its right to enforce this contract . ",Compliant Term,CLAUDETTE Benchmark (Unfair TOS),Low-risk,mteb/UnfairTOSLegalBenchClassification,https://huggingface.co/datasets/mteb/UnfairTOSLegalBenchClassification,Pretraining benchmark dataset,False
L1_258,1,General Terms of Service,"in addition , you will be subject to late fees . ",Compliant Term,CLAUDETTE Benchmark (Unfair TOS),Low-risk,mteb/UnfairTOSLegalBenchClassification,https://huggingface.co/datasets/mteb/UnfairTOSLegalBenchClassification,Pretraining benchmark dataset,False
L1_1833,1,General Terms of Service,"your address , telephone number , and email address ; ",Compliant Term,CLAUDETTE Benchmark (Unfair TOS),Low-risk,mteb/UnfairTOSLegalBenchClassification,https://huggingface.co/datasets/mteb/UnfairTOSLegalBenchClassification,Pretraining benchmark dataset,False
L1_897,1,General Terms of Service,"`` member content '' means content that a member posts , uploads , publishes , submits or transmits to be made available through the site or services . ",Compliant Term,CLAUDETTE Benchmark (Unfair TOS),Low-risk,mteb/UnfairTOSLegalBenchClassification,https://huggingface.co/datasets/mteb/UnfairTOSLegalBenchClassification,Pretraining benchmark dataset,False
L3_100,3,Loan App / Fintech,"App prominently displays the name, email, phone number, and postal address of the designated Nodal Grievance Redressal Officer. Enforced in all operating regions.",Compliant grievance redressal,RBI Digital Lending Directions,Low-risk,RakshakAI Synthetic Generator (Layer 3),internal://synthetic_layer3,Synthetic clause generated for RBI Digital Lending Guidelines 2022,False
L1_348,1,General Terms of Service,we are not responsible for the accuracy of any third party 's privacy policy or for ensuring that third parties comply with their privacy policies . ,Compliant Term,CLAUDETTE Benchmark (Unfair TOS),Low-risk,mteb/UnfairTOSLegalBenchClassification,https://huggingface.co/datasets/mteb/UnfairTOSLegalBenchClassification,Pretraining benchmark dataset,False
L3_72,3,Loan App / Fintech,App requests continuous background access to contact lists and call logs to monitor borrower behavior. Applicable across all digital channels.,Prohibited contact and file access,RBI Digital Lending Directions,High-risk,RakshakAI Synthetic Generator (Layer 3),internal://synthetic_layer3,Synthetic clause generated for RBI Digital Lending Guidelines 2022,False
L1_753,1,General Terms of Service,these terms expressly supersede prior agreements or arrangements with you . ,Compliant Term,CLAUDETTE Benchmark (Unfair TOS),Low-risk,mteb/UnfairTOSLegalBenchClassification,https://huggingface.co/datasets/mteb/UnfairTOSLegalBenchClassification,Pretraining benchmark dataset,False
L1_1572,1,General Terms of Service,"violate the intellectual property or other rights of linkedin , including , without limitation , ( i ) copying or distributing our learning videos or other materials or ( ii ) copying or distributing our technology , unless it is released under open source licenses ; ( iii ) using the word `` linkedin '' or our logos in any business name , email , or url except as provided in the brand guidelines ; ",Compliant Term,CLAUDETTE Benchmark (Unfair TOS),Low-risk,mteb/UnfairTOSLegalBenchClassification,https://huggingface.co/datasets/mteb/UnfairTOSLegalBenchClassification,Pretraining benchmark dataset,False
L1_67,1,General Terms of Service,"for some payment methods , the issuer of your payment method may charge you certain fees , such as a foreign transaction fee or other fees relating to the processing of your payment method . ",Compliant Term,CLAUDETTE Benchmark (Unfair TOS),Low-risk,mteb/UnfairTOSLegalBenchClassification,https://huggingface.co/datasets/mteb/UnfairTOSLegalBenchClassification,Pretraining benchmark dataset,False
L1_1691,1,General Terms of Service,"judicial forum for disputes : except as otherwise required by applicable law , in the event that the agreement to arbitrate is found not to apply to you or your claim , you and fitbit agree that any judicial proceeding ( other than small claims actions ) will be brought in the federal or state courts of san francisco county , california . ",Compliant Term,CLAUDETTE Benchmark (Unfair TOS),Low-risk,mteb/UnfairTOSLegalBenchClassification,https://huggingface.co/datasets/mteb/UnfairTOSLegalBenchClassification,Pretraining benchmark dataset,False
L1_97,1,General Terms of Service,please see our privacy policy to understand the extent to which any affiliate or third party may have access to your account information or content and our commercial terms to understand our relationship with any reseller or payment processor . ,Compliant Term,CLAUDETTE Benchmark (Unfair TOS),Low-risk,mteb/UnfairTOSLegalBenchClassification,https://huggingface.co/datasets/mteb/UnfairTOSLegalBenchClassification,Pretraining benchmark dataset,False
L1_852,1,General Terms of Service,"if airbnb wishes to enforce any of its rights against you as a consumer , we may do so only in the courts of the jurisdiction in which you are a resident . ",Compliant Term,CLAUDETTE Benchmark (Unfair TOS),Low-risk,mteb/UnfairTOSLegalBenchClassification,https://huggingface.co/datasets/mteb/UnfairTOSLegalBenchClassification,Pretraining benchmark dataset,False
L1_1858,1,General Terms of Service,"unless you and we agree otherwise , in the event that the agreement to arbitrate above is found not to apply to you or to a particular claim or dispute , either as a result of your decision to opt out of the agreement to arbitrate or as a result of a decision by the arbitrator or a court order , you agree that any claim or dispute that has arisen or may arise between you and ebay must be resolved exclusively by a state or federal court located in salt lake county , utah . ",Compliant Term,CLAUDETTE Benchmark (Unfair TOS),Low-risk,mteb/UnfairTOSLegalBenchClassification,https://huggingface.co/datasets/mteb/UnfairTOSLegalBenchClassification,Pretraining benchmark dataset,False
L1_444,1,General Terms of Service,we will notify our members of material changes to these terms and conditions by either sending a notice to the email address provided to us at registration or by placing a notice on our website . ,Compliant Term,CLAUDETTE Benchmark (Unfair TOS),Low-risk,mteb/UnfairTOSLegalBenchClassification,https://huggingface.co/datasets/mteb/UnfairTOSLegalBenchClassification,Pretraining benchmark dataset,False
L4_25,4,Loan App / Fintech,Financial records are shared across partner banking infrastructure to streamline multi-institutional credit fulfillment.,Unconsented co-lending data transfer,DPDP Act 2023,High-risk,RakshakAI Adversarial Rewriter (Layer 4),internal://adversarial_layer4,Disguised phrasing rewrite requiring human review,True
L1_628,1,General Terms of Service,these terms constitute the entire agreement and understanding of the parties with respect to its subject matter and replaces and supersedes all prior or contemporaneous agreements or undertakings regarding such subject matter . ,Compliant Term,CLAUDETTE Benchmark (Unfair TOS),Low-risk,mteb/UnfairTOSLegalBenchClassification,https://huggingface.co/datasets/mteb/UnfairTOSLegalBenchClassification,Pretraining benchmark dataset,False
L1_951,1,General Terms of Service,"you may not assign or delegate any rights or obligations under the terms of service or privacy policy without supercell 's prior written consent , and any unauthorized assignment and delegation by you is ineffective . ",Compliant Term,CLAUDETTE Benchmark (Unfair TOS),Low-risk,mteb/UnfairTOSLegalBenchClassification,https://huggingface.co/datasets/mteb/UnfairTOSLegalBenchClassification,Pretraining benchmark dataset,False
L1_1343,1,General Terms of Service,"effect of termination/account deletion : upon termination , all licenses granted by vimeo will terminate . ",Compliant Term,CLAUDETTE Benchmark (Unfair TOS),Low-risk,mteb/UnfairTOSLegalBenchClassification,https://huggingface.co/datasets/mteb/UnfairTOSLegalBenchClassification,Pretraining benchmark dataset,False
L1_1476,1,General Terms of Service,we will confirm our acceptance of your order by sending you a communication that confirms that the order has been processed or the goods have been dispatched -- when applicable ( `` order acceptance '' ) . ,Compliant Term,CLAUDETTE Benchmark (Unfair TOS),Low-risk,mteb/UnfairTOSLegalBenchClassification,https://huggingface.co/datasets/mteb/UnfairTOSLegalBenchClassification,Pretraining benchmark dataset,False
L1_138,1,General Terms of Service,"if a party properly submits the dispute to the aaa for formal arbitration and the aaa is unwilling or unable to set a hearing date within sixty ( 60 ) days of the filing of a `` demand for arbitration , '' then either party can elect to have the arbitration administered by the judicial arbitration and mediation services inc. ( `` jams '' ) using jams ' streamlined arbitration rules and procedures , or by any other arbitration administration service that you and a legal officer of linden lab consent to in writing , except , as noted above , that in no event shall the arbitration proceed as a class or representative action . ",Compliant Term,CLAUDETTE Benchmark (Unfair TOS),Low-risk,mteb/UnfairTOSLegalBenchClassification,https://huggingface.co/datasets/mteb/UnfairTOSLegalBenchClassification,Pretraining benchmark dataset,False
L1_1113,1,General Terms of Service,"unless otherwise set forth in the terms of any promotion , all pricing promotions or discounts will apply to the initial period of the subscription , and any renewals will be charged at the rate in effect at the time of renewal for the type of subscription purchased . ",Compliant Term,CLAUDETTE Benchmark (Unfair TOS),Low-risk,mteb/UnfairTOSLegalBenchClassification,https://huggingface.co/datasets/mteb/UnfairTOSLegalBenchClassification,Pretraining benchmark dataset,False
L1_153,1,General Terms of Service,"if your child is using the vimeo service and is either under 13 or does not have your permission , please contact us immediately so that we can disable his or her access . ",Compliant Term,CLAUDETTE Benchmark (Unfair TOS),Low-risk,mteb/UnfairTOSLegalBenchClassification,https://huggingface.co/datasets/mteb/UnfairTOSLegalBenchClassification,Pretraining benchmark dataset,False
L1_1951,1,General Terms of Service,"you will not use or attempt to use another user 's account , username , or password without their permission . ",Compliant Term,CLAUDETTE Benchmark (Unfair TOS),Low-risk,mteb/UnfairTOSLegalBenchClassification,https://huggingface.co/datasets/mteb/UnfairTOSLegalBenchClassification,Pretraining benchmark dataset,False
L4_23,4,Gig Contract,Notice: Worker participation status is dynamically evaluated; ratings falling below benchmark thresholds may trigger automated service pauses. (Refer to clause 14.2),Arbitrary rating deactivation,Fair Management Principle,High-risk,RakshakAI Adversarial Rewriter (Layer 4),internal://adversarial_layer4,Disguised phrasing rewrite requiring human review,True
L1_1519,1,General Terms of Service,"netflix may , from time to time , change these terms of use . ",Compliant Term,CLAUDETTE Benchmark (Unfair TOS),Low-risk,mteb/UnfairTOSLegalBenchClassification,https://huggingface.co/datasets/mteb/UnfairTOSLegalBenchClassification,Pretraining benchmark dataset,False
L1_1528,1,General Terms of Service,"needham , ma 02494 , usa ",Compliant Term,CLAUDETTE Benchmark (Unfair TOS),Low-risk,mteb/UnfairTOSLegalBenchClassification,https://huggingface.co/datasets/mteb/UnfairTOSLegalBenchClassification,Pretraining benchmark dataset,False
L1_85,1,General Terms of Service,"crowdtangle may change these terms of service , as described above , notwithstanding any provision to the contrary in any agreement between you and crowdtangle . ",Compliant Term,CLAUDETTE Benchmark (Unfair TOS),Low-risk,mteb/UnfairTOSLegalBenchClassification,https://huggingface.co/datasets/mteb/UnfairTOSLegalBenchClassification,Pretraining benchmark dataset,False
L1_478,1,General Terms of Service,"if any of the provisions contained in these terms of service are determined to be void , invalid or otherwise unenforceable by a court of competent jurisdiction , that provision shall be enforced to the maximum extent permissible so as to effect the intent of these terms of service and such determination shall not affect the remaining provisions contained herein . ",Compliant Term,CLAUDETTE Benchmark (Unfair TOS),Low-risk,mteb/UnfairTOSLegalBenchClassification,https://huggingface.co/datasets/mteb/UnfairTOSLegalBenchClassification,Pretraining benchmark dataset,False
L1_310,1,General Terms of Service,your access to and use of the services or any content are at your own risk . ,Compliant Term,CLAUDETTE Benchmark (Unfair TOS),Low-risk,mteb/UnfairTOSLegalBenchClassification,https://huggingface.co/datasets/mteb/UnfairTOSLegalBenchClassification,Pretraining benchmark dataset,False
L1_1930,1,General Terms of Service,but we ca n't guarantee it . ,Compliant Term,CLAUDETTE Benchmark (Unfair TOS),Low-risk,mteb/UnfairTOSLegalBenchClassification,https://huggingface.co/datasets/mteb/UnfairTOSLegalBenchClassification,Pretraining benchmark dataset,False
L1_868,1,General Terms of Service,"the arbitration will be conducted before a neutral single arbitrator in the county of allegheny in the commonwealth of pennsylvania , whose decision will be final and binding , and the arbitral proceedings will be governed by the american arbitration association ( `` aaa '' ) under its aaa commercial arbitration rules , consumer due process protocol , and supplementary procedures for resolution of consumer related disputes , as modified by these terms and conditions . ",Compliant Term,CLAUDETTE Benchmark (Unfair TOS),Low-risk,mteb/UnfairTOSLegalBenchClassification,https://huggingface.co/datasets/mteb/UnfairTOSLegalBenchClassification,Pretraining benchmark dataset,False
L1_1773,1,General Terms of Service,"the arbitrator will decide the substance of all claims in accordance with applicable law , including recognized principles of equity , and will honor all claims of privilege recognized by law . ",Compliant Term,CLAUDETTE Benchmark (Unfair TOS),Low-risk,mteb/UnfairTOSLegalBenchClassification,https://huggingface.co/datasets/mteb/UnfairTOSLegalBenchClassification,Pretraining benchmark dataset,False
L1_1812,1,General Terms of Service,changes take effect when we post them on the ebay site . ,Compliant Term,CLAUDETTE Benchmark (Unfair TOS),Low-risk,mteb/UnfairTOSLegalBenchClassification,https://huggingface.co/datasets/mteb/UnfairTOSLegalBenchClassification,Pretraining benchmark dataset,False
L1_1241,1,General Terms of Service,"`` product '' means any interactive entertainment product or software provided to you by linden lab , each of which shall be further governed by an applicable product-specific policy ( each a `` product policy '' ) . ",Compliant Term,CLAUDETTE Benchmark (Unfair TOS),Low-risk,mteb/UnfairTOSLegalBenchClassification,https://huggingface.co/datasets/mteb/UnfairTOSLegalBenchClassification,Pretraining benchmark dataset,False
L1_1174,1,General Terms of Service,you can learn how your information is handled when you use our services by reading the privacy policy . ,Compliant Term,CLAUDETTE Benchmark (Unfair TOS),Low-risk,mteb/UnfairTOSLegalBenchClassification,https://huggingface.co/datasets/mteb/UnfairTOSLegalBenchClassification,Pretraining benchmark dataset,False
L1_1128,1,General Terms of Service,"if a payment is not successfully settled , due to expiration , insufficient funds , or otherwise , and you do not change your payment method or cancel your account , we may suspend your access to the service until we have obtained a valid payment method . ",Compliant Term,CLAUDETTE Benchmark (Unfair TOS),Low-risk,mteb/UnfairTOSLegalBenchClassification,https://huggingface.co/datasets/mteb/UnfairTOSLegalBenchClassification,Pretraining benchmark dataset,False
L1_469,1,General Terms of Service,"( v ) attempt to gain unauthorized access to any other user 's account , password or content . ",Compliant Term,CLAUDETTE Benchmark (Unfair TOS),Low-risk,mteb/UnfairTOSLegalBenchClassification,https://huggingface.co/datasets/mteb/UnfairTOSLegalBenchClassification,Pretraining benchmark dataset,False
L1_767,1,General Terms of Service,a download speed of at least 25.0 mbps per stream is recommended to receive ultra hd ( defined as a resolution of 1080p or higher ) and hdr content . ,Compliant Term,CLAUDETTE Benchmark (Unfair TOS),Low-risk,mteb/UnfairTOSLegalBenchClassification,https://huggingface.co/datasets/mteb/UnfairTOSLegalBenchClassification,Pretraining benchmark dataset,False
L1_1530,1,General Terms of Service,"your use of our services is also subject to our cookie policy and our privacy policy , which covers how we collect , use , share , and store your personal information . ",Compliant Term,CLAUDETTE Benchmark (Unfair TOS),Low-risk,mteb/UnfairTOSLegalBenchClassification,https://huggingface.co/datasets/mteb/UnfairTOSLegalBenchClassification,Pretraining benchmark dataset,False
L1_1118,1,General Terms of Service,judgment on the arbitration award may be entered in any court with proper jurisdiction . ,Compliant Term,CLAUDETTE Benchmark (Unfair TOS),Low-risk,mteb/UnfairTOSLegalBenchClassification,https://huggingface.co/datasets/mteb/UnfairTOSLegalBenchClassification,Pretraining benchmark dataset,False
L1_1794,1,General Terms of Service,"collect or post anyone 's private information , including personally identifiable information ( whether in text , image or video form ) , identification documents , or financial information through the service . ",Compliant Term,CLAUDETTE Benchmark (Unfair TOS),Low-risk,mteb/UnfairTOSLegalBenchClassification,https://huggingface.co/datasets/mteb/UnfairTOSLegalBenchClassification,Pretraining benchmark dataset,False
L1_25,1,General Terms of Service,"you are responsible for maintaining the confidentiality of your account and password and for restricting access to your account , and you agree to accept responsibility for all activities that occur under your account or password . ",Compliant Term,CLAUDETTE Benchmark (Unfair TOS),Low-risk,mteb/UnfairTOSLegalBenchClassification,https://huggingface.co/datasets/mteb/UnfairTOSLegalBenchClassification,Pretraining benchmark dataset,False
L1_369,1,General Terms of Service,"the terms of this agreement ( `` terms of service '' ) govern the relationship between you and supercell oy. , a finnish company ( business id 2336509-6 ) having its registered office at itämerenkatu 11 , 00180 helsinki , finland , ( hereinafter `` supercell '' or `` us '' or `` we '' ) regarding your use of supercell 's games , websites and related services ( the `` service '' ) . ",Compliant Term,CLAUDETTE Benchmark (Unfair TOS),Low-risk,mteb/UnfairTOSLegalBenchClassification,https://huggingface.co/datasets/mteb/UnfairTOSLegalBenchClassification,Pretraining benchmark dataset,False
L1_209,1,General Terms of Service,"please read carefully the following terms and conditions ( `` terms '' ) and our privacy policy , which may be found at academia.edu/privacy and which is incorporated by reference into these terms . ",Compliant Term,CLAUDETTE Benchmark (Unfair TOS),Low-risk,mteb/UnfairTOSLegalBenchClassification,https://huggingface.co/datasets/mteb/UnfairTOSLegalBenchClassification,Pretraining benchmark dataset,False
L1_962,1,General Terms of Service,"in addition , uber makes no representation , warranty , or guarantee regarding the reliability , timeliness , quality , suitability or availability of the services or any services or goods requested through the use of the services , or that the services will be uninterrupted or error-free . ",Compliant Term,CLAUDETTE Benchmark (Unfair TOS),Low-risk,mteb/UnfairTOSLegalBenchClassification,https://huggingface.co/datasets/mteb/UnfairTOSLegalBenchClassification,Pretraining benchmark dataset,False
L1_839,1,General Terms of Service,"unless you are subject to the arbitration agreement set out below , and subject to any applicable laws , if a claim arises between you and evernote where the total value of such claim is less than us$ 10,000 , the party initiating the claim may elect to have the dispute resolved pursuant to a binding arbitration process that does not require attendance in person . ",Compliant Term,CLAUDETTE Benchmark (Unfair TOS),Low-risk,mteb/UnfairTOSLegalBenchClassification,https://huggingface.co/datasets/mteb/UnfairTOSLegalBenchClassification,Pretraining benchmark dataset,False
L1_1069,1,General Terms of Service,"you represent and warrant to duolingo that your access and use of the service will be in accordance with these terms and conditions and with all applicable laws , rules and regulations of the united states and any other relevant jurisdiction , including those regarding online conduct or acceptable content , and those regarding the transmission of data or information exported from the united states and/or the jurisdiction in which you reside . ",Compliant Term,CLAUDETTE Benchmark (Unfair TOS),Low-risk,mteb/UnfairTOSLegalBenchClassification,https://huggingface.co/datasets/mteb/UnfairTOSLegalBenchClassification,Pretraining benchmark dataset,False
L1_1557,1,General Terms of Service,you may cancel your subscription at any time . ,Compliant Term,CLAUDETTE Benchmark (Unfair TOS),Low-risk,mteb/UnfairTOSLegalBenchClassification,https://huggingface.co/datasets/mteb/UnfairTOSLegalBenchClassification,Pretraining benchmark dataset,False
L1_1149,1,General Terms of Service,"if any term of this agreement is found invalid or unenforceable by any court of competent jurisdiction , that term will be severed from this agreement . ",Compliant Term,CLAUDETTE Benchmark (Unfair TOS),Low-risk,mteb/UnfairTOSLegalBenchClassification,https://huggingface.co/datasets/mteb/UnfairTOSLegalBenchClassification,Pretraining benchmark dataset,False
L1_366,1,General Terms of Service,we are not liable or responsible for any consequences of your having read or been told about such advice or other materials as you assume full responsibility for your decisions and actions . ,Compliant Term,CLAUDETTE Benchmark (Unfair TOS),Low-risk,mteb/UnfairTOSLegalBenchClassification,https://huggingface.co/datasets/mteb/UnfairTOSLegalBenchClassification,Pretraining benchmark dataset,False
L1_1906,1,General Terms of Service,we refer to this as the `` prohibition of class and representative actions . '' ,Compliant Term,CLAUDETTE Benchmark (Unfair TOS),Low-risk,mteb/UnfairTOSLegalBenchClassification,https://huggingface.co/datasets/mteb/UnfairTOSLegalBenchClassification,Pretraining benchmark dataset,False
L1_1598,1,General Terms of Service,"it is academia.edu 's policy to terminate , in appropriate circumstances , members or other account holders who repeatedly infringe or are believed to be repeatedly infringing the rights of copyright holders . ",Compliant Term,CLAUDETTE Benchmark (Unfair TOS),Low-risk,mteb/UnfairTOSLegalBenchClassification,https://huggingface.co/datasets/mteb/UnfairTOSLegalBenchClassification,Pretraining benchmark dataset,False
L1_422,1,General Terms of Service,linkedin `` dos '' and `` do n'ts '' ,Compliant Term,CLAUDETTE Benchmark (Unfair TOS),Low-risk,mteb/UnfairTOSLegalBenchClassification,https://huggingface.co/datasets/mteb/UnfairTOSLegalBenchClassification,Pretraining benchmark dataset,False
L1_491,1,General Terms of Service,"if you submit comments , ideas , or feedback to us , you agree that we can use , disclose , reproduce , distribute , and exploit them without any restriction or compensation to you . ",Compliant Term,CLAUDETTE Benchmark (Unfair TOS),Low-risk,mteb/UnfairTOSLegalBenchClassification,https://huggingface.co/datasets/mteb/UnfairTOSLegalBenchClassification,Pretraining benchmark dataset,False
L1_774,1,General Terms of Service,"you agree to take reasonable precautions in all communications and interactions with other users of the site and services and with other persons with whom you communicate or interact as a result of your use of the site or services , particularly if you decide to meet offline or in person . ",Compliant Term,CLAUDETTE Benchmark (Unfair TOS),Low-risk,mteb/UnfairTOSLegalBenchClassification,https://huggingface.co/datasets/mteb/UnfairTOSLegalBenchClassification,Pretraining benchmark dataset,False
L1_1302,1,General Terms of Service,"you agree not to remove , change or obscure any copyright , trademark , service mark , or other proprietary rights notices incorporated in or accompanying the fitbit service . ",Compliant Term,CLAUDETTE Benchmark (Unfair TOS),Low-risk,mteb/UnfairTOSLegalBenchClassification,https://huggingface.co/datasets/mteb/UnfairTOSLegalBenchClassification,Pretraining benchmark dataset,False
L1_1198,1,General Terms of Service,we are not responsible for the content of user material provided by you or any other user . ,Compliant Term,CLAUDETTE Benchmark (Unfair TOS),Low-risk,mteb/UnfairTOSLegalBenchClassification,https://huggingface.co/datasets/mteb/UnfairTOSLegalBenchClassification,Pretraining benchmark dataset,False
L1_1189,1,General Terms of Service,"if you object to any changes , you may close your account . ",Compliant Term,CLAUDETTE Benchmark (Unfair TOS),Low-risk,mteb/UnfairTOSLegalBenchClassification,https://huggingface.co/datasets/mteb/UnfairTOSLegalBenchClassification,Pretraining benchmark dataset,False
L1_903,1,General Terms of Service,entire agreement : this agreement incorporates the following documents by reference : ,Compliant Term,CLAUDETTE Benchmark (Unfair TOS),Low-risk,mteb/UnfairTOSLegalBenchClassification,https://huggingface.co/datasets/mteb/UnfairTOSLegalBenchClassification,Pretraining benchmark dataset,False
L2_65,2,Loan App / Fintech,"The RBI imposed a Rs 20 lakh penalty on Manappuram Finance, India's second-largest pure-play gold loan NBFC by AUM, citing 'deficiencies in regulatory compliance' with NBFC norms.",Regulatory non-compliance (exact provision not specified in source),RBI NBFC Directions,High-risk,NBFC Advisory (compiling RBI penalty data),https://nbfcadvisory.com/rbi-penalties-nbfcs-fines-license-cancellations/,Secondary/compiling source -- verify against RBI's official press release before using as a standalone example.,False
L1_1662,1,General Terms of Service,"neither party agrees to class arbitration , or an arbitration where a person brings a dispute as a representative of any other person or persons . ",Compliant Term,CLAUDETTE Benchmark (Unfair TOS),Low-risk,mteb/UnfairTOSLegalBenchClassification,https://huggingface.co/datasets/mteb/UnfairTOSLegalBenchClassification,Pretraining benchmark dataset,False
L1_244,1,General Terms of Service,u.s.c. ( `` faa '' ) to the maximum extent permitted by applicable law . ,Compliant Term,CLAUDETTE Benchmark (Unfair TOS),Low-risk,mteb/UnfairTOSLegalBenchClassification,https://huggingface.co/datasets/mteb/UnfairTOSLegalBenchClassification,Pretraining benchmark dataset,False
L1_1415,1,General Terms of Service,7.7 we are entitled to identify you to third parties who claim that their rights have been infringed by user material you have submitted . ,Compliant Term,CLAUDETTE Benchmark (Unfair TOS),Low-risk,mteb/UnfairTOSLegalBenchClassification,https://huggingface.co/datasets/mteb/UnfairTOSLegalBenchClassification,Pretraining benchmark dataset,False
L1_1037,1,General Terms of Service,"the price of the service that you pre-order will be as quoted to you at the time when you submit your pre-order , and may include tax and delivery charges when applicable . ",Compliant Term,CLAUDETTE Benchmark (Unfair TOS),Low-risk,mteb/UnfairTOSLegalBenchClassification,https://huggingface.co/datasets/mteb/UnfairTOSLegalBenchClassification,Pretraining benchmark dataset,False
L1_856,1,General Terms of Service,"if you elect to purchase an annual or monthly subscription , you will be charged the annual or monthly subscription fee ( `` subscription fee '' ) plus any applicable taxes , at the beginning of your subscription and each year or month thereafter , respectively , at the then-current rate . ",Compliant Term,CLAUDETTE Benchmark (Unfair TOS),Low-risk,mteb/UnfairTOSLegalBenchClassification,https://huggingface.co/datasets/mteb/UnfairTOSLegalBenchClassification,Pretraining benchmark dataset,False
L1_1396,1,General Terms of Service,"if you use advertising features of the services , you must agree to our twitter master services agreement ( https://ads.twitter.com/terms ) . ",Compliant Term,CLAUDETTE Benchmark (Unfair TOS),Low-risk,mteb/UnfairTOSLegalBenchClassification,https://huggingface.co/datasets/mteb/UnfairTOSLegalBenchClassification,Pretraining benchmark dataset,False
L1_519,1,General Terms of Service,you must provide complete and accurate registration information to vimeo and notify us if your information changes . ,Compliant Term,CLAUDETTE Benchmark (Unfair TOS),Low-risk,mteb/UnfairTOSLegalBenchClassification,https://huggingface.co/datasets/mteb/UnfairTOSLegalBenchClassification,Pretraining benchmark dataset,False
L1_1898,1,General Terms of Service,these are the limits of legal liability we may have to you . ,Compliant Term,CLAUDETTE Benchmark (Unfair TOS),Low-risk,mteb/UnfairTOSLegalBenchClassification,https://huggingface.co/datasets/mteb/UnfairTOSLegalBenchClassification,Pretraining benchmark dataset,False
L1_1607,1,General Terms of Service,headspace will notify the recipient prior to the end of the gift subscription that the gift period is about to expire . ,Compliant Term,CLAUDETTE Benchmark (Unfair TOS),Low-risk,mteb/UnfairTOSLegalBenchClassification,https://huggingface.co/datasets/mteb/UnfairTOSLegalBenchClassification,Pretraining benchmark dataset,False
L1_1746,1,General Terms of Service,create a false identity on linkedin . ,Compliant Term,CLAUDETTE Benchmark (Unfair TOS),Low-risk,mteb/UnfairTOSLegalBenchClassification,https://huggingface.co/datasets/mteb/UnfairTOSLegalBenchClassification,Pretraining benchmark dataset,False
L1_1096,1,General Terms of Service,"you may not use the service ( i ) if you have been terminated from the service by linden lab ( including , for avoidance of doubt , if any account of yours has been terminated ) ; or ( ii ) at any time if you are a person barred from receiving the service under applicable law . ",Compliant Term,CLAUDETTE Benchmark (Unfair TOS),Low-risk,mteb/UnfairTOSLegalBenchClassification,https://huggingface.co/datasets/mteb/UnfairTOSLegalBenchClassification,Pretraining benchmark dataset,False
L1_501,1,General Terms of Service,"the same applies to the assumption of guarantees or any other strict liability , or in case of a culpable injury to life , limb , or health . ",Compliant Term,CLAUDETTE Benchmark (Unfair TOS),Low-risk,mteb/UnfairTOSLegalBenchClassification,https://huggingface.co/datasets/mteb/UnfairTOSLegalBenchClassification,Pretraining benchmark dataset,False
L1_1320,1,General Terms of Service,"if you discover any unauthorized use of your basic subscriber information or suspect that anyone may be able to access your private content without authorization , you should immediately change your password and notify our customer support team . ",Compliant Term,CLAUDETTE Benchmark (Unfair TOS),Low-risk,mteb/UnfairTOSLegalBenchClassification,https://huggingface.co/datasets/mteb/UnfairTOSLegalBenchClassification,Pretraining benchmark dataset,False
L1_912,1,General Terms of Service,"7.3.4 you represent and warrant that you ( i ) understand and comply with all laws , rules and regulations that may apply to your experience , event or other host service ( s ) , and ( ii ) will obtain any required licenses , permits , or registrations prior to providing your experience , event or other host service ( s ) . ",Compliant Term,CLAUDETTE Benchmark (Unfair TOS),Low-risk,mteb/UnfairTOSLegalBenchClassification,https://huggingface.co/datasets/mteb/UnfairTOSLegalBenchClassification,Pretraining benchmark dataset,False
L1_457,1,General Terms of Service,"you further represent and warrant that you have created or own any material you submit via the service ( including translation materials , course contributor materials , activity materials , and content ) and that you have the right , as applicable , to grant us a license to use that material as set forth above or the right to assign that material to us as set forth below . ",Compliant Term,CLAUDETTE Benchmark (Unfair TOS),Low-risk,mteb/UnfairTOSLegalBenchClassification,https://huggingface.co/datasets/mteb/UnfairTOSLegalBenchClassification,Pretraining benchmark dataset,False
L1_1372,1,General Terms of Service,they are not intended to be relied upon and are not a substitute for professional medical advice based on your individual condition and circumstances . ,Compliant Term,CLAUDETTE Benchmark (Unfair TOS),Low-risk,mteb/UnfairTOSLegalBenchClassification,https://huggingface.co/datasets/mteb/UnfairTOSLegalBenchClassification,Pretraining benchmark dataset,False
L1_846,1,General Terms of Service,our inclusion of hyperlinks to such websites does not imply any endorsement of the material on such websites or any association with their operators . ,Compliant Term,CLAUDETTE Benchmark (Unfair TOS),Low-risk,mteb/UnfairTOSLegalBenchClassification,https://huggingface.co/datasets/mteb/UnfairTOSLegalBenchClassification,Pretraining benchmark dataset,False
L1_641,1,General Terms of Service,but you can always turn off certain memories features through settings . ,Compliant Term,CLAUDETTE Benchmark (Unfair TOS),Low-risk,mteb/UnfairTOSLegalBenchClassification,https://huggingface.co/datasets/mteb/UnfairTOSLegalBenchClassification,Pretraining benchmark dataset,False
L1_1689,1,General Terms of Service,"neither fitbit , its suppliers , or licensors , nor any other party involved in creating , producing , or delivering the fitbit service will be liable for any incidental , special , exemplary , or consequential damages , including lost profits , loss of data or goodwill , service interruption , computer damage , or system failure or the cost of substitute services arising out of or in connection with these terms or from the use of or inability to use the fitbit service , whether based on warranty , contract , tort ( including negligence ) , product liability , or any other legal theory , and whether or not fitbit has been informed of the possibility of such damage , even if a limited remedy set forth herein is found to have failed of its essential purpose . ",Compliant Term,CLAUDETTE Benchmark (Unfair TOS),Low-risk,mteb/UnfairTOSLegalBenchClassification,https://huggingface.co/datasets/mteb/UnfairTOSLegalBenchClassification,Pretraining benchmark dataset,False
L1_998,1,General Terms of Service,ncl is liable for damages arising as a foreseeable result of ncl 's negligence or ncl 's breach of this agreement . ,Compliant Term,CLAUDETTE Benchmark (Unfair TOS),Low-risk,mteb/UnfairTOSLegalBenchClassification,https://huggingface.co/datasets/mteb/UnfairTOSLegalBenchClassification,Pretraining benchmark dataset,False
L1_1028,1,General Terms of Service,learn more about what 's changing . ,Compliant Term,CLAUDETTE Benchmark (Unfair TOS),Low-risk,mteb/UnfairTOSLegalBenchClassification,https://huggingface.co/datasets/mteb/UnfairTOSLegalBenchClassification,Pretraining benchmark dataset,False
L1_927,1,General Terms of Service,you are solely responsible for remembering your passcode . ,Compliant Term,CLAUDETTE Benchmark (Unfair TOS),Low-risk,mteb/UnfairTOSLegalBenchClassification,https://huggingface.co/datasets/mteb/UnfairTOSLegalBenchClassification,Pretraining benchmark dataset,False
L1_854,1,General Terms of Service,8.1 we may provide links to other websites or services for you to access . ,Compliant Term,CLAUDETTE Benchmark (Unfair TOS),Low-risk,mteb/UnfairTOSLegalBenchClassification,https://huggingface.co/datasets/mteb/UnfairTOSLegalBenchClassification,Pretraining benchmark dataset,False
L4_47,4,Gig Contract,Notice: Deductions from partner payouts shall strictly be limited to statutory withholdings and pre-authorized equipment purchases. (Refer to clause 14.2),Compliant wage protection,Code on Wages 2019,Low-risk,RakshakAI Adversarial Rewriter (Layer 4),internal://adversarial_layer4,Disguised phrasing rewrite requiring human review,True
L1_1478,1,General Terms of Service,"`` service '' means all features , applications , content and downloads offered by linden lab , including its websites , servers , software , linden content , and user content as those terms are defined herein . ",Compliant Term,CLAUDETTE Benchmark (Unfair TOS),Low-risk,mteb/UnfairTOSLegalBenchClassification,https://huggingface.co/datasets/mteb/UnfairTOSLegalBenchClassification,Pretraining benchmark dataset,False
L2_26,2,Gig Contract,"The Karnataka Platform Workers Act 2025 was drafted specifically to legislate a worker's right to refuse a task, noting that under common existing platform practice, task refusal commonly results in reduced visibility, lower incentives, or deactivation.",Retaliatory practice against task refusal,Karnataka Platform Based Gig Workers (Social Security and Welfare) Act 2025,High-risk,Lexology analysis of Karnataka Platform Workers Act 2025,https://www.lexology.com/library/detail.aspx?g=fb39ae46-feda-4f35-8941-69ade5b9e555,"This is a documented legislative rationale, not a specific platform's clause text.",False
L1_1775,1,General Terms of Service,the foregoing disclaimer of certain damages and limitation of liability will apply to the maximum extent permitted by applicable law . ,Compliant Term,CLAUDETTE Benchmark (Unfair TOS),Low-risk,mteb/UnfairTOSLegalBenchClassification,https://huggingface.co/datasets/mteb/UnfairTOSLegalBenchClassification,Pretraining benchmark dataset,False
L1_1612,1,General Terms of Service,"if you purchase a subscription , your payment method automatically will be charged at the start of each subscription period for the fees and taxes applicable to that period . ",Compliant Term,CLAUDETTE Benchmark (Unfair TOS),Low-risk,mteb/UnfairTOSLegalBenchClassification,https://huggingface.co/datasets/mteb/UnfairTOSLegalBenchClassification,Pretraining benchmark dataset,False
L1_656,1,General Terms of Service,"we do not endorse or assume any responsibility for any such third-party sites , information , materials , products , or services . ",Compliant Term,CLAUDETTE Benchmark (Unfair TOS),Low-risk,mteb/UnfairTOSLegalBenchClassification,https://huggingface.co/datasets/mteb/UnfairTOSLegalBenchClassification,Pretraining benchmark dataset,False
L1_1369,1,General Terms of Service,"to the extent the parties are permitted under these terms to initiate litigation in a court , both you and snap group limited agree that all claims and disputes ( whether contractual or otherwise ) arising out of or relating to the terms or the use of the services will be litigated exclusively in the courts of england in the united kingdom , unless this is prohibited by the laws of the country where you reside . ",Compliant Term,CLAUDETTE Benchmark (Unfair TOS),Low-risk,mteb/UnfairTOSLegalBenchClassification,https://huggingface.co/datasets/mteb/UnfairTOSLegalBenchClassification,Pretraining benchmark dataset,False
L2_91,2,Loan App / Fintech,"RBI's own Annual Report of the Ombudsman Scheme flagged 'aggressive collection practices, especially in unsecured lending' as one of the systemic weaknesses behind the 13%+ year-on-year rise in complaints.",Aggressive/abusive collection practices (regulator-flagged),RBI Fair Practices Code; RB-Integrated Ombudsman Scheme 2021,High-risk,RBI Annual Report of the Ombudsman Scheme (via C4S Courses summary),https://c4scourses.in/banking-finance/rbis-annual-report-of-the-ombudsman-scheme-2024-25/,"Secondary summary of the RBI report -- for full rigor, pull the primary PDF from rbi.org.in before finalizing",False
L1_530,1,General Terms of Service,we do not review or endorse any of those websites or services . ,Compliant Term,CLAUDETTE Benchmark (Unfair TOS),Low-risk,mteb/UnfairTOSLegalBenchClassification,https://huggingface.co/datasets/mteb/UnfairTOSLegalBenchClassification,Pretraining benchmark dataset,False
L1_1255,1,General Terms of Service,3.4 trial access to services . ,Compliant Term,CLAUDETTE Benchmark (Unfair TOS),Low-risk,mteb/UnfairTOSLegalBenchClassification,https://huggingface.co/datasets/mteb/UnfairTOSLegalBenchClassification,Pretraining benchmark dataset,False
L1_1408,1,General Terms of Service,"the airbnb platform and collective content is provided `` as is '' , without warranty of any kind , either express or implied . ",Compliant Term,CLAUDETTE Benchmark (Unfair TOS),Low-risk,mteb/UnfairTOSLegalBenchClassification,https://huggingface.co/datasets/mteb/UnfairTOSLegalBenchClassification,Pretraining benchmark dataset,False
L1_186,1,General Terms of Service,"except as expressly and specifically set forth in this these terms of service , no representations , statements , consents , waivers , or other acts or omissions by supercell shall be deemed a modification of these terms of service nor legally binding , unless documented in physical writing , hand signed by you and a duly appointed officer of supercell . ",Compliant Term,CLAUDETTE Benchmark (Unfair TOS),Low-risk,mteb/UnfairTOSLegalBenchClassification,https://huggingface.co/datasets/mteb/UnfairTOSLegalBenchClassification,Pretraining benchmark dataset,False
L1_1409,1,General Terms of Service,"we 've recently updated our : ( 1 ) terms of service , ( 2 ) payments terms of service , and ( 3 ) privacy policy ( collectively , `` terms '' ) . ",Compliant Term,CLAUDETTE Benchmark (Unfair TOS),Low-risk,mteb/UnfairTOSLegalBenchClassification,https://huggingface.co/datasets/mteb/UnfairTOSLegalBenchClassification,Pretraining benchmark dataset,False
L1_489,1,General Terms of Service,"if you purchase a subscription through the google play store you may cancel automatic renewals in account settings under subscriptions in the google play app , or according to the current process outlined by google play . ",Compliant Term,CLAUDETTE Benchmark (Unfair TOS),Low-risk,mteb/UnfairTOSLegalBenchClassification,https://huggingface.co/datasets/mteb/UnfairTOSLegalBenchClassification,Pretraining benchmark dataset,False
L1_1750,1,General Terms of Service,"you shall be responsible for the cost of repair for damage to , or necessary cleaning of , third party provider vehicles and property resulting from use of the services under your account in excess of normal `` wear and tear '' damages and necessary cleaning ( `` repair or cleaning '' ) . ",Compliant Term,CLAUDETTE Benchmark (Unfair TOS),Low-risk,mteb/UnfairTOSLegalBenchClassification,https://huggingface.co/datasets/mteb/UnfairTOSLegalBenchClassification,Pretraining benchmark dataset,False
L1_55,1,General Terms of Service,"if you do not agree to these terms of service , please do not install , use or otherwise access the service . ",Compliant Term,CLAUDETTE Benchmark (Unfair TOS),Low-risk,mteb/UnfairTOSLegalBenchClassification,https://huggingface.co/datasets/mteb/UnfairTOSLegalBenchClassification,Pretraining benchmark dataset,False
L1_604,1,General Terms of Service,"certain aspects of the service ( including subscription to a premium account or usage of virtual environments ( `` virtual space , '' as may be further described in an applicable product policy ) ) , are provided for a fee or other charge by linden lab or an applicable payment service provider . ",Compliant Term,CLAUDETTE Benchmark (Unfair TOS),Low-risk,mteb/UnfairTOSLegalBenchClassification,https://huggingface.co/datasets/mteb/UnfairTOSLegalBenchClassification,Pretraining benchmark dataset,False
L1_1613,1,General Terms of Service,disclose information that you do not have the consent to disclose ( such as confidential information of others ( including your employer ) ) ; ,Compliant Term,CLAUDETTE Benchmark (Unfair TOS),Low-risk,mteb/UnfairTOSLegalBenchClassification,https://huggingface.co/datasets/mteb/UnfairTOSLegalBenchClassification,Pretraining benchmark dataset,False
L1_2045,1,General Terms of Service,"although most travel , including travel to international destinations , is completed without incident , travel to certain destinations may involve greater risk than others . ",Compliant Term,CLAUDETTE Benchmark (Unfair TOS),Low-risk,mteb/UnfairTOSLegalBenchClassification,https://huggingface.co/datasets/mteb/UnfairTOSLegalBenchClassification,Pretraining benchmark dataset,False
L1_1581,1,General Terms of Service,"duolingo and its suppliers make no representations or warranties of any kind with respect to the service , either express or implied , and all such representations and warranties , including warranties of merchantability , fitness for a particular purpose or non-infringement , are expressly disclaimed . ",Compliant Term,CLAUDETTE Benchmark (Unfair TOS),Low-risk,mteb/UnfairTOSLegalBenchClassification,https://huggingface.co/datasets/mteb/UnfairTOSLegalBenchClassification,Pretraining benchmark dataset,False
L1_882,1,General Terms of Service,commercial use : you may not use the vimeo service for commercial purposes unless : ,Compliant Term,CLAUDETTE Benchmark (Unfair TOS),Low-risk,mteb/UnfairTOSLegalBenchClassification,https://huggingface.co/datasets/mteb/UnfairTOSLegalBenchClassification,Pretraining benchmark dataset,False
L1_1020,1,General Terms of Service,"upon any termination of these terms or suspension , termination , or discontinuation of the fitbit service or your account , the following provisions of these terms will survive : sections 1 , 5 , 6 , 9 , 10 , 11 , 13 , 14 , 16 , 17 , 19 , 20 , 21 , 22 , 23 , 24 , 25 . ",Compliant Term,CLAUDETTE Benchmark (Unfair TOS),Low-risk,mteb/UnfairTOSLegalBenchClassification,https://huggingface.co/datasets/mteb/UnfairTOSLegalBenchClassification,Pretraining benchmark dataset,False
L1_995,1,General Terms of Service,funds can only be used to purchase digital products from noe in nintendo shopping services . ,Compliant Term,CLAUDETTE Benchmark (Unfair TOS),Low-risk,mteb/UnfairTOSLegalBenchClassification,https://huggingface.co/datasets/mteb/UnfairTOSLegalBenchClassification,Pretraining benchmark dataset,False
L1_713,1,General Terms of Service,"by mail : headspace , inc. . ",Compliant Term,CLAUDETTE Benchmark (Unfair TOS),Low-risk,mteb/UnfairTOSLegalBenchClassification,https://huggingface.co/datasets/mteb/UnfairTOSLegalBenchClassification,Pretraining benchmark dataset,False
L1_762,1,General Terms of Service,we may change or discontinue any of our services . ,Compliant Term,CLAUDETTE Benchmark (Unfair TOS),Low-risk,mteb/UnfairTOSLegalBenchClassification,https://huggingface.co/datasets/mteb/UnfairTOSLegalBenchClassification,Pretraining benchmark dataset,False
L1_714,1,General Terms of Service,a person who receives and redeems a gift subscription to the products is referred to in these terms as the `` recipient '' . ,Compliant Term,CLAUDETTE Benchmark (Unfair TOS),Low-risk,mteb/UnfairTOSLegalBenchClassification,https://huggingface.co/datasets/mteb/UnfairTOSLegalBenchClassification,Pretraining benchmark dataset,False
L1_1817,1,General Terms of Service,we refer to this as your `` basic subscriber information '' . ,Compliant Term,CLAUDETTE Benchmark (Unfair TOS),Low-risk,mteb/UnfairTOSLegalBenchClassification,https://huggingface.co/datasets/mteb/UnfairTOSLegalBenchClassification,Pretraining benchmark dataset,False
L1_669,1,General Terms of Service,"if you do n't agree to these changes , you must stop using the services . ",Compliant Term,CLAUDETTE Benchmark (Unfair TOS),Low-risk,mteb/UnfairTOSLegalBenchClassification,https://huggingface.co/datasets/mteb/UnfairTOSLegalBenchClassification,Pretraining benchmark dataset,False
L1_925,1,General Terms of Service,"• attempt to decipher , decompile , disassemble or reverse engineer any of the software used to provide the site , services or collective content ; ",Compliant Term,CLAUDETTE Benchmark (Unfair TOS),Low-risk,mteb/UnfairTOSLegalBenchClassification,https://huggingface.co/datasets/mteb/UnfairTOSLegalBenchClassification,Pretraining benchmark dataset,False
L3_13,3,Loan App / Fintech,User financial data collected for underwriting may be shared with third-party marketing networks without separate explicit consent. Pursuant to updated statutory terms.,Scope expansion without consent,DPDP Act 2023,High-risk,RakshakAI Synthetic Generator (Layer 3),internal://synthetic_layer3,Synthetic clause generated for DPDP Act 2023 §6 (Purpose Limitation),False
L1_554,1,General Terms of Service,"7.5 we may link user material or parts of user material to other material , including material submitted by other users or created by headspace or other third parties . ",Compliant Term,CLAUDETTE Benchmark (Unfair TOS),Low-risk,mteb/UnfairTOSLegalBenchClassification,https://huggingface.co/datasets/mteb/UnfairTOSLegalBenchClassification,Pretraining benchmark dataset,False
L3_50,3,Loan App / Fintech,Platform strictly prohibits registration of individuals under 18 and does not process data of minors. Enforced in all operating regions.,Compliant protection of minors,DPDP Act 2023,Low-risk,RakshakAI Synthetic Generator (Layer 3),internal://synthetic_layer3,Synthetic clause generated for DPDP Act 2023 §9 (Processing of Children Data),False
L1_2037,1,General Terms of Service,the services may contain advertisements . ,Compliant Term,CLAUDETTE Benchmark (Unfair TOS),Low-risk,mteb/UnfairTOSLegalBenchClassification,https://huggingface.co/datasets/mteb/UnfairTOSLegalBenchClassification,Pretraining benchmark dataset,False
L1_746,1,General Terms of Service,learn how to cancel or suspend your premium services . ,Compliant Term,CLAUDETTE Benchmark (Unfair TOS),Low-risk,mteb/UnfairTOSLegalBenchClassification,https://huggingface.co/datasets/mteb/UnfairTOSLegalBenchClassification,Pretraining benchmark dataset,False
L3_110,3,Gig Contract,Platform provides a minimum 14 days written notice specifying objective grounds and an appeal process prior to account deactivation. Enforced in all operating regions.,Compliant deactivation notice,Karnataka/Rajasthan Gig Worker Acts,Low-risk,RakshakAI Synthetic Generator (Layer 3),internal://synthetic_layer3,Synthetic clause generated for Gig Worker Legislation,False
L1_1258,1,General Terms of Service,• circumvent any technical measures we use to provide the services . ,Compliant Term,CLAUDETTE Benchmark (Unfair TOS),Low-risk,mteb/UnfairTOSLegalBenchClassification,https://huggingface.co/datasets/mteb/UnfairTOSLegalBenchClassification,Pretraining benchmark dataset,False
L1_541,1,General Terms of Service,you can at any time opt-out of tests by visiting the `` your account '' page and changing the `` test participation '' settings . ,Compliant Term,CLAUDETTE Benchmark (Unfair TOS),Low-risk,mteb/UnfairTOSLegalBenchClassification,https://huggingface.co/datasets/mteb/UnfairTOSLegalBenchClassification,Pretraining benchmark dataset,False
L1_1395,1,General Terms of Service,"when the service is ready for dispatch or delivery , we will contact you to provide you with your purchase confirmation ( including delivery costs and any taxes where applicable ) . ",Compliant Term,CLAUDETTE Benchmark (Unfair TOS),Low-risk,mteb/UnfairTOSLegalBenchClassification,https://huggingface.co/datasets/mteb/UnfairTOSLegalBenchClassification,Pretraining benchmark dataset,False
L1_2033,1,General Terms of Service,the aaa 's rules are available at www.adr.org or by calling 1-800-778-7879 . ,Compliant Term,CLAUDETTE Benchmark (Unfair TOS),Low-risk,mteb/UnfairTOSLegalBenchClassification,https://huggingface.co/datasets/mteb/UnfairTOSLegalBenchClassification,Pretraining benchmark dataset,False
L1_178,1,General Terms of Service,3.1 content and software licence . ,Compliant Term,CLAUDETTE Benchmark (Unfair TOS),Low-risk,mteb/UnfairTOSLegalBenchClassification,https://huggingface.co/datasets/mteb/UnfairTOSLegalBenchClassification,Pretraining benchmark dataset,False
L1_142,1,General Terms of Service,"one of the options we provide with memories is the ability to create a restricted area by setting a passcode , which might be a pin or a passphrase or some other mechanism . ",Compliant Term,CLAUDETTE Benchmark (Unfair TOS),Low-risk,mteb/UnfairTOSLegalBenchClassification,https://huggingface.co/datasets/mteb/UnfairTOSLegalBenchClassification,Pretraining benchmark dataset,False
L1_700,1,General Terms of Service,"we will respond to notices of alleged copyright infringement that comply with applicable law and are properly provided to us , as described in our copyright policy ( https://support.twitter.com/articles/15795 ) . ",Compliant Term,CLAUDETTE Benchmark (Unfair TOS),Low-risk,mteb/UnfairTOSLegalBenchClassification,https://huggingface.co/datasets/mteb/UnfairTOSLegalBenchClassification,Pretraining benchmark dataset,False
L1_440,1,General Terms of Service,"updated : september 28 , 2017 ",Compliant Term,CLAUDETTE Benchmark (Unfair TOS),Low-risk,mteb/UnfairTOSLegalBenchClassification,https://huggingface.co/datasets/mteb/UnfairTOSLegalBenchClassification,Pretraining benchmark dataset,False
L1_1052,1,General Terms of Service,"when you update your payment method , you authorize us to continue charging the updated payment method , and you remain responsible for any uncollected amounts . ",Compliant Term,CLAUDETTE Benchmark (Unfair TOS),Low-risk,mteb/UnfairTOSLegalBenchClassification,https://huggingface.co/datasets/mteb/UnfairTOSLegalBenchClassification,Pretraining benchmark dataset,False
L1_225,1,General Terms of Service,( f ) you may cancel automatic renewals of your subscription at any time by emailing help@headspace.com . ,Compliant Term,CLAUDETTE Benchmark (Unfair TOS),Low-risk,mteb/UnfairTOSLegalBenchClassification,https://huggingface.co/datasets/mteb/UnfairTOSLegalBenchClassification,Pretraining benchmark dataset,False
L1_527,1,General Terms of Service,"the services are protected by copyright , trademark , and other laws of both the united states and foreign countries . ",Compliant Term,CLAUDETTE Benchmark (Unfair TOS),Low-risk,mteb/UnfairTOSLegalBenchClassification,https://huggingface.co/datasets/mteb/UnfairTOSLegalBenchClassification,Pretraining benchmark dataset,False
L1_735,1,General Terms of Service,"in addition , you agree to pay , if requested by the host , for each twenty-four ( 24 ) hour period ( or any portion thereof ) that you overstay , an additional nightly fee of up to two ( 2 ) times the average nightly listing fee originally paid by you to cover the inconvenience suffered by the host , plus all applicable guest fees , taxes , and any legal expenses incurred by the host to make you leave ( collectively , `` overstay fees '' ) . ",Compliant Term,CLAUDETTE Benchmark (Unfair TOS),Low-risk,mteb/UnfairTOSLegalBenchClassification,https://huggingface.co/datasets/mteb/UnfairTOSLegalBenchClassification,Pretraining benchmark dataset,False
L1_1956,1,General Terms of Service,"if you do not want us to have this access , you should not consent to support through the remote access tool , and we will assist you through other means . ",Compliant Term,CLAUDETTE Benchmark (Unfair TOS),Low-risk,mteb/UnfairTOSLegalBenchClassification,https://huggingface.co/datasets/mteb/UnfairTOSLegalBenchClassification,Pretraining benchmark dataset,False
L1_35,1,General Terms of Service,features and prices are subject to change . ,Compliant Term,CLAUDETTE Benchmark (Unfair TOS),Low-risk,mteb/UnfairTOSLegalBenchClassification,https://huggingface.co/datasets/mteb/UnfairTOSLegalBenchClassification,Pretraining benchmark dataset,False
L1_414,1,General Terms of Service,cancel any pending or confirmed bookings ; ,Compliant Term,CLAUDETTE Benchmark (Unfair TOS),Low-risk,mteb/UnfairTOSLegalBenchClassification,https://huggingface.co/datasets/mteb/UnfairTOSLegalBenchClassification,Pretraining benchmark dataset,False
L1_1952,1,General Terms of Service,"once a guest requests a booking of your listing , you may not request that the guest pays a higher price than in the booking request . ",Compliant Term,CLAUDETTE Benchmark (Unfair TOS),Low-risk,mteb/UnfairTOSLegalBenchClassification,https://huggingface.co/datasets/mteb/UnfairTOSLegalBenchClassification,Pretraining benchmark dataset,False
L1_657,1,General Terms of Service,right to engage third parties . ,Compliant Term,CLAUDETTE Benchmark (Unfair TOS),Low-risk,mteb/UnfairTOSLegalBenchClassification,https://huggingface.co/datasets/mteb/UnfairTOSLegalBenchClassification,Pretraining benchmark dataset,False
L1_330,1,General Terms of Service,twitter 's failure to enforce any right or provision of these terms will not be deemed a waiver of such right or provision . ,Compliant Term,CLAUDETTE Benchmark (Unfair TOS),Low-risk,mteb/UnfairTOSLegalBenchClassification,https://huggingface.co/datasets/mteb/UnfairTOSLegalBenchClassification,Pretraining benchmark dataset,False
L1_1489,1,General Terms of Service,"portions of tripadvisor mobile software may use copyrighted material , the use of which tripadvisor acknowledges . ",Compliant Term,CLAUDETTE Benchmark (Unfair TOS),Low-risk,mteb/UnfairTOSLegalBenchClassification,https://huggingface.co/datasets/mteb/UnfairTOSLegalBenchClassification,Pretraining benchmark dataset,False
L1_873,1,General Terms of Service,"your notice to us must be sent to : linden research , inc. , 945 battery street , san francisco , ca 94111 , attention : general counsel . ",Compliant Term,CLAUDETTE Benchmark (Unfair TOS),Low-risk,mteb/UnfairTOSLegalBenchClassification,https://huggingface.co/datasets/mteb/UnfairTOSLegalBenchClassification,Pretraining benchmark dataset,False
L1_520,1,General Terms of Service,"if you experience a medical emergency , stop using the fitbit service and consult with a medical professional . ",Compliant Term,CLAUDETTE Benchmark (Unfair TOS),Low-risk,mteb/UnfairTOSLegalBenchClassification,https://huggingface.co/datasets/mteb/UnfairTOSLegalBenchClassification,Pretraining benchmark dataset,False
L1_532,1,General Terms of Service,no third party shall have any rights hereunder . ,Compliant Term,CLAUDETTE Benchmark (Unfair TOS),Low-risk,mteb/UnfairTOSLegalBenchClassification,https://huggingface.co/datasets/mteb/UnfairTOSLegalBenchClassification,Pretraining benchmark dataset,False
L1_617,1,General Terms of Service,after the first thirty ( 30 ) day period following the start of your subscription you will not receive a refund of any portion of the subscription fee paid for the then current subscription period at the time of cancellation . ,Compliant Term,CLAUDETTE Benchmark (Unfair TOS),Low-risk,mteb/UnfairTOSLegalBenchClassification,https://huggingface.co/datasets/mteb/UnfairTOSLegalBenchClassification,Pretraining benchmark dataset,False
L1_54,1,General Terms of Service,arbitrators must be neutral and no party may unilaterally select an arbitrator ; ,Compliant Term,CLAUDETTE Benchmark (Unfair TOS),Low-risk,mteb/UnfairTOSLegalBenchClassification,https://huggingface.co/datasets/mteb/UnfairTOSLegalBenchClassification,Pretraining benchmark dataset,False
L1_286,1,General Terms of Service,"the tripadvisor media group companies make no representations of any kind about the suitability of the information , software , products , and services contained on this website ( site content ) or any portion therof for any purpose , and the inclusion or offering of any products or services on this website does not constitute any endorsement or recommendation of such products or services by the tripadvisor media group companies . ",Compliant Term,CLAUDETTE Benchmark (Unfair TOS),Low-risk,mteb/UnfairTOSLegalBenchClassification,https://huggingface.co/datasets/mteb/UnfairTOSLegalBenchClassification,Pretraining benchmark dataset,False
L1_1359,1,General Terms of Service,"you agree to provide accurate , current and complete information during the registration process and to update such information to keep it accurate , current and complete . ",Compliant Term,CLAUDETTE Benchmark (Unfair TOS),Low-risk,mteb/UnfairTOSLegalBenchClassification,https://huggingface.co/datasets/mteb/UnfairTOSLegalBenchClassification,Pretraining benchmark dataset,False
L1_1580,1,General Terms of Service,"• scrape or copy profiles and information of others through any means ( including crawlers , browser plugins and add-ons , and any other technology or manual work ) ; ",Compliant Term,CLAUDETTE Benchmark (Unfair TOS),Low-risk,mteb/UnfairTOSLegalBenchClassification,https://huggingface.co/datasets/mteb/UnfairTOSLegalBenchClassification,Pretraining benchmark dataset,False
L1_1658,1,General Terms of Service,"19.1 this dispute resolution and arbitration agreement shall apply if you ( i ) reside in the united states ; or ( ii ) do not reside in the united states , but bring any claim against airbnb in the united states ( to the extent not in conflict with section 21 ) . ",Compliant Term,CLAUDETTE Benchmark (Unfair TOS),Low-risk,mteb/UnfairTOSLegalBenchClassification,https://huggingface.co/datasets/mteb/UnfairTOSLegalBenchClassification,Pretraining benchmark dataset,False
L1_1943,1,General Terms of Service,"except as expressly set forth in these terms , the exercise by either party of any of its remedies under these terms will be without prejudice to its other remedies under these terms or otherwise . ",Compliant Term,CLAUDETTE Benchmark (Unfair TOS),Low-risk,mteb/UnfairTOSLegalBenchClassification,https://huggingface.co/datasets/mteb/UnfairTOSLegalBenchClassification,Pretraining benchmark dataset,False
L1_727,1,General Terms of Service,"the fitbit service and fitbit content are provided `` as is , '' without warranty of any kind . ",Compliant Term,CLAUDETTE Benchmark (Unfair TOS),Low-risk,mteb/UnfairTOSLegalBenchClassification,https://huggingface.co/datasets/mteb/UnfairTOSLegalBenchClassification,Pretraining benchmark dataset,False
L1_526,1,General Terms of Service,certain areas of the site ( and your access to or use of certain services or collective content ) may have different terms and conditions posted or may require you to agree with and accept additional terms and conditions . ,Compliant Term,CLAUDETTE Benchmark (Unfair TOS),Low-risk,mteb/UnfairTOSLegalBenchClassification,https://huggingface.co/datasets/mteb/UnfairTOSLegalBenchClassification,Pretraining benchmark dataset,False
L1_1539,1,General Terms of Service,"you and oculus agree that these terms govern the arbitration , and that the applicable aaa rules shall be subject to changes in procedures that aaa may make from time to time . ",Compliant Term,CLAUDETTE Benchmark (Unfair TOS),Low-risk,mteb/UnfairTOSLegalBenchClassification,https://huggingface.co/datasets/mteb/UnfairTOSLegalBenchClassification,Pretraining benchmark dataset,False
L1_431,1,General Terms of Service,you can change your payment method by visiting our website and clicking on the `` your account '' link . ,Compliant Term,CLAUDETTE Benchmark (Unfair TOS),Low-risk,mteb/UnfairTOSLegalBenchClassification,https://huggingface.co/datasets/mteb/UnfairTOSLegalBenchClassification,Pretraining benchmark dataset,False
L1_1217,1,General Terms of Service,"if you signed up for netflix using your account with a third party as a payment method and wish to cancel your netflix membership , you may need to do so through such third party , for example by visiting your account with the applicable third party and turning off auto-renew , or unsubscribing from the netflix service through that third party . ",Compliant Term,CLAUDETTE Benchmark (Unfair TOS),Low-risk,mteb/UnfairTOSLegalBenchClassification,https://huggingface.co/datasets/mteb/UnfairTOSLegalBenchClassification,Pretraining benchmark dataset,False
L1_1524,1,General Terms of Service,"4.3 you must provide accurate , current and complete information during the registration process and keep your airbnb account and public airbnb account profile page information up-to-date at all times . ",Compliant Term,CLAUDETTE Benchmark (Unfair TOS),Low-risk,mteb/UnfairTOSLegalBenchClassification,https://huggingface.co/datasets/mteb/UnfairTOSLegalBenchClassification,Pretraining benchmark dataset,False
L1_492,1,General Terms of Service,please review your settings to control and limit the messages you receive from us . ,Compliant Term,CLAUDETTE Benchmark (Unfair TOS),Low-risk,mteb/UnfairTOSLegalBenchClassification,https://huggingface.co/datasets/mteb/UnfairTOSLegalBenchClassification,Pretraining benchmark dataset,False
L1_276,1,General Terms of Service,"by installing , using or otherwise accessing the service , you agree to these terms of service . ",Unfair Contract Terms,CLAUDETTE Benchmark (Unfair TOS),High-risk,mteb/UnfairTOSLegalBenchClassification,https://huggingface.co/datasets/mteb/UnfairTOSLegalBenchClassification,Pretraining benchmark dataset,False
L1_350,1,General Terms of Service,5.6 some terms of this agreement will survive and continue after termination . ,Compliant Term,CLAUDETTE Benchmark (Unfair TOS),Low-risk,mteb/UnfairTOSLegalBenchClassification,https://huggingface.co/datasets/mteb/UnfairTOSLegalBenchClassification,Pretraining benchmark dataset,False
L3_107,3,Gig Contract,Platform provides a minimum 14 days written notice specifying objective grounds and an appeal process prior to account deactivation. Applicable across all digital channels.,Compliant deactivation notice,Karnataka/Rajasthan Gig Worker Acts,Low-risk,RakshakAI Synthetic Generator (Layer 3),internal://synthetic_layer3,Synthetic clause generated for Gig Worker Legislation,False
L1_1968,1,General Terms of Service,"the virtual items , as well as other digital content traded or exchanged for virtual items can only be used within the respective digital product , can not be transferred to a third party ( unless a transfer is permitted within the digital product ) and can not be exchanged for legal tender or any item or right outside of the digital product . ",Compliant Term,CLAUDETTE Benchmark (Unfair TOS),Low-risk,mteb/UnfairTOSLegalBenchClassification,https://huggingface.co/datasets/mteb/UnfairTOSLegalBenchClassification,Pretraining benchmark dataset,False
L1_1429,1,General Terms of Service,3.1 age requirements for the service . ,Compliant Term,CLAUDETTE Benchmark (Unfair TOS),Low-risk,mteb/UnfairTOSLegalBenchClassification,https://huggingface.co/datasets/mteb/UnfairTOSLegalBenchClassification,Pretraining benchmark dataset,False
L1_550,1,General Terms of Service,"for clarity , termination or suspension of your account or certain activities on the service that results from a violation of section 5 regarding the english test rules and procedures does not constitute a `` test issue '' and will not result in a refund . ",Compliant Term,CLAUDETTE Benchmark (Unfair TOS),Low-risk,mteb/UnfairTOSLegalBenchClassification,https://huggingface.co/datasets/mteb/UnfairTOSLegalBenchClassification,Pretraining benchmark dataset,False
L1_1132,1,General Terms of Service,you may also be asked to click `` i accept '' at the appropriate place prior to your purchase of access to the products . ,Compliant Term,CLAUDETTE Benchmark (Unfair TOS),Low-risk,mteb/UnfairTOSLegalBenchClassification,https://huggingface.co/datasets/mteb/UnfairTOSLegalBenchClassification,Pretraining benchmark dataset,False
L1_948,1,General Terms of Service,"send or post any unsolicited or unauthorized advertising , `` junk mail , '' `` spam , '' `` chain letters , '' `` pyramid schemes , '' or any form of solicitation unauthorized by linkedin ; ",Compliant Term,CLAUDETTE Benchmark (Unfair TOS),Low-risk,mteb/UnfairTOSLegalBenchClassification,https://huggingface.co/datasets/mteb/UnfairTOSLegalBenchClassification,Pretraining benchmark dataset,False
L1_751,1,General Terms of Service,"notwithstanding the foregoing , the license for legal archival/preservation purposes will continue indefinitely . ",Compliant Term,CLAUDETTE Benchmark (Unfair TOS),Low-risk,mteb/UnfairTOSLegalBenchClassification,https://huggingface.co/datasets/mteb/UnfairTOSLegalBenchClassification,Pretraining benchmark dataset,False
L2_25,2,Gig Contract,"In the 2021 assessment, several major platforms (Amazon, Dunzo, PharmEasy, Ola, Porter, Uber) scored 0-1 out of 10 points overall, indicating a near-total absence of documented fair pay, fair contract, or fair management protections that year.",Systemic absence of worker protections,Fair Pay / Fair Contracts / Fair Management principles (Fairwork India methodology),High-risk,Fairwork India Report 2021,https://fair.work/en/fw/blog/just-out-third-round-of-fairwork-ratings-for-india/,Scores are illustrative of that assessment year; later years show improvement for some platforms.,False
L1_1780,1,General Terms of Service,"`` duolingo , '' `` tinycards '' and all other trademarks , service marks , graphics and logos used in connection with the service are trademarks or service marks of duolingo or their respective owners , and certain of them are registered with the united states patent and trademark office . ",Compliant Term,CLAUDETTE Benchmark (Unfair TOS),Low-risk,mteb/UnfairTOSLegalBenchClassification,https://huggingface.co/datasets/mteb/UnfairTOSLegalBenchClassification,Pretraining benchmark dataset,False
L1_202,1,General Terms of Service,"if you use the service , you acknowledge that you may be sending electronic communications ( including your basic subscriber information and content ) , through computer networks owned by evernote , its service providers , and other third parties located in california and other locations in the united states and other countries . ",Compliant Term,CLAUDETTE Benchmark (Unfair TOS),Low-risk,mteb/UnfairTOSLegalBenchClassification,https://huggingface.co/datasets/mteb/UnfairTOSLegalBenchClassification,Pretraining benchmark dataset,False
L1_89,1,General Terms of Service,"you will not use any robot , spider , crawler , scraper , or other automated means or interface to access the services or extract other user 's information . ",Compliant Term,CLAUDETTE Benchmark (Unfair TOS),Low-risk,mteb/UnfairTOSLegalBenchClassification,https://huggingface.co/datasets/mteb/UnfairTOSLegalBenchClassification,Pretraining benchmark dataset,False
L1_1978,1,General Terms of Service,`` minimum age '' means 16 years old . ,Compliant Term,CLAUDETTE Benchmark (Unfair TOS),Low-risk,mteb/UnfairTOSLegalBenchClassification,https://huggingface.co/datasets/mteb/UnfairTOSLegalBenchClassification,Pretraining benchmark dataset,False
L1_780,1,General Terms of Service,"for notices made by e-mail , the date of receipt on the message will be deemed the date on which such notice is transmitted . ",Compliant Term,CLAUDETTE Benchmark (Unfair TOS),Low-risk,mteb/UnfairTOSLegalBenchClassification,https://huggingface.co/datasets/mteb/UnfairTOSLegalBenchClassification,Pretraining benchmark dataset,False
L3_60,3,Loan App / Fintech,All loan disbursements and repayments are executed directly between the borrower's bank account and the regulated lender's bank account. Enforced in all operating regions.,Compliant direct fund transfer,RBI Digital Lending Directions,Low-risk,RakshakAI Synthetic Generator (Layer 3),internal://synthetic_layer3,Synthetic clause generated for RBI Digital Lending Guidelines 2022,False
L1_145,1,General Terms of Service,"these terms of service ( `` terms '' ) constitute a legally binding agreement ( `` agreement '' ) between you and airbnb ( as defined below ) governing your access to and use of the airbnb website , including any subdomains thereof , and any other websites through which airbnb makes the airbnb services available ( collectively , `` site '' ) , our mobile , tablet and other smart device applications , and application program interfaces ( collectively , `` application '' ) and all associated services ( collectively , `` airbnb services '' ) . ",Compliant Term,CLAUDETTE Benchmark (Unfair TOS),Low-risk,mteb/UnfairTOSLegalBenchClassification,https://huggingface.co/datasets/mteb/UnfairTOSLegalBenchClassification,Pretraining benchmark dataset,False
L2_4,2,Gig Contract,"Food delivery platforms retain sole unilateral right to terminate contracts with restaurant partners for any non-compliance, creating a 'locked-in' dependency effect on partners who become reliant on the platform.",Unilateral termination / bargaining power imbalance,Competition Act 2002 (CCI finding); unfair contract terms,High-risk,CCI Case No. 16 of 2021 (Zomato & Swiggy),https://www.cci.gov.in/images/antitrustorder/en/1620211652180990.pdf,"Official regulatory order, publicly filed.",False
L1_1873,1,General Terms of Service,you can control most communications from the fitbit service by using your account settings . ,Compliant Term,CLAUDETTE Benchmark (Unfair TOS),Low-risk,mteb/UnfairTOSLegalBenchClassification,https://huggingface.co/datasets/mteb/UnfairTOSLegalBenchClassification,Pretraining benchmark dataset,False
L1_1534,1,General Terms of Service,"in proving the service of any notice via email , it will be sufficient to prove that such e-mail was sent to the specified e-mail address of the addressee . ",Compliant Term,CLAUDETTE Benchmark (Unfair TOS),Low-risk,mteb/UnfairTOSLegalBenchClassification,https://huggingface.co/datasets/mteb/UnfairTOSLegalBenchClassification,Pretraining benchmark dataset,False
L2_11,2,Gig Contract,Platform disclaims any obligation to keep the app functional and accepts no responsibility for driver income loss caused by app failure or downtime.,One-sided liability exclusion,Unfair contract terms doctrine,High-risk,Ola Master Service Agreement (analysis),https://archive.factordaily.com/ola-contract-driver-analysis/,,False
L1_344,1,General Terms of Service,15.2 you expressly acknowledge and agree that your access to and use of the services is at your sole risk . ,Compliant Term,CLAUDETTE Benchmark (Unfair TOS),Low-risk,mteb/UnfairTOSLegalBenchClassification,https://huggingface.co/datasets/mteb/UnfairTOSLegalBenchClassification,Pretraining benchmark dataset,False
L1_547,1,General Terms of Service,hosts are not allowed to ask for a security deposit after a booking has been confirmed or outside of the airbnb platform . ,Compliant Term,CLAUDETTE Benchmark (Unfair TOS),Low-risk,mteb/UnfairTOSLegalBenchClassification,https://huggingface.co/datasets/mteb/UnfairTOSLegalBenchClassification,Pretraining benchmark dataset,False
L1_1061,1,General Terms of Service,"you can become a subscriber by purchasing a subscription to the products from the website , within the apps , where allowed by the app marketplace partners , or through a bundle with one or more of our bundle subscription partners . ",Compliant Term,CLAUDETTE Benchmark (Unfair TOS),Low-risk,mteb/UnfairTOSLegalBenchClassification,https://huggingface.co/datasets/mteb/UnfairTOSLegalBenchClassification,Pretraining benchmark dataset,False
L1_2007,1,General Terms of Service,you hereby consent to our access to and collection of such personal information about you . ,Compliant Term,CLAUDETTE Benchmark (Unfair TOS),Low-risk,mteb/UnfairTOSLegalBenchClassification,https://huggingface.co/datasets/mteb/UnfairTOSLegalBenchClassification,Pretraining benchmark dataset,False
L1_66,1,General Terms of Service,the aaa rules are available at www.adr.org or by calling the aaa at 1 -- 800 -- 778 -- 7879 . ,Compliant Term,CLAUDETTE Benchmark (Unfair TOS),Low-risk,mteb/UnfairTOSLegalBenchClassification,https://huggingface.co/datasets/mteb/UnfairTOSLegalBenchClassification,Pretraining benchmark dataset,False
L1_1625,1,General Terms of Service,"while we may edit and make formatting changes to your content ( such as translating it , modifying the size , layout or file type or removing metadata ) , we will not modify the meaning of your expression . ",Compliant Term,CLAUDETTE Benchmark (Unfair TOS),Low-risk,mteb/UnfairTOSLegalBenchClassification,https://huggingface.co/datasets/mteb/UnfairTOSLegalBenchClassification,Pretraining benchmark dataset,False
L1_797,1,General Terms of Service,what other assurances do i have to grant to evernote ? ,Compliant Term,CLAUDETTE Benchmark (Unfair TOS),Low-risk,mteb/UnfairTOSLegalBenchClassification,https://huggingface.co/datasets/mteb/UnfairTOSLegalBenchClassification,Pretraining benchmark dataset,False
L1_399,1,General Terms of Service,"you are solely responsible and liable for your use , reproduction , distribution , modification , display , or performance of any content in violation of any intellectual property rights . ",Compliant Term,CLAUDETTE Benchmark (Unfair TOS),Low-risk,mteb/UnfairTOSLegalBenchClassification,https://huggingface.co/datasets/mteb/UnfairTOSLegalBenchClassification,Pretraining benchmark dataset,False
L1_1851,1,General Terms of Service,solicit or attempt to solicit login information or any other login credentials or personal information from other users of the service or any supercell game . ,Compliant Term,CLAUDETTE Benchmark (Unfair TOS),Low-risk,mteb/UnfairTOSLegalBenchClassification,https://huggingface.co/datasets/mteb/UnfairTOSLegalBenchClassification,Pretraining benchmark dataset,False
L1_1095,1,General Terms of Service,additional terms with your payment provider may apply . ,Compliant Term,CLAUDETTE Benchmark (Unfair TOS),Low-risk,mteb/UnfairTOSLegalBenchClassification,https://huggingface.co/datasets/mteb/UnfairTOSLegalBenchClassification,Pretraining benchmark dataset,False
L4_41,4,Gig Contract,Notice: Account suspension shall not be enacted without prior formal communication detailing observed non-compliance and offering a 14-day appeal period. (Refer to clause 14.2),Compliant deactivation protocol,Karnataka Gig Worker Act 2025,Low-risk,RakshakAI Adversarial Rewriter (Layer 4),internal://adversarial_layer4,Disguised phrasing rewrite requiring human review,True
L1_681,1,General Terms of Service,"any such description is not an endorsement , certification or guarantee by airbnb about any member , including of the member 's identity or background or whether the member is trustworthy , safe or suitable . ",Compliant Term,CLAUDETTE Benchmark (Unfair TOS),Low-risk,mteb/UnfairTOSLegalBenchClassification,https://huggingface.co/datasets/mteb/UnfairTOSLegalBenchClassification,Pretraining benchmark dataset,False
L1_724,1,General Terms of Service,"booking modifications , cancellations and refunds , resolution center ",Compliant Term,CLAUDETTE Benchmark (Unfair TOS),Low-risk,mteb/UnfairTOSLegalBenchClassification,https://huggingface.co/datasets/mteb/UnfairTOSLegalBenchClassification,Pretraining benchmark dataset,False
L1_589,1,General Terms of Service,you agree to pay all fees and applicable taxes incurred by you or anyone using a duolingo account registered to you . ,Compliant Term,CLAUDETTE Benchmark (Unfair TOS),Low-risk,mteb/UnfairTOSLegalBenchClassification,https://huggingface.co/datasets/mteb/UnfairTOSLegalBenchClassification,Pretraining benchmark dataset,False
L1_1837,1,General Terms of Service,"these requirements can be found on the website and the google , apple and amazon app marketplaces . ",Compliant Term,CLAUDETTE Benchmark (Unfair TOS),Low-risk,mteb/UnfairTOSLegalBenchClassification,https://huggingface.co/datasets/mteb/UnfairTOSLegalBenchClassification,Pretraining benchmark dataset,False
L1_185,1,General Terms of Service,technology may monitor and/or record your interaction with the service or communications ( including without limitation chat text ) when you are using the service . ,Compliant Term,CLAUDETTE Benchmark (Unfair TOS),Low-risk,mteb/UnfairTOSLegalBenchClassification,https://huggingface.co/datasets/mteb/UnfairTOSLegalBenchClassification,Pretraining benchmark dataset,False
L1_429,1,General Terms of Service,"all right , title and ownership in the products remain with headspace or its licensors , as applicable . ",Compliant Term,CLAUDETTE Benchmark (Unfair TOS),Low-risk,mteb/UnfairTOSLegalBenchClassification,https://huggingface.co/datasets/mteb/UnfairTOSLegalBenchClassification,Pretraining benchmark dataset,False
L1_607,1,General Terms of Service,"• attempt to access or search the site , services or collective content or download collective content from the site or services through the use of any engine , software , tool , agent , device or mechanism ( including spiders , robots , crawlers , data mining tools or the like ) other than the software and/or search agents provided by academia.edu or other generally available third party web browsers ; ",Compliant Term,CLAUDETTE Benchmark (Unfair TOS),Low-risk,mteb/UnfairTOSLegalBenchClassification,https://huggingface.co/datasets/mteb/UnfairTOSLegalBenchClassification,Pretraining benchmark dataset,False
L1_947,1,General Terms of Service,"• you are a small-scale independent production company , non-profit , or artist , in which case you may use the vimeo service to showcase or promote your own creative works . ",Compliant Term,CLAUDETTE Benchmark (Unfair TOS),Low-risk,mteb/UnfairTOSLegalBenchClassification,https://huggingface.co/datasets/mteb/UnfairTOSLegalBenchClassification,Pretraining benchmark dataset,False
L1_1618,1,General Terms of Service,"we may need to provide you with certain communications , such as service announcements and administrative messages . ",Compliant Term,CLAUDETTE Benchmark (Unfair TOS),Low-risk,mteb/UnfairTOSLegalBenchClassification,https://huggingface.co/datasets/mteb/UnfairTOSLegalBenchClassification,Pretraining benchmark dataset,False
L1_173,1,General Terms of Service,"in the unlikely event that a reservation is available when you place an order but becomes unavailable prior to check-in , your sole remedy will be to contact the supplier to make alternative arrangements or to cancel your reservation . ",Compliant Term,CLAUDETTE Benchmark (Unfair TOS),Low-risk,mteb/UnfairTOSLegalBenchClassification,https://huggingface.co/datasets/mteb/UnfairTOSLegalBenchClassification,Pretraining benchmark dataset,False
L1_1946,1,General Terms of Service,"during your netflix membership we grant you a limited , non-exclusive , non-transferable , license to access the netflix service and view netflix content . ",Compliant Term,CLAUDETTE Benchmark (Unfair TOS),Low-risk,mteb/UnfairTOSLegalBenchClassification,https://huggingface.co/datasets/mteb/UnfairTOSLegalBenchClassification,Pretraining benchmark dataset,False
L2_63,2,Loan App / Fintech,"In February 2026 the RBI fined Navi Finserv Rs 3.80 lakh after finding it 'contacted customers at odd hours for recovery of overdue loans and did not follow the due protocol while sending messages to customers' -- a separate, later enforcement action against the same company for a different violation type than its October 2024 pricing bar.",Recovery outside permitted hours,RBI Fair Practices Code on Recovery Agents (Master Circular DBR.LEG.BC.21/09.07.005/2024-25),High-risk,Business Standard,https://www.business-standard.com/amp/industry/banking/rbi-imposes-monetary-penalties-on-bank-of-maharashtra-dcb-csb-banks-126021301690_1.html,"Second, distinct enforcement action against Navi Finserv -- shows repeat non-compliance.",False
L1_1317,1,General Terms of Service,"if your purchase or use of the services is subject to any type of value-added tax , duty or other governmental tax or fee ( `` taxes '' ) , then we may charge you for those taxes . ",Compliant Term,CLAUDETTE Benchmark (Unfair TOS),Low-risk,mteb/UnfairTOSLegalBenchClassification,https://huggingface.co/datasets/mteb/UnfairTOSLegalBenchClassification,Pretraining benchmark dataset,False
L1_1358,1,General Terms of Service,"tripadvisor , its subsidiaries and corporate affiliates ( collectively , the `` tripadvisor media group companies '' ) do not guarantee the accuracy of , and disclaim all liability for , any errors or other inaccuracies relating to the information and description of the hotel , vacation rental properties , air , cruise , car and any other travel products displayed on this website ( including , without limitation , the pricing , availability , photographs , list of hotel or vacation rental property amenities , general product descriptions , reviews and ratings , etc. ) . ",Compliant Term,CLAUDETTE Benchmark (Unfair TOS),Low-risk,mteb/UnfairTOSLegalBenchClassification,https://huggingface.co/datasets/mteb/UnfairTOSLegalBenchClassification,Pretraining benchmark dataset,False
L1_1423,1,General Terms of Service,view these terms in `` governing law and arbitration '' below . ,Compliant Term,CLAUDETTE Benchmark (Unfair TOS),Low-risk,mteb/UnfairTOSLegalBenchClassification,https://huggingface.co/datasets/mteb/UnfairTOSLegalBenchClassification,Pretraining benchmark dataset,False
L1_1021,1,General Terms of Service,"renewals : subject to the terms hereof , you may choose to renew your subscription at the end of the subscription period . ",Compliant Term,CLAUDETTE Benchmark (Unfair TOS),Low-risk,mteb/UnfairTOSLegalBenchClassification,https://huggingface.co/datasets/mteb/UnfairTOSLegalBenchClassification,Pretraining benchmark dataset,False
L1_975,1,General Terms of Service,"all such information , software , products , and services are provided `` as is '' without warranty of any kind . ",Compliant Term,CLAUDETTE Benchmark (Unfair TOS),Low-risk,mteb/UnfairTOSLegalBenchClassification,https://huggingface.co/datasets/mteb/UnfairTOSLegalBenchClassification,Pretraining benchmark dataset,False
L1_1373,1,General Terms of Service,grant of a limited license to use the service ,Compliant Term,CLAUDETTE Benchmark (Unfair TOS),Low-risk,mteb/UnfairTOSLegalBenchClassification,https://huggingface.co/datasets/mteb/UnfairTOSLegalBenchClassification,Pretraining benchmark dataset,False
L1_792,1,General Terms of Service,the contract between us in relation to the applicable services will be formed when we send you the order acceptance . ,Compliant Term,CLAUDETTE Benchmark (Unfair TOS),Low-risk,mteb/UnfairTOSLegalBenchClassification,https://huggingface.co/datasets/mteb/UnfairTOSLegalBenchClassification,Pretraining benchmark dataset,False
L1_94,1,General Terms of Service,please be advised that this user agreement contains provisions that govern how claims you and we have against each other are resolved ( see disclaimer of warranties ; limitation of liability and legal disputes provisions below ) . ,Compliant Term,CLAUDETTE Benchmark (Unfair TOS),Low-risk,mteb/UnfairTOSLegalBenchClassification,https://huggingface.co/datasets/mteb/UnfairTOSLegalBenchClassification,Pretraining benchmark dataset,False
L1_1180,1,General Terms of Service,"this license is for the sole purpose of letting you use and enjoy the services ' benefits in a way that these terms and our usage policies , such as our community guidelines , allow . ",Compliant Term,CLAUDETTE Benchmark (Unfair TOS),Low-risk,mteb/UnfairTOSLegalBenchClassification,https://huggingface.co/datasets/mteb/UnfairTOSLegalBenchClassification,Pretraining benchmark dataset,False
L1_58,1,General Terms of Service,"( ii ) any loss or damage due to viruses or other malicious software that may infect your device , computer equipment , software , data or other property caused by you accessing , using or downloading from the products , or from transmissions via emails or attachments received from us . ",Compliant Term,CLAUDETTE Benchmark (Unfair TOS),Low-risk,mteb/UnfairTOSLegalBenchClassification,https://huggingface.co/datasets/mteb/UnfairTOSLegalBenchClassification,Pretraining benchmark dataset,False
L1_1541,1,General Terms of Service,the arbitrator may award declaratory or injunctive relief only on an individual basis and only to the extent necessary to provide relief warranted by the claimant 's individual claim . ,Compliant Term,CLAUDETTE Benchmark (Unfair TOS),Low-risk,mteb/UnfairTOSLegalBenchClassification,https://huggingface.co/datasets/mteb/UnfairTOSLegalBenchClassification,Pretraining benchmark dataset,False
L1_817,1,General Terms of Service,"you understand that you will not receive any fees , sums , consideration or remuneration for any of the rights granted in this section . ",Compliant Term,CLAUDETTE Benchmark (Unfair TOS),Low-risk,mteb/UnfairTOSLegalBenchClassification,https://huggingface.co/datasets/mteb/UnfairTOSLegalBenchClassification,Pretraining benchmark dataset,False
L1_1761,1,General Terms of Service,"• post , upload , publish , submit or transmit any content that : ( i ) infringes , misappropriates or violates a third party 's patent , copyright , trademark , trade secret , moral rights or other intellectual property rights , or rights of publicity or privacy ; ( ii ) violates , or encourages any conduct that would violate , any applicable law or regulation or would give rise to civil liability ; ( iii ) is fraudulent , knowingly false , misleading or deceptive ; ( iv ) is defamatory , obscene , pornographic , vulgar or offensive ; ( v ) promotes discrimination , bigotry , racism , hatred , harassment or harm against any individual or group ; ( vi ) is violent or threatening or promotes violence or actions that are threatening to any person or entity ; or ( vii ) promotes illegal or harmful activities or substances ; ",Compliant Term,CLAUDETTE Benchmark (Unfair TOS),Low-risk,mteb/UnfairTOSLegalBenchClassification,https://huggingface.co/datasets/mteb/UnfairTOSLegalBenchClassification,Pretraining benchmark dataset,False
L4_35,4,Loan App / Fintech,Notice: Under no circumstances shall loan proceeds pass through non-regulated intermediary entities prior to crediting the borrower's designated bank account. (Refer to clause 14.2),Compliant direct disbursal,RBI Digital Lending Directions,Low-risk,RakshakAI Adversarial Rewriter (Layer 4),internal://adversarial_layer4,Disguised phrasing rewrite requiring human review,True
L1_359,1,General Terms of Service,please note that this procedure is exclusively for notifying amazon that your copyrighted material has been infringed . ,Compliant Term,CLAUDETTE Benchmark (Unfair TOS),Low-risk,mteb/UnfairTOSLegalBenchClassification,https://huggingface.co/datasets/mteb/UnfairTOSLegalBenchClassification,Pretraining benchmark dataset,False
L2_9,2,Gig Contract,"Ride-hailing platform's Master Service Agreement sets fares unilaterally with no consultation of the driver, who has no ability to negotiate pricing.",Unilateral pricing / no negotiation power,Unfair contract terms doctrine,High-risk,Ola Master Service Agreement (analysis),https://archive.factordaily.com/ola-contract-driver-analysis/,Based on a legal analysis of an actual MSA document; platform's current terms may differ — verify.,False
L1_1350,1,General Terms of Service,amazon has the right but not the obligation to monitor and edit or remove any activity or content . ,Compliant Term,CLAUDETTE Benchmark (Unfair TOS),Low-risk,mteb/UnfairTOSLegalBenchClassification,https://huggingface.co/datasets/mteb/UnfairTOSLegalBenchClassification,Pretraining benchmark dataset,False
L1_1509,1,General Terms of Service,linden lab may on occasion need to interrupt the service with or without prior notice . ,Compliant Term,CLAUDETTE Benchmark (Unfair TOS),Low-risk,mteb/UnfairTOSLegalBenchClassification,https://huggingface.co/datasets/mteb/UnfairTOSLegalBenchClassification,Pretraining benchmark dataset,False
L1_1646,1,General Terms of Service,"• you fail to send your buyer a return shipping label and , instead , an ebay-generated shipping label is used ; and/or ",Compliant Term,CLAUDETTE Benchmark (Unfair TOS),Low-risk,mteb/UnfairTOSLegalBenchClassification,https://huggingface.co/datasets/mteb/UnfairTOSLegalBenchClassification,Pretraining benchmark dataset,False
L1_1865,1,General Terms of Service,"additionally , you can not access or use the fitbit service if you are barred from receiving services under applicable law or have previously been suspended or removed from the fitbit service . ",Compliant Term,CLAUDETTE Benchmark (Unfair TOS),Low-risk,mteb/UnfairTOSLegalBenchClassification,https://huggingface.co/datasets/mteb/UnfairTOSLegalBenchClassification,Pretraining benchmark dataset,False
L1_278,1,General Terms of Service,"damage to accommodations , disputes between members ",Compliant Term,CLAUDETTE Benchmark (Unfair TOS),Low-risk,mteb/UnfairTOSLegalBenchClassification,https://huggingface.co/datasets/mteb/UnfairTOSLegalBenchClassification,Pretraining benchmark dataset,False
L1_874,1,General Terms of Service,posting your content on the fitbit service ,Compliant Term,CLAUDETTE Benchmark (Unfair TOS),Low-risk,mteb/UnfairTOSLegalBenchClassification,https://huggingface.co/datasets/mteb/UnfairTOSLegalBenchClassification,Pretraining benchmark dataset,False
L2_74,2,Gig Contract,"Porter's terms explicitly deny drivers any reimbursement for hospitalisation or medical bills from accidents on duty, and cap 'best-effort' reimbursement of legal expenses (e.g., getting a seized vehicle released) at INR 5,000-10,000.",No injury/medical compensation,Code on Social Security 2020; state Gig Worker Acts,High-risk,Porter (SmartShift Logistics) Services Agreement,https://dom-website-prod-cdn-web.porter.in/partner_tnc_content.pdf,"Appendix B/C, clauses 8-9/13-14",False
L1_1766,1,General Terms of Service,"for more information about our returns and refunds , please see our returns center . ",Compliant Term,CLAUDETTE Benchmark (Unfair TOS),Low-risk,mteb/UnfairTOSLegalBenchClassification,https://huggingface.co/datasets/mteb/UnfairTOSLegalBenchClassification,Pretraining benchmark dataset,False
L1_127,1,General Terms of Service,"selling , trading , assigning , licensing , or otherwise conveying virtual property for real money or for funds credited to a nintendo account , where `` virtual property '' refers to any features of games or other content that can be traded with other users for free or for in-game virtual currency ; ",Compliant Term,CLAUDETTE Benchmark (Unfair TOS),Low-risk,mteb/UnfairTOSLegalBenchClassification,https://huggingface.co/datasets/mteb/UnfairTOSLegalBenchClassification,Pretraining benchmark dataset,False
L1_1789,1,General Terms of Service,"some jurisdictions do not allow the disclaimer of warranties or exclusion of damages , so such disclaimers and exclusions may not apply to you . ",Compliant Term,CLAUDETTE Benchmark (Unfair TOS),Low-risk,mteb/UnfairTOSLegalBenchClassification,https://huggingface.co/datasets/mteb/UnfairTOSLegalBenchClassification,Pretraining benchmark dataset,False
L1_535,1,General Terms of Service,"if oculus makes changes to these terms , we will provide notice of such changes as appropriate , such as by sending an email notification to the address that you have provided , providing notice through the services and/or updating the `` last updated '' date at the top of these terms . ",Compliant Term,CLAUDETTE Benchmark (Unfair TOS),Low-risk,mteb/UnfairTOSLegalBenchClassification,https://huggingface.co/datasets/mteb/UnfairTOSLegalBenchClassification,Pretraining benchmark dataset,False
L1_784,1,General Terms of Service,"we do not waive any rights to use similar or related ideas or feedback previously known to us , developed by fitbit , or obtained from sources other than you . ",Compliant Term,CLAUDETTE Benchmark (Unfair TOS),Low-risk,mteb/UnfairTOSLegalBenchClassification,https://huggingface.co/datasets/mteb/UnfairTOSLegalBenchClassification,Pretraining benchmark dataset,False
L1_2049,1,General Terms of Service,we waive any right to seek an award of legal fees and expenses in connection with any non-frivolous arbitration between you and us . ,Compliant Term,CLAUDETTE Benchmark (Unfair TOS),Low-risk,mteb/UnfairTOSLegalBenchClassification,https://huggingface.co/datasets/mteb/UnfairTOSLegalBenchClassification,Pretraining benchmark dataset,False
L1_731,1,General Terms of Service,"in addition , hosts may instruct a co-host to provide certain one-time services in relation to their listing . ",Compliant Term,CLAUDETTE Benchmark (Unfair TOS),Low-risk,mteb/UnfairTOSLegalBenchClassification,https://huggingface.co/datasets/mteb/UnfairTOSLegalBenchClassification,Pretraining benchmark dataset,False
L1_1949,1,General Terms of Service,"your continued access or use of the services after such posting constitutes your consent to be bound by the terms , as amended . ",Unfair Contract Terms,CLAUDETTE Benchmark (Unfair TOS),High-risk,mteb/UnfairTOSLegalBenchClassification,https://huggingface.co/datasets/mteb/UnfairTOSLegalBenchClassification,Pretraining benchmark dataset,False
L1_1380,1,General Terms of Service,"all rights , title and interest in and to the service ( including without limitation any games , titles , computer code , themes , objects , characters , character names , stories , dialogue , catch phrases , concepts , artwork , animations , sounds , musical compositions , audio-visual effects , methods of operation , moral rights , documentation , in-game chat transcripts , character profile information , recordings of games played using a supercell game client , and the supercell game clients and server software ) are owned by supercell . ",Compliant Term,CLAUDETTE Benchmark (Unfair TOS),Low-risk,mteb/UnfairTOSLegalBenchClassification,https://huggingface.co/datasets/mteb/UnfairTOSLegalBenchClassification,Pretraining benchmark dataset,False
L1_1717,1,General Terms of Service,"you may not upload , post , or transmit ( collectively , `` submit '' ) any video , image , text , audio recording , or other work ( collectively , `` content '' ) that : ",Compliant Term,CLAUDETTE Benchmark (Unfair TOS),Low-risk,mteb/UnfairTOSLegalBenchClassification,https://huggingface.co/datasets/mteb/UnfairTOSLegalBenchClassification,Pretraining benchmark dataset,False
L1_223,1,General Terms of Service,you may terminate this agreement at any time by deleting your nintendo account . ,Compliant Term,CLAUDETTE Benchmark (Unfair TOS),Low-risk,mteb/UnfairTOSLegalBenchClassification,https://huggingface.co/datasets/mteb/UnfairTOSLegalBenchClassification,Pretraining benchmark dataset,False
L1_1196,1,General Terms of Service,"you agree to submit to the exclusive personal jurisdiction of the courts located within são paolo-sp , brasil ( and , for the avoidance of doubt , to exclude the jurisdiction of any other court ) for the purpose of litigating all such claims or disputes . ",Compliant Term,CLAUDETTE Benchmark (Unfair TOS),Low-risk,mteb/UnfairTOSLegalBenchClassification,https://huggingface.co/datasets/mteb/UnfairTOSLegalBenchClassification,Pretraining benchmark dataset,False
L1_2024,1,General Terms of Service,"if any provision of these terms is found unenforceable , then that provision will be severed from these terms and not affect the validity and enforceability of any remaining provisions . ",Compliant Term,CLAUDETTE Benchmark (Unfair TOS),Low-risk,mteb/UnfairTOSLegalBenchClassification,https://huggingface.co/datasets/mteb/UnfairTOSLegalBenchClassification,Pretraining benchmark dataset,False
L1_385,1,General Terms of Service,you agree that you may automatically receive updated versions of the netflix and related third-party software . ,Compliant Term,CLAUDETTE Benchmark (Unfair TOS),Low-risk,mteb/UnfairTOSLegalBenchClassification,https://huggingface.co/datasets/mteb/UnfairTOSLegalBenchClassification,Pretraining benchmark dataset,False
L1_1127,1,General Terms of Service,• advertise or solicit others to purchase any product or service within the vimeo site ( unless you are an official vimeo partner or advertiser and have a written agreement with vimeo ) . ,Compliant Term,CLAUDETTE Benchmark (Unfair TOS),Low-risk,mteb/UnfairTOSLegalBenchClassification,https://huggingface.co/datasets/mteb/UnfairTOSLegalBenchClassification,Pretraining benchmark dataset,False
L1_1836,1,General Terms of Service,"we can not always prevent this misuse of our services , and you agree that we are not responsible for any such misuse . ",Compliant Term,CLAUDETTE Benchmark (Unfair TOS),Low-risk,mteb/UnfairTOSLegalBenchClassification,https://huggingface.co/datasets/mteb/UnfairTOSLegalBenchClassification,Pretraining benchmark dataset,False
L1_676,1,General Terms of Service,"we make no warranty regarding the quality , accuracy , timeliness , truthfulness , completeness , or reliability of the fitbit service or any fitbit content . ",Compliant Term,CLAUDETTE Benchmark (Unfair TOS),Low-risk,mteb/UnfairTOSLegalBenchClassification,https://huggingface.co/datasets/mteb/UnfairTOSLegalBenchClassification,Pretraining benchmark dataset,False
L1_1659,1,General Terms of Service,"when you use the fitbit service after a modification becomes effective , you are telling us that you accept the modified terms . ",Compliant Term,CLAUDETTE Benchmark (Unfair TOS),Low-risk,mteb/UnfairTOSLegalBenchClassification,https://huggingface.co/datasets/mteb/UnfairTOSLegalBenchClassification,Pretraining benchmark dataset,False
L1_118,1,General Terms of Service,6.3 you are responsible for paying any service fees that you owe to airbnb . ,Compliant Term,CLAUDETTE Benchmark (Unfair TOS),Low-risk,mteb/UnfairTOSLegalBenchClassification,https://huggingface.co/datasets/mteb/UnfairTOSLegalBenchClassification,Pretraining benchmark dataset,False
L1_1600,1,General Terms of Service,the limitation of liability reflects the allocation of risk between the parties . ,Compliant Term,CLAUDETTE Benchmark (Unfair TOS),Low-risk,mteb/UnfairTOSLegalBenchClassification,https://huggingface.co/datasets/mteb/UnfairTOSLegalBenchClassification,Pretraining benchmark dataset,False
L1_357,1,General Terms of Service,"you are allowed to purchase virtual items through the service , and not in any other way . ",Compliant Term,CLAUDETTE Benchmark (Unfair TOS),Low-risk,mteb/UnfairTOSLegalBenchClassification,https://huggingface.co/datasets/mteb/UnfairTOSLegalBenchClassification,Pretraining benchmark dataset,False
L1_1433,1,General Terms of Service,9.4 you agree to indemnify linden lab from claims relating to your use of the service . ,Compliant Term,CLAUDETTE Benchmark (Unfair TOS),Low-risk,mteb/UnfairTOSLegalBenchClassification,https://huggingface.co/datasets/mteb/UnfairTOSLegalBenchClassification,Pretraining benchmark dataset,False
L1_1774,1,General Terms of Service,we may cancel unconfirmed accounts or accounts that have been inactive for a long time or modify or discontinue our services . ,Compliant Term,CLAUDETTE Benchmark (Unfair TOS),Low-risk,mteb/UnfairTOSLegalBenchClassification,https://huggingface.co/datasets/mteb/UnfairTOSLegalBenchClassification,Pretraining benchmark dataset,False
L3_42,3,Loan App / Fintech,Platform tracks behavioral analytics and serves targeted financial advertisements to users identified as under 18 years of age. Applicable across all digital channels.,Unlawful tracking of minors,DPDP Act 2023,High-risk,RakshakAI Synthetic Generator (Layer 3),internal://synthetic_layer3,Synthetic clause generated for DPDP Act 2023 §9 (Processing of Children Data),False
L1_217,1,General Terms of Service,"if you do not agree to these terms , you do not have the right to access or use our service . ",Compliant Term,CLAUDETTE Benchmark (Unfair TOS),Low-risk,mteb/UnfairTOSLegalBenchClassification,https://huggingface.co/datasets/mteb/UnfairTOSLegalBenchClassification,Pretraining benchmark dataset,False
L1_144,1,General Terms of Service,"in agreeing to these terms , you also agree that the rights in the service and evernote software , including all intellectual property rights , such as trademarks , patents , designs and copyrights , are protected by one or more of copyright , trademark , patent , trade secret and other laws , regulations and treaties , in addition to these terms and any separate agreement . ",Compliant Term,CLAUDETTE Benchmark (Unfair TOS),Low-risk,mteb/UnfairTOSLegalBenchClassification,https://huggingface.co/datasets/mteb/UnfairTOSLegalBenchClassification,Pretraining benchmark dataset,False
L3_104,3,Gig Contract,Platform reserves the right to deactivate gig worker account immediately without issuing notice or disclosing reasons. Subject to regulatory audit.,Arbitrary deactivation without notice,Karnataka/Rajasthan Gig Worker Acts,High-risk,RakshakAI Synthetic Generator (Layer 3),internal://synthetic_layer3,Synthetic clause generated for Gig Worker Legislation,False
L1_1816,1,General Terms of Service,c. judicial forum for legal disputes ,Compliant Term,CLAUDETTE Benchmark (Unfair TOS),Low-risk,mteb/UnfairTOSLegalBenchClassification,https://huggingface.co/datasets/mteb/UnfairTOSLegalBenchClassification,Pretraining benchmark dataset,False
L3_67,3,Loan App / Fintech,"A detailed Key Fact Statement stating the Annual Percentage Rate (APR), total cost of credit, repayment schedule, and fee breakdown is presented before agreement signature. Applicable across all digital channels.",Compliant Key Fact Statement,RBI Digital Lending Directions,Low-risk,RakshakAI Synthetic Generator (Layer 3),internal://synthetic_layer3,Synthetic clause generated for RBI Digital Lending Guidelines 2022,False
L1_686,1,General Terms of Service,10.1 headspace is a provider of online and mobile meditation content in the health & wellness space . ,Compliant Term,CLAUDETTE Benchmark (Unfair TOS),Low-risk,mteb/UnfairTOSLegalBenchClassification,https://huggingface.co/datasets/mteb/UnfairTOSLegalBenchClassification,Pretraining benchmark dataset,False
L1_1718,1,General Terms of Service,"academia.edu may assign or transfer these terms , at its sole discretion , without restriction . ",Compliant Term,CLAUDETTE Benchmark (Unfair TOS),Low-risk,mteb/UnfairTOSLegalBenchClassification,https://huggingface.co/datasets/mteb/UnfairTOSLegalBenchClassification,Pretraining benchmark dataset,False
L1_90,1,General Terms of Service,"failure to provide such proof may lead to , among other things , removal of such content from the service ; ",Compliant Term,CLAUDETTE Benchmark (Unfair TOS),Low-risk,mteb/UnfairTOSLegalBenchClassification,https://huggingface.co/datasets/mteb/UnfairTOSLegalBenchClassification,Pretraining benchmark dataset,False
L1_262,1,General Terms of Service,discovery will be permitted pursuant to the applicable arbitration rules . ,Compliant Term,CLAUDETTE Benchmark (Unfair TOS),Low-risk,mteb/UnfairTOSLegalBenchClassification,https://huggingface.co/datasets/mteb/UnfairTOSLegalBenchClassification,Pretraining benchmark dataset,False
L1_1843,1,General Terms of Service,use of third party services . ,Compliant Term,CLAUDETTE Benchmark (Unfair TOS),Low-risk,mteb/UnfairTOSLegalBenchClassification,https://huggingface.co/datasets/mteb/UnfairTOSLegalBenchClassification,Pretraining benchmark dataset,False
L1_7,1,General Terms of Service,"we both agree that all of these claims can only be litigated in dublin , ireland , and we each agree to personal jurisdiction of the courts located in dublin , ireland . ",Compliant Term,CLAUDETTE Benchmark (Unfair TOS),Low-risk,mteb/UnfairTOSLegalBenchClassification,https://huggingface.co/datasets/mteb/UnfairTOSLegalBenchClassification,Pretraining benchmark dataset,False
L1_27,1,General Terms of Service,such functionality is subject to delays beyond ebay 's control . ,Compliant Term,CLAUDETTE Benchmark (Unfair TOS),Low-risk,mteb/UnfairTOSLegalBenchClassification,https://huggingface.co/datasets/mteb/UnfairTOSLegalBenchClassification,Pretraining benchmark dataset,False
L3_90,3,Loan App / Fintech,Collection efforts and communications are strictly restricted to permitted hours (7:00 AM to 7:00 PM) and adhere to professional conduct. Enforced in all operating regions.,Compliant recovery practices,RBI Fair Practices Code,Low-risk,RakshakAI Synthetic Generator (Layer 3),internal://synthetic_layer3,Synthetic clause generated for RBI Digital Lending Guidelines 2022,False
L1_1098,1,General Terms of Service,users of the website will not incur any charges for using the website in accordance with these terms and conditions . ,Compliant Term,CLAUDETTE Benchmark (Unfair TOS),Low-risk,mteb/UnfairTOSLegalBenchClassification,https://huggingface.co/datasets/mteb/UnfairTOSLegalBenchClassification,Pretraining benchmark dataset,False
L1_1034,1,General Terms of Service,"3.3 other content , sites and apps ",Compliant Term,CLAUDETTE Benchmark (Unfair TOS),Low-risk,mteb/UnfairTOSLegalBenchClassification,https://huggingface.co/datasets/mteb/UnfairTOSLegalBenchClassification,Pretraining benchmark dataset,False
L1_539,1,General Terms of Service,information and content that you share or post may be seen by other members or visitors . ,Compliant Term,CLAUDETTE Benchmark (Unfair TOS),Low-risk,mteb/UnfairTOSLegalBenchClassification,https://huggingface.co/datasets/mteb/UnfairTOSLegalBenchClassification,Pretraining benchmark dataset,False
L1_1296,1,General Terms of Service,"you acknowledge and agree that the permissions system and other functionality of the service do not grant you any license , consent , or permission to copy , modify , transfer , or use in any manner any content outside the service . ",Compliant Term,CLAUDETTE Benchmark (Unfair TOS),Low-risk,mteb/UnfairTOSLegalBenchClassification,https://huggingface.co/datasets/mteb/UnfairTOSLegalBenchClassification,Pretraining benchmark dataset,False
L1_1334,1,General Terms of Service,"airbnb will use commercially reasonable efforts to address hosts ' requests and claims related to security deposits , but airbnb is not responsible for administering or accepting any claims by hosts related to security deposits . ",Compliant Term,CLAUDETTE Benchmark (Unfair TOS),Low-risk,mteb/UnfairTOSLegalBenchClassification,https://huggingface.co/datasets/mteb/UnfairTOSLegalBenchClassification,Pretraining benchmark dataset,False
L4_5,4,Loan App / Fintech,Notice: Terms governing service usage are subject to continuous optimization; continued interaction constitutes automatic ratification of all revisions. (Refer to clause 14.2),Unilateral T&C modification,RBI Fair Practices Code,High-risk,RakshakAI Adversarial Rewriter (Layer 4),internal://adversarial_layer4,Disguised phrasing rewrite requiring human review,True
L1_17,1,General Terms of Service,"when placing an order or making a purchase , you will be required to provide us with information , such as your address and billing information . ",Compliant Term,CLAUDETTE Benchmark (Unfair TOS),Low-risk,mteb/UnfairTOSLegalBenchClassification,https://huggingface.co/datasets/mteb/UnfairTOSLegalBenchClassification,Pretraining benchmark dataset,False
L1_1435,1,General Terms of Service,"we will make the reimbursement using the same means of payment as you used for the initial transaction , unless you have expressly agreed otherwise ; in any event , you will not incur any fees as result of the reimbursement . ",Compliant Term,CLAUDETTE Benchmark (Unfair TOS),Low-risk,mteb/UnfairTOSLegalBenchClassification,https://huggingface.co/datasets/mteb/UnfairTOSLegalBenchClassification,Pretraining benchmark dataset,False
L1_1847,1,General Terms of Service,"you are responsible for ensuring that your host service is accurately represented in the verified images and you will stop using the verified images on or through the airbnb platform if they no longer accurately represent your listing , if you stop hosting the host service featured , or if your airbnb account is terminated or suspended for any reason . ",Compliant Term,CLAUDETTE Benchmark (Unfair TOS),Low-risk,mteb/UnfairTOSLegalBenchClassification,https://huggingface.co/datasets/mteb/UnfairTOSLegalBenchClassification,Pretraining benchmark dataset,False
L1_1589,1,General Terms of Service,"members agree to cooperate with and assist airbnb in good faith , and to provide airbnb with such information and take such actions as may be reasonably requested by airbnb with respect to any investigation undertaken by airbnb or a representative of airbnb regarding the use or abuse of the airbnb platform . ",Compliant Term,CLAUDETTE Benchmark (Unfair TOS),Low-risk,mteb/UnfairTOSLegalBenchClassification,https://huggingface.co/datasets/mteb/UnfairTOSLegalBenchClassification,Pretraining benchmark dataset,False
L1_180,1,General Terms of Service,your use of the services and content ,Compliant Term,CLAUDETTE Benchmark (Unfair TOS),Low-risk,mteb/UnfairTOSLegalBenchClassification,https://huggingface.co/datasets/mteb/UnfairTOSLegalBenchClassification,Pretraining benchmark dataset,False
L1_1579,1,General Terms of Service,"subject to your agreement and continuing compliance with these terms of service and any other relevant supercell policies , supercell grants you a non-exclusive , non-transferable , non-sublicensable , revocable and limited license to access and use the service for your own non-commercial entertainment purposes . ",Compliant Term,CLAUDETTE Benchmark (Unfair TOS),Low-risk,mteb/UnfairTOSLegalBenchClassification,https://huggingface.co/datasets/mteb/UnfairTOSLegalBenchClassification,Pretraining benchmark dataset,False
L1_433,1,General Terms of Service,"additionally , you may not use information for marketing purposes , via electronic or other means , unless you obtain the consent of the specific user to do so . ",Compliant Term,CLAUDETTE Benchmark (Unfair TOS),Low-risk,mteb/UnfairTOSLegalBenchClassification,https://huggingface.co/datasets/mteb/UnfairTOSLegalBenchClassification,Pretraining benchmark dataset,False
L1_1562,1,General Terms of Service,"if there is a substantial change in the itinerary or the host service needs to be cancelled , airbnb will work with the host to provide guests an alternative date for the host service , an appropriate refund or a rebooking . ",Compliant Term,CLAUDETTE Benchmark (Unfair TOS),Low-risk,mteb/UnfairTOSLegalBenchClassification,https://huggingface.co/datasets/mteb/UnfairTOSLegalBenchClassification,Pretraining benchmark dataset,False
L1_1262,1,General Terms of Service,linkedin reserves all of its intellectual property rights in the services . ,Compliant Term,CLAUDETTE Benchmark (Unfair TOS),Low-risk,mteb/UnfairTOSLegalBenchClassification,https://huggingface.co/datasets/mteb/UnfairTOSLegalBenchClassification,Pretraining benchmark dataset,False
L3_85,3,Loan App / Fintech,Recovery agents initiate calls and automated collection messages to borrowers between 10:00 PM and 6:00 AM. Enforced in all operating regions.,Harassment outside permitted hours,RBI Fair Practices Code,High-risk,RakshakAI Synthetic Generator (Layer 3),internal://synthetic_layer3,Synthetic clause generated for RBI Digital Lending Guidelines 2022,False
L1_564,1,General Terms of Service,the waiver of any such right or provision will be effective only if in writing and signed by a duly authorized representative of fitbit . ,Compliant Term,CLAUDETTE Benchmark (Unfair TOS),Low-risk,mteb/UnfairTOSLegalBenchClassification,https://huggingface.co/datasets/mteb/UnfairTOSLegalBenchClassification,Pretraining benchmark dataset,False
L3_103,3,Gig Contract,Platform reserves the right to deactivate gig worker account immediately without issuing notice or disclosing reasons. Pursuant to updated statutory terms.,Arbitrary deactivation without notice,Karnataka/Rajasthan Gig Worker Acts,High-risk,RakshakAI Synthetic Generator (Layer 3),internal://synthetic_layer3,Synthetic clause generated for Gig Worker Legislation,False
L1_382,1,General Terms of Service,"in the event your subscription began on a day not contained in a given month , your payment method will be charged on a day in the applicable month or such other day as we deem appropriate . ",Compliant Term,CLAUDETTE Benchmark (Unfair TOS),Low-risk,mteb/UnfairTOSLegalBenchClassification,https://huggingface.co/datasets/mteb/UnfairTOSLegalBenchClassification,Pretraining benchmark dataset,False
L1_1105,1,General Terms of Service,"8.2.1 you understand that a confirmed booking of an accommodation ( `` accommodation booking '' ) is a limited license granted to you by the host to enter , occupy and use the accommodation for the duration of your stay , during which time the host ( only where and to the extent permitted by applicable law ) retains the right to re-enter the accommodation , in accordance with your agreement with the host . ",Compliant Term,CLAUDETTE Benchmark (Unfair TOS),Low-risk,mteb/UnfairTOSLegalBenchClassification,https://huggingface.co/datasets/mteb/UnfairTOSLegalBenchClassification,Pretraining benchmark dataset,False
L1_1116,1,General Terms of Service,you can find more information on how your personal evernote service account works with your evernote business account in our privacy policy and in this help and learning article . ,Compliant Term,CLAUDETTE Benchmark (Unfair TOS),Low-risk,mteb/UnfairTOSLegalBenchClassification,https://huggingface.co/datasets/mteb/UnfairTOSLegalBenchClassification,Pretraining benchmark dataset,False
L1_1162,1,General Terms of Service,"by accessing or using the services , you agree that you will not : ( a ) access or use the services in any manner that could interfere with , disrupt , negatively affect or inhibit anyone from fully enjoying the services , including , but not limited to , defamatory , harassing , threatening , bigoted , hateful , vulgar , obscene , pornographic or otherwise offensive behaviour or content ; ( b ) damage , disable , overburden or impair the functionality of the services in any manner ; ( c ) access or use the services for any illegal or unauthorised purpose , or engage in , encourage or promote any illegal activity or any activity that violates these terms , community standards or any other terms or policies provided in connection with the services ; ( d ) use or attempt to use another user 's account without authorisation from such user ; ( e ) modify , adapt , hack or emulate the services ; ( f ) use any robot , spider , crawler , scraper or other automated means or interface not provided or authorised by us to access the services or to extract data ; ( g ) circumvent or attempt to circumvent any filtering , security measures or other features designed to protect the services or third parties ; and ( h ) infringe upon or violate the rights of oculus , our users or any third party . ",Compliant Term,CLAUDETTE Benchmark (Unfair TOS),Low-risk,mteb/UnfairTOSLegalBenchClassification,https://huggingface.co/datasets/mteb/UnfairTOSLegalBenchClassification,Pretraining benchmark dataset,False
L1_577,1,General Terms of Service,all prices in pound sterling include vat unless otherwise stated . ,Compliant Term,CLAUDETTE Benchmark (Unfair TOS),Low-risk,mteb/UnfairTOSLegalBenchClassification,https://huggingface.co/datasets/mteb/UnfairTOSLegalBenchClassification,Pretraining benchmark dataset,False
L1_311,1,General Terms of Service,"for further information on vacation rental fees , security deposits , payment processing , and cancellations and refunds , please consult the terms of use of our affiliate sites . ",Compliant Term,CLAUDETTE Benchmark (Unfair TOS),Low-risk,mteb/UnfairTOSLegalBenchClassification,https://huggingface.co/datasets/mteb/UnfairTOSLegalBenchClassification,Pretraining benchmark dataset,False
L1_412,1,General Terms of Service,"if this paragraph is held unenforceable with respect to any dispute , then the entirety of the arbitration agreement will be deemed void with respect to such dispute . ",Compliant Term,CLAUDETTE Benchmark (Unfair TOS),Low-risk,mteb/UnfairTOSLegalBenchClassification,https://huggingface.co/datasets/mteb/UnfairTOSLegalBenchClassification,Pretraining benchmark dataset,False
L1_790,1,General Terms of Service,you are responsible for any activity that occurs in your snapchat account . ,Compliant Term,CLAUDETTE Benchmark (Unfair TOS),Low-risk,mteb/UnfairTOSLegalBenchClassification,https://huggingface.co/datasets/mteb/UnfairTOSLegalBenchClassification,Pretraining benchmark dataset,False
L1_1129,1,General Terms of Service,"copy , archive , download , upload , distribute , syndicate , broadcast , perform , display , make available , or otherwise use any portion of the services or the content on the services except as set forth in these terms . ",Compliant Term,CLAUDETTE Benchmark (Unfair TOS),Low-risk,mteb/UnfairTOSLegalBenchClassification,https://huggingface.co/datasets/mteb/UnfairTOSLegalBenchClassification,Pretraining benchmark dataset,False
L1_1200,1,General Terms of Service,go ahead and contact us first and we 'll do our best to resolve the issue . ,Compliant Term,CLAUDETTE Benchmark (Unfair TOS),Low-risk,mteb/UnfairTOSLegalBenchClassification,https://huggingface.co/datasets/mteb/UnfairTOSLegalBenchClassification,Pretraining benchmark dataset,False
L3_112,3,Gig Contract,Algorithmic penalties for late delivery may exceed 50% of daily earnings at sole platform discretion. Applicable across all digital channels.,Uncapped algorithmic wage penalty,Fair Conditions / Code on Wages,High-risk,RakshakAI Synthetic Generator (Layer 3),internal://synthetic_layer3,Synthetic clause generated for Gig Worker Legislation,False
L1_1893,1,General Terms of Service,"headspace will enforce its intellectual property rights to the fullest extent of the law , including the seeking of criminal prosecution . ",Compliant Term,CLAUDETTE Benchmark (Unfair TOS),Low-risk,mteb/UnfairTOSLegalBenchClassification,https://huggingface.co/datasets/mteb/UnfairTOSLegalBenchClassification,Pretraining benchmark dataset,False
L1_176,1,General Terms of Service,"the amazon services and all information , content , materials , products ( including software ) and other services included on or otherwise made available to you through the amazon services are provided by amazon on an `` as is '' and `` as available '' basis , unless otherwise specified in writing . ",Compliant Term,CLAUDETTE Benchmark (Unfair TOS),Low-risk,mteb/UnfairTOSLegalBenchClassification,https://huggingface.co/datasets/mteb/UnfairTOSLegalBenchClassification,Pretraining benchmark dataset,False
L1_1567,1,General Terms of Service,you therefore use the vimeo service at your own risk . ,Compliant Term,CLAUDETTE Benchmark (Unfair TOS),Low-risk,mteb/UnfairTOSLegalBenchClassification,https://huggingface.co/datasets/mteb/UnfairTOSLegalBenchClassification,Pretraining benchmark dataset,False
L1_1754,1,General Terms of Service,additional terms may apply to certain products or services . ,Compliant Term,CLAUDETTE Benchmark (Unfair TOS),Low-risk,mteb/UnfairTOSLegalBenchClassification,https://huggingface.co/datasets/mteb/UnfairTOSLegalBenchClassification,Pretraining benchmark dataset,False
L1_718,1,General Terms of Service,"provide your contact information , including your address , telephone number , and an email address . ",Compliant Term,CLAUDETTE Benchmark (Unfair TOS),Low-risk,mteb/UnfairTOSLegalBenchClassification,https://huggingface.co/datasets/mteb/UnfairTOSLegalBenchClassification,Pretraining benchmark dataset,False
L1_1560,1,General Terms of Service,• ebay 's duplicate listing policy may also affect whether your listing appears in search results . ,Compliant Term,CLAUDETTE Benchmark (Unfair TOS),Low-risk,mteb/UnfairTOSLegalBenchClassification,https://huggingface.co/datasets/mteb/UnfairTOSLegalBenchClassification,Pretraining benchmark dataset,False
L1_410,1,General Terms of Service,"if you have a tripadvisor account , you will safeguard your account information and will supervise and be completely responsible for any use of your account by anyone other than you . ",Compliant Term,CLAUDETTE Benchmark (Unfair TOS),Low-risk,mteb/UnfairTOSLegalBenchClassification,https://huggingface.co/datasets/mteb/UnfairTOSLegalBenchClassification,Pretraining benchmark dataset,False
L1_252,1,General Terms of Service,information use by other members of the service ,Compliant Term,CLAUDETTE Benchmark (Unfair TOS),Low-risk,mteb/UnfairTOSLegalBenchClassification,https://huggingface.co/datasets/mteb/UnfairTOSLegalBenchClassification,Pretraining benchmark dataset,False
L1_1826,1,General Terms of Service,2.4 user verification on the internet is difficult and we do not assume any responsibility for the confirmation of any member 's identity . ,Compliant Term,CLAUDETTE Benchmark (Unfair TOS),Low-risk,mteb/UnfairTOSLegalBenchClassification,https://huggingface.co/datasets/mteb/UnfairTOSLegalBenchClassification,Pretraining benchmark dataset,False
L1_1074,1,General Terms of Service,members of households with an existing or recent netflix membership are not eligible . ,Compliant Term,CLAUDETTE Benchmark (Unfair TOS),Low-risk,mteb/UnfairTOSLegalBenchClassification,https://huggingface.co/datasets/mteb/UnfairTOSLegalBenchClassification,Pretraining benchmark dataset,False
L1_84,1,General Terms of Service,"by registering for an account or otherwise using the service , you represent that you are age 13 or older . ",Compliant Term,CLAUDETTE Benchmark (Unfair TOS),Low-risk,mteb/UnfairTOSLegalBenchClassification,https://huggingface.co/datasets/mteb/UnfairTOSLegalBenchClassification,Pretraining benchmark dataset,False
L1_723,1,General Terms of Service,"the express waiver by supercell of any provision , condition , or requirement of these terms of service or the supercell privacy policy shall not constitute a waiver of any future obligation to comply with such provision , condition or requirement . ",Compliant Term,CLAUDETTE Benchmark (Unfair TOS),Low-risk,mteb/UnfairTOSLegalBenchClassification,https://huggingface.co/datasets/mteb/UnfairTOSLegalBenchClassification,Pretraining benchmark dataset,False
L1_1281,1,General Terms of Service,"snap group limited grants you a personal , worldwide , royalty-free , non-assignable , nonexclusive , revocable , and non-sublicensable license to access and use the services . ",Compliant Term,CLAUDETTE Benchmark (Unfair TOS),Low-risk,mteb/UnfairTOSLegalBenchClassification,https://huggingface.co/datasets/mteb/UnfairTOSLegalBenchClassification,Pretraining benchmark dataset,False
L1_287,1,General Terms of Service,"you may not : ( i ) remove any copyright , trademark or other proprietary notices from any portion of the services ; ( ii ) reproduce , modify , prepare derivative works based upon , distribute , license , lease , sell , resell , transfer , publicly display , publicly perform , transmit , stream , broadcast or otherwise exploit the services except as expressly permitted by uber ; ( iii ) decompile , reverse engineer or disassemble the services except as may be permitted by applicable law ; ( iv ) link to , mirror or frame any portion of the services ; ( v ) cause or launch any programs or scripts for the purpose of scraping , indexing , surveying , or otherwise data mining any portion of the services or unduly burdening or hindering the operation and/or functionality of any aspect of the services ; or ( vi ) attempt to gain unauthorized access to or impair any aspect of the services or its related systems or networks . ",Compliant Term,CLAUDETTE Benchmark (Unfair TOS),Low-risk,mteb/UnfairTOSLegalBenchClassification,https://huggingface.co/datasets/mteb/UnfairTOSLegalBenchClassification,Pretraining benchmark dataset,False
L1_590,1,General Terms of Service,the eu-commission has established an online platform for the resolution of disputes between traders and consumers ( odr-platform ) . ,Compliant Term,CLAUDETTE Benchmark (Unfair TOS),Low-risk,mteb/UnfairTOSLegalBenchClassification,https://huggingface.co/datasets/mteb/UnfairTOSLegalBenchClassification,Pretraining benchmark dataset,False
L1_900,1,General Terms of Service,"full use of the fitbit service requires that you create an account by providing us with information such as your full name and a valid email address , as well as a strong password . ",Compliant Term,CLAUDETTE Benchmark (Unfair TOS),Low-risk,mteb/UnfairTOSLegalBenchClassification,https://huggingface.co/datasets/mteb/UnfairTOSLegalBenchClassification,Pretraining benchmark dataset,False
L1_76,1,General Terms of Service,"you acknowledge and assume the risk of the possibility of termination of your account as provided in this agreement , and you represent that you will make your decisions to participate in the service , contribute content , spend your money and dispose of transferable licenses at all times knowingly based upon these risks . ",Compliant Term,CLAUDETTE Benchmark (Unfair TOS),Low-risk,mteb/UnfairTOSLegalBenchClassification,https://huggingface.co/datasets/mteb/UnfairTOSLegalBenchClassification,Pretraining benchmark dataset,False
L1_2055,1,General Terms of Service,you can find specific details regarding your netflix membership by visiting our website and clicking on the `` your account '' link available at the top of the pages of the netflix website under your profile name . ,Compliant Term,CLAUDETTE Benchmark (Unfair TOS),Low-risk,mteb/UnfairTOSLegalBenchClassification,https://huggingface.co/datasets/mteb/UnfairTOSLegalBenchClassification,Pretraining benchmark dataset,False
L1_4,1,General Terms of Service,"while we 're not required to do so , we may access , review , screen , and delete your content at any time and for any reason , including if we think your content violates these terms . ",Compliant Term,CLAUDETTE Benchmark (Unfair TOS),Low-risk,mteb/UnfairTOSLegalBenchClassification,https://huggingface.co/datasets/mteb/UnfairTOSLegalBenchClassification,Pretraining benchmark dataset,False
L1_113,1,General Terms of Service,"we may also , at our sole discretion , limit access to the services and/or terminate the accounts of any users who infringe any intellectual property rights of others , whether or not there is any repeat infringement . ",Compliant Term,CLAUDETTE Benchmark (Unfair TOS),Low-risk,mteb/UnfairTOSLegalBenchClassification,https://huggingface.co/datasets/mteb/UnfairTOSLegalBenchClassification,Pretraining benchmark dataset,False
L1_103,1,General Terms of Service,"the services are provided `` as is '' , `` as available '' , with all faults and without warranties , representations or conditions of any kind . ",Compliant Term,CLAUDETTE Benchmark (Unfair TOS),Low-risk,mteb/UnfairTOSLegalBenchClassification,https://huggingface.co/datasets/mteb/UnfairTOSLegalBenchClassification,Pretraining benchmark dataset,False
L1_1101,1,General Terms of Service,our failure to act with respect to a breach by you or others does not waive our right to act with respect to subsequent or similar breaches . ,Compliant Term,CLAUDETTE Benchmark (Unfair TOS),Low-risk,mteb/UnfairTOSLegalBenchClassification,https://huggingface.co/datasets/mteb/UnfairTOSLegalBenchClassification,Pretraining benchmark dataset,False
L1_1626,1,General Terms of Service,"attn : legal , itämerenkatu 11-13 , fi - 00180 helsinki , finland . ",Compliant Term,CLAUDETTE Benchmark (Unfair TOS),Low-risk,mteb/UnfairTOSLegalBenchClassification,https://huggingface.co/datasets/mteb/UnfairTOSLegalBenchClassification,Pretraining benchmark dataset,False
L1_68,1,General Terms of Service,"you agree that you will not , under any circumstances : ",Compliant Term,CLAUDETTE Benchmark (Unfair TOS),Low-risk,mteb/UnfairTOSLegalBenchClassification,https://huggingface.co/datasets/mteb/UnfairTOSLegalBenchClassification,Pretraining benchmark dataset,False
L1_1905,1,General Terms of Service,"if you are booking for an additional guest who is a minor , you represent and warrant that you are legally authorized to act on behalf of the minor . ",Compliant Term,CLAUDETTE Benchmark (Unfair TOS),Low-risk,mteb/UnfairTOSLegalBenchClassification,https://huggingface.co/datasets/mteb/UnfairTOSLegalBenchClassification,Pretraining benchmark dataset,False
L1_600,1,General Terms of Service,"note that each owner of intellectual property is responsible for protecting their rights and taking any legal or other action they determine to be appropriate to do so , and evernote does not accept any obligation to take any particular action to enforce or protect any party 's intellectual property rights on their behalf . ",Compliant Term,CLAUDETTE Benchmark (Unfair TOS),Low-risk,mteb/UnfairTOSLegalBenchClassification,https://huggingface.co/datasets/mteb/UnfairTOSLegalBenchClassification,Pretraining benchmark dataset,False
L1_1452,1,General Terms of Service,"under certain circumstances we may also elect to notify you of changes or updates to our terms by additional means , such as pop-up or push notifications within the products or email . ",Compliant Term,CLAUDETTE Benchmark (Unfair TOS),Low-risk,mteb/UnfairTOSLegalBenchClassification,https://huggingface.co/datasets/mteb/UnfairTOSLegalBenchClassification,Pretraining benchmark dataset,False
L1_1892,1,General Terms of Service,where does my data go ? ,Compliant Term,CLAUDETTE Benchmark (Unfair TOS),Low-risk,mteb/UnfairTOSLegalBenchClassification,https://huggingface.co/datasets/mteb/UnfairTOSLegalBenchClassification,Pretraining benchmark dataset,False
L1_1499,1,General Terms of Service,the limitations of liability provided in these terms inure to the benefit of the tripadvisor media group companies . ,Compliant Term,CLAUDETTE Benchmark (Unfair TOS),Low-risk,mteb/UnfairTOSLegalBenchClassification,https://huggingface.co/datasets/mteb/UnfairTOSLegalBenchClassification,Pretraining benchmark dataset,False
L1_307,1,General Terms of Service,this email address may be updated as part of any update to these terms of service . ,Compliant Term,CLAUDETTE Benchmark (Unfair TOS),Low-risk,mteb/UnfairTOSLegalBenchClassification,https://huggingface.co/datasets/mteb/UnfairTOSLegalBenchClassification,Pretraining benchmark dataset,False
L1_137,1,General Terms of Service,"in connection with registering for and using the service , you agree ( i ) to provide accurate , current and complete information about you and/or your organization as requested by duolingo ; ( ii ) to maintain the confidentiality of your password and other information related to the security of your account ; ( iii ) to maintain and promptly update any registration information you provide to duolingo , to keep such information accurate , current and complete ; and ( iv ) to be fully responsible for all use of your account and for any actions that take place through your account . ",Compliant Term,CLAUDETTE Benchmark (Unfair TOS),Low-risk,mteb/UnfairTOSLegalBenchClassification,https://huggingface.co/datasets/mteb/UnfairTOSLegalBenchClassification,Pretraining benchmark dataset,False
L1_1209,1,General Terms of Service,( a ) you may cancel a monthly subscription at any time . ,Compliant Term,CLAUDETTE Benchmark (Unfair TOS),Low-risk,mteb/UnfairTOSLegalBenchClassification,https://huggingface.co/datasets/mteb/UnfairTOSLegalBenchClassification,Pretraining benchmark dataset,False
L1_1820,1,General Terms of Service,"when providing content using the services ( directly or indirectly ) , you grant us a non-exclusive , worldwide , perpetual , irrevocable , royalty-free , sublicensable ( through multiple tiers ) right to exercise any and all intellectual property rights ( as defined above ) you have in that content in connection with our provision , expansion , and promotion of the services , in any media known now or developed in the future . ",Compliant Term,CLAUDETTE Benchmark (Unfair TOS),Low-risk,mteb/UnfairTOSLegalBenchClassification,https://huggingface.co/datasets/mteb/UnfairTOSLegalBenchClassification,Pretraining benchmark dataset,False
L1_716,1,General Terms of Service,digital products must not be used for any other purpose . ,Compliant Term,CLAUDETTE Benchmark (Unfair TOS),Low-risk,mteb/UnfairTOSLegalBenchClassification,https://huggingface.co/datasets/mteb/UnfairTOSLegalBenchClassification,Pretraining benchmark dataset,False
L1_1608,1,General Terms of Service,"5.6 airbnb may offer hosts the option of having professional photographers take photographs of their host services , which are made available by the photographer to hosts to include in their listings with or without a watermark or tag bearing the words `` airbnb.com verified photo '' or similar wording ( `` verified images '' ) . ",Compliant Term,CLAUDETTE Benchmark (Unfair TOS),Low-risk,mteb/UnfairTOSLegalBenchClassification,https://huggingface.co/datasets/mteb/UnfairTOSLegalBenchClassification,Pretraining benchmark dataset,False
L1_10,1,General Terms of Service,you can control most communications from the services . ,Compliant Term,CLAUDETTE Benchmark (Unfair TOS),Low-risk,mteb/UnfairTOSLegalBenchClassification,https://huggingface.co/datasets/mteb/UnfairTOSLegalBenchClassification,Pretraining benchmark dataset,False
L1_1393,1,General Terms of Service,"this is a binding agreement between you , an individual , nintendo co. , ltd. , 11-1 hokotate-cho , kamitoba , minami-ku , kyoto , 601-8501 , japan ( `` ncl '' ) and nintendo of europe gmbh , herriotstrasse 4 , 60528 frankfurt am main , germany , ( `` noe ) . ",Compliant Term,CLAUDETTE Benchmark (Unfair TOS),Low-risk,mteb/UnfairTOSLegalBenchClassification,https://huggingface.co/datasets/mteb/UnfairTOSLegalBenchClassification,Pretraining benchmark dataset,False
L1_1548,1,General Terms of Service,( e ) circumvent any territorial restrictions applied to the products ; or ,Compliant Term,CLAUDETTE Benchmark (Unfair TOS),Low-risk,mteb/UnfairTOSLegalBenchClassification,https://huggingface.co/datasets/mteb/UnfairTOSLegalBenchClassification,Pretraining benchmark dataset,False
L1_397,1,General Terms of Service,"if you have a dispute with one or more users , you release us ( and our affiliates and subsidiaries , and our and their respective officers , directors , employees and agents ) from claims , demands and damages ( actual and consequential ) of every kind and nature , known and unknown , arising out of or in any way connected with such disputes . ",Compliant Term,CLAUDETTE Benchmark (Unfair TOS),Low-risk,mteb/UnfairTOSLegalBenchClassification,https://huggingface.co/datasets/mteb/UnfairTOSLegalBenchClassification,Pretraining benchmark dataset,False
L1_536,1,General Terms of Service,some jurisdictions do not allow the exclusion of certain warranties . ,Compliant Term,CLAUDETTE Benchmark (Unfair TOS),Low-risk,mteb/UnfairTOSLegalBenchClassification,https://huggingface.co/datasets/mteb/UnfairTOSLegalBenchClassification,Pretraining benchmark dataset,False
L1_182,1,General Terms of Service,( f ) use the products in a way that violates this license agreement or the other terms . ,Compliant Term,CLAUDETTE Benchmark (Unfair TOS),Low-risk,mteb/UnfairTOSLegalBenchClassification,https://huggingface.co/datasets/mteb/UnfairTOSLegalBenchClassification,Pretraining benchmark dataset,False
L1_614,1,General Terms of Service,you are entering into this contract with linkedin ( also referred to as `` we '' and `` us '' ) . ,Compliant Term,CLAUDETTE Benchmark (Unfair TOS),Low-risk,mteb/UnfairTOSLegalBenchClassification,https://huggingface.co/datasets/mteb/UnfairTOSLegalBenchClassification,Pretraining benchmark dataset,False
L1_16,1,General Terms of Service,"you agree that linden lab will not be liable for any interruption of the service ( whether intentional or not ) , and you understand that except as may otherwise be specifically provided in linden lab 's billing policies , posted on applicable areas of the service and/or website ( s ) , you will not be entitled to any refunds of fees or other compensation for interruption of service . ",Compliant Term,CLAUDETTE Benchmark (Unfair TOS),Low-risk,mteb/UnfairTOSLegalBenchClassification,https://huggingface.co/datasets/mteb/UnfairTOSLegalBenchClassification,Pretraining benchmark dataset,False
L1_1606,1,General Terms of Service,"you irrevocably waive all rights to seek injunctive or other equitable relief , or to enjoin or restrain the operation of the service or any supercell game , exploitation of any advertising or other materials issued in connection therewith , or exploitation of the service or any content or other material used or displayed through the service and agree to limit your claims to claims for monetary damages , limited by section 7 ( if any ) . ",Compliant Term,CLAUDETTE Benchmark (Unfair TOS),Low-risk,mteb/UnfairTOSLegalBenchClassification,https://huggingface.co/datasets/mteb/UnfairTOSLegalBenchClassification,Pretraining benchmark dataset,False
L1_297,1,General Terms of Service,"you may only use the services to : ( a ) access content on crowdtangle 's platform ; and ( b ) access , manage and obtain content from other platforms ( e.g. , twitter , facebook ) in accordance with these terms of service and any terms specified by those other platforms . ",Compliant Term,CLAUDETTE Benchmark (Unfair TOS),Low-risk,mteb/UnfairTOSLegalBenchClassification,https://huggingface.co/datasets/mteb/UnfairTOSLegalBenchClassification,Pretraining benchmark dataset,False
L1_881,1,General Terms of Service,"by creating an account , you agree that the services may send you informational text ( sms ) messages as part of the normal business operation of your use of the services . ",Compliant Term,CLAUDETTE Benchmark (Unfair TOS),Low-risk,mteb/UnfairTOSLegalBenchClassification,https://huggingface.co/datasets/mteb/UnfairTOSLegalBenchClassification,Pretraining benchmark dataset,False
L1_1187,1,General Terms of Service,"to access or use the services , you must be able to form a binding contract with crowdtangle and you must not be prohibited from receiving the services under united states law or any other applicable laws . ",Compliant Term,CLAUDETTE Benchmark (Unfair TOS),Low-risk,mteb/UnfairTOSLegalBenchClassification,https://huggingface.co/datasets/mteb/UnfairTOSLegalBenchClassification,Pretraining benchmark dataset,False
L1_859,1,General Terms of Service,are there rules about what i can do on the evernote service ? ,Compliant Term,CLAUDETTE Benchmark (Unfair TOS),Low-risk,mteb/UnfairTOSLegalBenchClassification,https://huggingface.co/datasets/mteb/UnfairTOSLegalBenchClassification,Pretraining benchmark dataset,False
L1_1,1,General Terms of Service,"in no event will academia.edu 's aggregate liability arising out of or in connection with these terms or from the use of or inability to use the site , services or collective content exceed the greater of fifty dollars ( $ 50 ) and subscription fees paid by you during the 12 month period before the act giving rise to the liability . ",Compliant Term,CLAUDETTE Benchmark (Unfair TOS),Low-risk,mteb/UnfairTOSLegalBenchClassification,https://huggingface.co/datasets/mteb/UnfairTOSLegalBenchClassification,Pretraining benchmark dataset,False
L1_1702,1,General Terms of Service,"all pictures , graphics , videos , and other visual media displayed on the vimeo service are exempt from 18 u.s.c. § 2257 and 28 c.f.r. 75 because they do not consist of depictions of conduct as specifically listed in 18 u.s.c. § 2256 ( 2 ) ( a ) - ( d ) , but are merely , at most , depictions of non-sexually explicit nudity , or are depictions of simulated sexual conduct , or are otherwise exempt because the visual depictions were created prior to july 3 , 1995 . ",Compliant Term,CLAUDETTE Benchmark (Unfair TOS),Low-risk,mteb/UnfairTOSLegalBenchClassification,https://huggingface.co/datasets/mteb/UnfairTOSLegalBenchClassification,Pretraining benchmark dataset,False
L1_328,1,General Terms of Service,any delivery dates or times provided by us ( or a courier ) are estimates only and are not guaranteed . ,Compliant Term,CLAUDETTE Benchmark (Unfair TOS),Low-risk,mteb/UnfairTOSLegalBenchClassification,https://huggingface.co/datasets/mteb/UnfairTOSLegalBenchClassification,Pretraining benchmark dataset,False
L1_942,1,General Terms of Service,"if any provision of these terms is held to be illegal , invalid or unenforceable , in whole or in part , under any law , such provision or part thereof shall to that extent be deemed not to form part of these terms but the legality , validity and enforceability of the other provisions in these terms shall not be affected . ",Compliant Term,CLAUDETTE Benchmark (Unfair TOS),Low-risk,mteb/UnfairTOSLegalBenchClassification,https://huggingface.co/datasets/mteb/UnfairTOSLegalBenchClassification,Pretraining benchmark dataset,False
L1_779,1,General Terms of Service,( c ) authority of arbitrator . ,Compliant Term,CLAUDETTE Benchmark (Unfair TOS),Low-risk,mteb/UnfairTOSLegalBenchClassification,https://huggingface.co/datasets/mteb/UnfairTOSLegalBenchClassification,Pretraining benchmark dataset,False
L1_1291,1,General Terms of Service,"we want to know if you have a problem so we encourage you to contact our customer support team if you have any concerns with respect to the operation of the service or any evernote software , as we want to ensure that you have an excellent experience . ",Compliant Term,CLAUDETTE Benchmark (Unfair TOS),Low-risk,mteb/UnfairTOSLegalBenchClassification,https://huggingface.co/datasets/mteb/UnfairTOSLegalBenchClassification,Pretraining benchmark dataset,False
L1_1172,1,General Terms of Service,"( vii ) attempt to modify , translate , adapt , edit , decompile , disassemble , or reverse engineer any software programs used by tripadvisor in connection with the website or the services . ",Compliant Term,CLAUDETTE Benchmark (Unfair TOS),Low-risk,mteb/UnfairTOSLegalBenchClassification,https://huggingface.co/datasets/mteb/UnfairTOSLegalBenchClassification,Pretraining benchmark dataset,False
L1_128,1,General Terms of Service,"we may ask you to supply additional information relevant to your transaction , including , without limitation , your credit card number , the expiration date of your credit card , your billing address and additional information to verify your identity before completing your transaction ( such information , `` payment information '' ) . ",Compliant Term,CLAUDETTE Benchmark (Unfair TOS),Low-risk,mteb/UnfairTOSLegalBenchClassification,https://huggingface.co/datasets/mteb/UnfairTOSLegalBenchClassification,Pretraining benchmark dataset,False
L1_1627,1,General Terms of Service,content that is unrelated to the topic of the interactive area ( s ) in which such content is posted ; or ,Compliant Term,CLAUDETTE Benchmark (Unfair TOS),Low-risk,mteb/UnfairTOSLegalBenchClassification,https://huggingface.co/datasets/mteb/UnfairTOSLegalBenchClassification,Pretraining benchmark dataset,False
L1_866,1,General Terms of Service,ratings and reviews are not verified by airbnb for accuracy and may be incorrect or misleading . ,Compliant Term,CLAUDETTE Benchmark (Unfair TOS),Low-risk,mteb/UnfairTOSLegalBenchClassification,https://huggingface.co/datasets/mteb/UnfairTOSLegalBenchClassification,Pretraining benchmark dataset,False
L1_1354,1,General Terms of Service,"you may not incorporate any portion of the amazon software into other programs or compile any portion of it in combination with other programs , or otherwise copy ( except to exercise rights granted in this section ) , modify , create derivative works of , distribute , assign any rights to , or license the amazon software in whole or in part . ",Compliant Term,CLAUDETTE Benchmark (Unfair TOS),Low-risk,mteb/UnfairTOSLegalBenchClassification,https://huggingface.co/datasets/mteb/UnfairTOSLegalBenchClassification,Pretraining benchmark dataset,False
L1_914,1,General Terms of Service,"in such event , the licenses granted by you in this section 2 shall terminate in the manner provided below , but only for those particular copies or instances of content that you have deleted from the service . ",Compliant Term,CLAUDETTE Benchmark (Unfair TOS),Low-risk,mteb/UnfairTOSLegalBenchClassification,https://huggingface.co/datasets/mteb/UnfairTOSLegalBenchClassification,Pretraining benchmark dataset,False
L1_1638,1,General Terms of Service,"to cancel , you can either ( i ) email us at support@academia.edu and follow instructions , if any , we provide to you in response to your cancellation request , or ( ii ) initiate a cancellation through your account settings within the services . ",Compliant Term,CLAUDETTE Benchmark (Unfair TOS),Low-risk,mteb/UnfairTOSLegalBenchClassification,https://huggingface.co/datasets/mteb/UnfairTOSLegalBenchClassification,Pretraining benchmark dataset,False
L1_81,1,General Terms of Service,"request , accept or make any payment for listing fees outside of the airbnb platform or airbnb payments . ",Compliant Term,CLAUDETTE Benchmark (Unfair TOS),Low-risk,mteb/UnfairTOSLegalBenchClassification,https://huggingface.co/datasets/mteb/UnfairTOSLegalBenchClassification,Pretraining benchmark dataset,False
L1_2043,1,General Terms of Service,"reasons for evernote suspending or closing your account may include , without limitation : ( i ) breach or violation of these terms ( including the user guidelines ) or any separate agreement , ( ii ) an extended period of inactivity ( determined in evernote 's sole discretion ) , ( iii ) your nonpayment of any fees or other sums due evernote or any other party related to your use of the service , ( iv ) the discontinuance or material modification of the service ( or any part thereof ) or ( v ) unexpected technical or security issues or problems or extensive unsupported use . ",Compliant Term,CLAUDETTE Benchmark (Unfair TOS),Low-risk,mteb/UnfairTOSLegalBenchClassification,https://huggingface.co/datasets/mteb/UnfairTOSLegalBenchClassification,Pretraining benchmark dataset,False
L1_651,1,General Terms of Service,"the following sections survive any termination of this user agreement : fees , content , disclaimer of warranties ; limitation of liability ; release , indemnity , legal disputes , and general . ",Compliant Term,CLAUDETTE Benchmark (Unfair TOS),Low-risk,mteb/UnfairTOSLegalBenchClassification,https://huggingface.co/datasets/mteb/UnfairTOSLegalBenchClassification,Pretraining benchmark dataset,False
L2_56,2,Gig Contract,"Porter's agreement allows it to share driver KYC documents with 'financial lending institution(s) and/or insurance broker entities,' and the driver explicitly 'foregoes the right to claim any damages from PORTER' arising from any such financial facility, while Porter may withhold dues and terminate the driver if a related dispute arises.",Bundled/non-itemised data-sharing consent; liability waiver,"DPDP Act 2023 (purpose limitation, consent); RBI Digital Lending Directions 2025 (third-party data-sharing rules)",High-risk,Porter — official Services Agreement,https://dom-website-prod-cdn-web.porter.in/partner_tnc_content.pdf,"Appendix A, Clause 7.5. Clause text is verifiable; how it's used in practice would need a separate incident to corroborate.",False
L1_174,1,General Terms of Service,"we expect that any such modifications will enhance the overall service , but it is possible that you may not agree with us . ",Compliant Term,CLAUDETTE Benchmark (Unfair TOS),Low-risk,mteb/UnfairTOSLegalBenchClassification,https://huggingface.co/datasets/mteb/UnfairTOSLegalBenchClassification,Pretraining benchmark dataset,False
L1_353,1,General Terms of Service,"post any information that contains nudity , excessive violence , or offensive subject matter or that contains a link to such content . ",Compliant Term,CLAUDETTE Benchmark (Unfair TOS),Low-risk,mteb/UnfairTOSLegalBenchClassification,https://huggingface.co/datasets/mteb/UnfairTOSLegalBenchClassification,Pretraining benchmark dataset,False
L1_1066,1,General Terms of Service,"if the dispute has a claimed value of not more than $ 250,000 , an arbitration hearing will be conducted , at your election , either by telephone ( or other mutually agreeable remote technology ) or in city and county of san francisco , california . ",Compliant Term,CLAUDETTE Benchmark (Unfair TOS),Low-risk,mteb/UnfairTOSLegalBenchClassification,https://huggingface.co/datasets/mteb/UnfairTOSLegalBenchClassification,Pretraining benchmark dataset,False
L1_643,1,General Terms of Service,"2.3 airbnb may make the access to and use of the airbnb platform , or certain areas or features of the airbnb platform , subject to certain conditions or requirements , such as completing a verification process , meeting specific quality or eligibility criteria , meeting ratings or reviews thresholds , or booking and cancellation history . ",Compliant Term,CLAUDETTE Benchmark (Unfair TOS),Low-risk,mteb/UnfairTOSLegalBenchClassification,https://huggingface.co/datasets/mteb/UnfairTOSLegalBenchClassification,Pretraining benchmark dataset,False
L1_1888,1,General Terms of Service,you further agree that we may replace the invalid part by a provision which reflects or comes closest to the initial intention . ,Compliant Term,CLAUDETTE Benchmark (Unfair TOS),Low-risk,mteb/UnfairTOSLegalBenchClassification,https://huggingface.co/datasets/mteb/UnfairTOSLegalBenchClassification,Pretraining benchmark dataset,False
L1_918,1,General Terms of Service,nothing in this section limits or excludes any liability for fraud . ,Compliant Term,CLAUDETTE Benchmark (Unfair TOS),Low-risk,mteb/UnfairTOSLegalBenchClassification,https://huggingface.co/datasets/mteb/UnfairTOSLegalBenchClassification,Pretraining benchmark dataset,False
L1_109,1,General Terms of Service,we will get your consent if we want to give third parties the right to publish your posts beyond the service . ,Compliant Term,CLAUDETTE Benchmark (Unfair TOS),Low-risk,mteb/UnfairTOSLegalBenchClassification,https://huggingface.co/datasets/mteb/UnfairTOSLegalBenchClassification,Pretraining benchmark dataset,False
L1_1738,1,General Terms of Service,"you understand and agree that you may be required to enter into a separate rental agreement with an advertiser before making a reservation or purchasing a product or service , and such an agreement may place additional restrictions on your reservation , product or service . ",Compliant Term,CLAUDETTE Benchmark (Unfair TOS),Low-risk,mteb/UnfairTOSLegalBenchClassification,https://huggingface.co/datasets/mteb/UnfairTOSLegalBenchClassification,Pretraining benchmark dataset,False
L3_45,3,Loan App / Fintech,Platform tracks behavioral analytics and serves targeted financial advertisements to users identified as under 18 years of age. Enforced in all operating regions.,Unlawful tracking of minors,DPDP Act 2023,High-risk,RakshakAI Synthetic Generator (Layer 3),internal://synthetic_layer3,Synthetic clause generated for DPDP Act 2023 §9 (Processing of Children Data),False
L1_91,1,General Terms of Service,i/we ( * ) hereby give notice that i/we ( * ) cancel my/our ( * ) contract of sale of the following goods ( * ) / for the provision of the following service ( * ) : ,Compliant Term,CLAUDETTE Benchmark (Unfair TOS),Low-risk,mteb/UnfairTOSLegalBenchClassification,https://huggingface.co/datasets/mteb/UnfairTOSLegalBenchClassification,Pretraining benchmark dataset,False
L1_57,1,General Terms of Service,"you agree that the license includes the right to copy , analyze and use any of your content as linden lab may deem necessary or desirable for purposes of debugging , testing , or providing support or development services in connection with the service and future improvements to the service . ",Compliant Term,CLAUDETTE Benchmark (Unfair TOS),Low-risk,mteb/UnfairTOSLegalBenchClassification,https://huggingface.co/datasets/mteb/UnfairTOSLegalBenchClassification,Pretraining benchmark dataset,False
L1_1450,1,General Terms of Service,"except as otherwise provided , the licence for a digital product is tied to your nintendo account and allows you to use the digital product only on one user device you have linked to your nintendo account and to which the digital product has been downloaded . ",Compliant Term,CLAUDETTE Benchmark (Unfair TOS),Low-risk,mteb/UnfairTOSLegalBenchClassification,https://huggingface.co/datasets/mteb/UnfairTOSLegalBenchClassification,Pretraining benchmark dataset,False
L1_1764,1,General Terms of Service,"please note that if you purchase a subscription through the apple itunes store or our iphone application , the sale is final , and we will not provide a refund . ",Compliant Term,CLAUDETTE Benchmark (Unfair TOS),Low-risk,mteb/UnfairTOSLegalBenchClassification,https://huggingface.co/datasets/mteb/UnfairTOSLegalBenchClassification,Pretraining benchmark dataset,False
L1_534,1,General Terms of Service,"in the service , you may purchase , with `` real world '' money , a limited , personal , non-transferable , non-sublicensable , revocable license to use ( a ) `` virtual currency , '' including but not limited to virtual gems , solely for use in the service , and ( b ) `` virtual in-app items '' ( together with `` virtual currency , '' `` virtual items '' ) . ",Compliant Term,CLAUDETTE Benchmark (Unfair TOS),Low-risk,mteb/UnfairTOSLegalBenchClassification,https://huggingface.co/datasets/mteb/UnfairTOSLegalBenchClassification,Pretraining benchmark dataset,False
L4_19,4,Loan App / Fintech,Detailed breakdown of interest matrices and administrative surcharges will be made accessible within user profile menus following disbursement.,Omission of KFS,RBI Digital Lending Directions,High-risk,RakshakAI Adversarial Rewriter (Layer 4),internal://adversarial_layer4,Disguised phrasing rewrite requiring human review,True
L1_1314,1,General Terms of Service,"in particular , to the fullest extent permitted by law , we make no representation or warranties about the accuracy , completeness , or suitability for any purpose of the advice , other materials and information published as part of the products . ",Compliant Term,CLAUDETTE Benchmark (Unfair TOS),Low-risk,mteb/UnfairTOSLegalBenchClassification,https://huggingface.co/datasets/mteb/UnfairTOSLegalBenchClassification,Pretraining benchmark dataset,False
L3_31,3,Loan App / Fintech,"App installation mandates unrestricted access to phone gallery, media files, and contact lists as a prerequisite for loan eligibility.",Excessive permission harvesting,DPDP Act 2023,High-risk,RakshakAI Synthetic Generator (Layer 3),internal://synthetic_layer3,Synthetic clause generated for DPDP Act 2023 §6 (Data Minimisation),False
L1_273,1,General Terms of Service,"so if you apply for a job through our service or opt to signal that you are interested in a job , our default is to share it only with the job poster . ",Compliant Term,CLAUDETTE Benchmark (Unfair TOS),Low-risk,mteb/UnfairTOSLegalBenchClassification,https://huggingface.co/datasets/mteb/UnfairTOSLegalBenchClassification,Pretraining benchmark dataset,False
L1_916,1,General Terms of Service,"you shall not create an account or access the service if you are under the age of 13 ; you shall restrict use by minors , and you will deny access to children under the age of 13 . ",Compliant Term,CLAUDETTE Benchmark (Unfair TOS),Low-risk,mteb/UnfairTOSLegalBenchClassification,https://huggingface.co/datasets/mteb/UnfairTOSLegalBenchClassification,Pretraining benchmark dataset,False
L1_1735,1,General Terms of Service,"you must send your opt-out notice to one of the following physical or email addresses : headspace , inc. , attn : arbitration opt-out , 2415 michigan avenue , santa monica , ca 90404 ; adr@headspace.com ",Compliant Term,CLAUDETTE Benchmark (Unfair TOS),Low-risk,mteb/UnfairTOSLegalBenchClassification,https://huggingface.co/datasets/mteb/UnfairTOSLegalBenchClassification,Pretraining benchmark dataset,False
L1_1006,1,General Terms of Service,"this may include the opportunity for you to link your fitbit account , fitbit data , or the fitbit service with third-party services . ",Compliant Term,CLAUDETTE Benchmark (Unfair TOS),Low-risk,mteb/UnfairTOSLegalBenchClassification,https://huggingface.co/datasets/mteb/UnfairTOSLegalBenchClassification,Pretraining benchmark dataset,False
L1_1845,1,General Terms of Service,"you and your nonprofit acknowledge that listing a social impact experience does not create a commercial fundraising or co-venturer , or charitable trust relationship with airbnb and airbnb is not a professional fundraiser or commercial participator . ",Compliant Term,CLAUDETTE Benchmark (Unfair TOS),Low-risk,mteb/UnfairTOSLegalBenchClassification,https://huggingface.co/datasets/mteb/UnfairTOSLegalBenchClassification,Pretraining benchmark dataset,False
L1_702,1,General Terms of Service,"7.4.1 airbnb may enable hosts to authorize other members ( `` co-hosts '' ) to administer the host 's listing ( s ) , and to bind the host and take certain actions in relation to the listing ( s ) as permitted by the host , such as accepting booking requests , messaging and welcoming guests , and updating the listing fee and calendar availability ( collectively , `` co-host services '' ) . ",Compliant Term,CLAUDETTE Benchmark (Unfair TOS),Low-risk,mteb/UnfairTOSLegalBenchClassification,https://huggingface.co/datasets/mteb/UnfairTOSLegalBenchClassification,Pretraining benchmark dataset,False
L1_2019,1,General Terms of Service,"if your access to or use of the airbnb platform has been limited or your airbnb account has been suspended or this agreement has been terminated by us , you may not register a new airbnb account or access and use the airbnb platform through an airbnb account of another member . ",Compliant Term,CLAUDETTE Benchmark (Unfair TOS),Low-risk,mteb/UnfairTOSLegalBenchClassification,https://huggingface.co/datasets/mteb/UnfairTOSLegalBenchClassification,Pretraining benchmark dataset,False
L1_487,1,General Terms of Service,you may not use any meta tags or any other `` hidden text '' utilizing amazon 's name or trademarks without the express written consent of amazon . ,Compliant Term,CLAUDETTE Benchmark (Unfair TOS),Low-risk,mteb/UnfairTOSLegalBenchClassification,https://huggingface.co/datasets/mteb/UnfairTOSLegalBenchClassification,Pretraining benchmark dataset,False
L1_1122,1,General Terms of Service,"airbnb may without restriction assign , transfer or delegate this agreement and any rights and obligations hereunder , at its sole discretion , with 30 days prior notice . ",Compliant Term,CLAUDETTE Benchmark (Unfair TOS),Low-risk,mteb/UnfairTOSLegalBenchClassification,https://huggingface.co/datasets/mteb/UnfairTOSLegalBenchClassification,Pretraining benchmark dataset,False
L1_334,1,General Terms of Service,tripadvisor does not knowingly collect the information of anyone under the age of 13 . ,Compliant Term,CLAUDETTE Benchmark (Unfair TOS),Low-risk,mteb/UnfairTOSLegalBenchClassification,https://huggingface.co/datasets/mteb/UnfairTOSLegalBenchClassification,Pretraining benchmark dataset,False
L1_1361,1,General Terms of Service,"therefore , you should review this agreement and any additional terms on a regular and frequent basis . ",Compliant Term,CLAUDETTE Benchmark (Unfair TOS),Low-risk,mteb/UnfairTOSLegalBenchClassification,https://huggingface.co/datasets/mteb/UnfairTOSLegalBenchClassification,Pretraining benchmark dataset,False
L1_1421,1,General Terms of Service,"if you decide to register through an sns , we will extract the personal information you have provided to the sns ( such as your `` real '' name , email address and other information you make publicly available via the sns ) from the account you have with the applicable sns and use that information to create your account . ",Compliant Term,CLAUDETTE Benchmark (Unfair TOS),Low-risk,mteb/UnfairTOSLegalBenchClassification,https://huggingface.co/datasets/mteb/UnfairTOSLegalBenchClassification,Pretraining benchmark dataset,False
L1_511,1,General Terms of Service,"5.3 you will not use , copy , adapt , modify , prepare derivative works of , distribute , license , sell , transfer , publicly display , publicly perform , transmit , broadcast or otherwise exploit the airbnb platform or collective content , except to the extent you are the legal owner of certain member content or as expressly permitted in these terms . ",Compliant Term,CLAUDETTE Benchmark (Unfair TOS),Low-risk,mteb/UnfairTOSLegalBenchClassification,https://huggingface.co/datasets/mteb/UnfairTOSLegalBenchClassification,Pretraining benchmark dataset,False
L1_424,1,General Terms of Service,"if there is a conflict between these terms and terms and conditions applicable to a specific area or feature of the airbnb platform , the latter terms and conditions will take precedence with respect to your access to or use of that area or feature , unless specified otherwise . ",Compliant Term,CLAUDETTE Benchmark (Unfair TOS),Low-risk,mteb/UnfairTOSLegalBenchClassification,https://huggingface.co/datasets/mteb/UnfairTOSLegalBenchClassification,Pretraining benchmark dataset,False
L1_2039,1,General Terms of Service,you are responsible for anything that happens through your account . ,Compliant Term,CLAUDETTE Benchmark (Unfair TOS),Low-risk,mteb/UnfairTOSLegalBenchClassification,https://huggingface.co/datasets/mteb/UnfairTOSLegalBenchClassification,Pretraining benchmark dataset,False
L1_853,1,General Terms of Service,"you agree to pay all amounts sent through the resolution center in connection with your airbnb account , and airbnb payments will handle all such payments pursuant to the payments terms . ",Compliant Term,CLAUDETTE Benchmark (Unfair TOS),Low-risk,mteb/UnfairTOSLegalBenchClassification,https://huggingface.co/datasets/mteb/UnfairTOSLegalBenchClassification,Pretraining benchmark dataset,False
L1_1270,1,General Terms of Service,all software used in any amazon service is the property of amazon or its software suppliers and is protected by united states and international copyright laws . ,Compliant Term,CLAUDETTE Benchmark (Unfair TOS),Low-risk,mteb/UnfairTOSLegalBenchClassification,https://huggingface.co/datasets/mteb/UnfairTOSLegalBenchClassification,Pretraining benchmark dataset,False
L1_453,1,General Terms of Service,"you are only allowed to purchase virtual items from us or our authorised partners through the service , and not in any other way . ",Compliant Term,CLAUDETTE Benchmark (Unfair TOS),Low-risk,mteb/UnfairTOSLegalBenchClassification,https://huggingface.co/datasets/mteb/UnfairTOSLegalBenchClassification,Pretraining benchmark dataset,False
L1_123,1,General Terms of Service,"199 fremont street , 14th floor ",Compliant Term,CLAUDETTE Benchmark (Unfair TOS),Low-risk,mteb/UnfairTOSLegalBenchClassification,https://huggingface.co/datasets/mteb/UnfairTOSLegalBenchClassification,Pretraining benchmark dataset,False
L1_993,1,General Terms of Service,linkedin generally does not review content provided by our members or others . ,Compliant Term,CLAUDETTE Benchmark (Unfair TOS),Low-risk,mteb/UnfairTOSLegalBenchClassification,https://huggingface.co/datasets/mteb/UnfairTOSLegalBenchClassification,Pretraining benchmark dataset,False
L1_1448,1,General Terms of Service,"4.1 you must establish an account to use certain aspects of the service , using true and accurate registration information . ",Compliant Term,CLAUDETTE Benchmark (Unfair TOS),Low-risk,mteb/UnfairTOSLegalBenchClassification,https://huggingface.co/datasets/mteb/UnfairTOSLegalBenchClassification,Pretraining benchmark dataset,False
L1_1011,1,General Terms of Service,"as the nintendo account service is for your own personal recreational and non-commercial use , we are also not responsible for any loss of profit , loss of business , business interruption , loss of data or loss of business opportunity . ",Compliant Term,CLAUDETTE Benchmark (Unfair TOS),Low-risk,mteb/UnfairTOSLegalBenchClassification,https://huggingface.co/datasets/mteb/UnfairTOSLegalBenchClassification,Pretraining benchmark dataset,False
L1_1901,1,General Terms of Service,"11.3 members agree to cooperate with and assist airbnb in good faith , and to provide airbnb with such information and take such actions as may be reasonably requested by airbnb , in connection with any damage claims or other complaints or claims made by members relating to accommodations or any personal or other property located at an accommodation ( including , without limitation , payment requests made under the airbnb host guarantee ) , experiences , or co-host agreements . ",Compliant Term,CLAUDETTE Benchmark (Unfair TOS),Low-risk,mteb/UnfairTOSLegalBenchClassification,https://huggingface.co/datasets/mteb/UnfairTOSLegalBenchClassification,Pretraining benchmark dataset,False
L1_1370,1,General Terms of Service,"please review our other policies , such as our pricing policy , posted on this site . ",Compliant Term,CLAUDETTE Benchmark (Unfair TOS),Low-risk,mteb/UnfairTOSLegalBenchClassification,https://huggingface.co/datasets/mteb/UnfairTOSLegalBenchClassification,Pretraining benchmark dataset,False
L1_1274,1,General Terms of Service,"all right , title , and interest in and to the services ( excluding content provided by users ) are and will remain the exclusive property of twitter and its licensors . ",Compliant Term,CLAUDETTE Benchmark (Unfair TOS),Low-risk,mteb/UnfairTOSLegalBenchClassification,https://huggingface.co/datasets/mteb/UnfairTOSLegalBenchClassification,Pretraining benchmark dataset,False
L1_1470,1,General Terms of Service,"all parties to the arbitration will have the right , at their own expense , to be represented by an attorney or other advocate of their choosing . ",Compliant Term,CLAUDETTE Benchmark (Unfair TOS),Low-risk,mteb/UnfairTOSLegalBenchClassification,https://huggingface.co/datasets/mteb/UnfairTOSLegalBenchClassification,Pretraining benchmark dataset,False
L1_599,1,General Terms of Service,• manipulate the price of any item or interfere with any other user 's listings ; ,Compliant Term,CLAUDETTE Benchmark (Unfair TOS),Low-risk,mteb/UnfairTOSLegalBenchClassification,https://huggingface.co/datasets/mteb/UnfairTOSLegalBenchClassification,Pretraining benchmark dataset,False
L1_1457,1,General Terms of Service,"you will not use the services in a way that could interfere with , disrupt , negatively affect , or inhibit other users from fully enjoying the services , or that could damage , disable , overburden , or impair the functioning of the services . ",Compliant Term,CLAUDETTE Benchmark (Unfair TOS),Low-risk,mteb/UnfairTOSLegalBenchClassification,https://huggingface.co/datasets/mteb/UnfairTOSLegalBenchClassification,Pretraining benchmark dataset,False
L1_1518,1,General Terms of Service,"governing law : this agreement shall be governed by the laws of the state of new york , united states of america , without regard to principles of conflicts of law . ",Compliant Term,CLAUDETTE Benchmark (Unfair TOS),Low-risk,mteb/UnfairTOSLegalBenchClassification,https://huggingface.co/datasets/mteb/UnfairTOSLegalBenchClassification,Pretraining benchmark dataset,False
L1_624,1,General Terms of Service,changes to terms of use . ,Compliant Term,CLAUDETTE Benchmark (Unfair TOS),Low-risk,mteb/UnfairTOSLegalBenchClassification,https://huggingface.co/datasets/mteb/UnfairTOSLegalBenchClassification,Pretraining benchmark dataset,False
L1_876,1,General Terms of Service,oculus reserves the right to change or modify these terms in the future at any time and at our sole discretion . ,Compliant Term,CLAUDETTE Benchmark (Unfair TOS),Low-risk,mteb/UnfairTOSLegalBenchClassification,https://huggingface.co/datasets/mteb/UnfairTOSLegalBenchClassification,Pretraining benchmark dataset,False
L2_22,2,Gig Contract,"Across four consecutive years of independent assessment (2021-2024), no platform among 11-12 major Indian gig platforms provided sufficient evidence of recognising a collective worker body or trade union.",Absence of worker representation mechanism,Fair Representation principle (Fairwork India methodology),High-risk,Fairwork India Reports 2021-2024,https://fair.work/en/fw/blog/fairwork-india-report-2023-examining-working-conditions-of-workers-on-digital-labour-platforms/,Aggregate finding across multiple annual reports.,False
L1_1213,1,General Terms of Service,the dispute will not be consolidated with any other matters or joined with any other cases or parties . ,Compliant Term,CLAUDETTE Benchmark (Unfair TOS),Low-risk,mteb/UnfairTOSLegalBenchClassification,https://huggingface.co/datasets/mteb/UnfairTOSLegalBenchClassification,Pretraining benchmark dataset,False
L3_37,3,Loan App / Fintech,App only requests essential permissions required for one-time KYC verification (camera for document capture and location for geo-tagging). Applicable across all digital channels.,Compliant data minimisation,DPDP Act 2023,Low-risk,RakshakAI Synthetic Generator (Layer 3),internal://synthetic_layer3,Synthetic clause generated for DPDP Act 2023 §6 (Data Minimisation),False
L3_68,3,Loan App / Fintech,"A detailed Key Fact Statement stating the Annual Percentage Rate (APR), total cost of credit, repayment schedule, and fee breakdown is presented before agreement signature. Pursuant to updated statutory terms.",Compliant Key Fact Statement,RBI Digital Lending Directions,Low-risk,RakshakAI Synthetic Generator (Layer 3),internal://synthetic_layer3,Synthetic clause generated for RBI Digital Lending Guidelines 2022,False
L1_1768,1,General Terms of Service,"to begin an arbitration proceeding , you must send a letter requesting arbitration and describing your claim to our registered agent corporation service company , 300 deschutes way sw , suite 304 , tumwater , wa 98501 . ",Compliant Term,CLAUDETTE Benchmark (Unfair TOS),Low-risk,mteb/UnfairTOSLegalBenchClassification,https://huggingface.co/datasets/mteb/UnfairTOSLegalBenchClassification,Pretraining benchmark dataset,False
L1_1979,1,General Terms of Service,"to the fullest extent permitted by applicable law , you and duolingo each agree that any dispute resolution proceeding will be conducted only on an individual basis and not in a class , consolidated or representative action . ",Compliant Term,CLAUDETTE Benchmark (Unfair TOS),Low-risk,mteb/UnfairTOSLegalBenchClassification,https://huggingface.co/datasets/mteb/UnfairTOSLegalBenchClassification,Pretraining benchmark dataset,False
L3_57,3,Loan App / Fintech,All loan disbursements and repayments are executed directly between the borrower's bank account and the regulated lender's bank account. Applicable across all digital channels.,Compliant direct fund transfer,RBI Digital Lending Directions,Low-risk,RakshakAI Synthetic Generator (Layer 3),internal://synthetic_layer3,Synthetic clause generated for RBI Digital Lending Guidelines 2022,False
L1_1251,1,General Terms of Service,2.2 you will comply with any applicable export control laws in your local jurisdiction . ,Compliant Term,CLAUDETTE Benchmark (Unfair TOS),Low-risk,mteb/UnfairTOSLegalBenchClassification,https://huggingface.co/datasets/mteb/UnfairTOSLegalBenchClassification,Pretraining benchmark dataset,False
L1_1282,1,General Terms of Service,"the arbitrator 's award shall be final and binding and judgment on the award rendered by the arbitrator may be entered in any court possessing jurisdiction over the parties , except for a limited right of appeal under the federal arbitration act . ",Compliant Term,CLAUDETTE Benchmark (Unfair TOS),Low-risk,mteb/UnfairTOSLegalBenchClassification,https://huggingface.co/datasets/mteb/UnfairTOSLegalBenchClassification,Pretraining benchmark dataset,False
L1_1577,1,General Terms of Service,"subject to the terms and conditions set out in these terms of service , you are hereby granted a non-exclusive , limited , non-transferable , freely revocable license to use the services for your internal business purposes . ",Compliant Term,CLAUDETTE Benchmark (Unfair TOS),Low-risk,mteb/UnfairTOSLegalBenchClassification,https://huggingface.co/datasets/mteb/UnfairTOSLegalBenchClassification,Pretraining benchmark dataset,False
L1_1397,1,General Terms of Service,"except as otherwise agreed upon , if we enable the use of software , content , virtual items or other materials owned or licensed by us ( `` software and content '' ) , we hereby grant you a limited , non-exclusive , non-sublicensable licence to access , install and use the software and content solely for personal and non-commercial purposes , conditioned on your compliance with these terms . ",Compliant Term,CLAUDETTE Benchmark (Unfair TOS),Low-risk,mteb/UnfairTOSLegalBenchClassification,https://huggingface.co/datasets/mteb/UnfairTOSLegalBenchClassification,Pretraining benchmark dataset,False
L1_214,1,General Terms of Service,charges will be inclusive of applicable taxes where required by law . ,Compliant Term,CLAUDETTE Benchmark (Unfair TOS),Low-risk,mteb/UnfairTOSLegalBenchClassification,https://huggingface.co/datasets/mteb/UnfairTOSLegalBenchClassification,Pretraining benchmark dataset,False
L1_1756,1,General Terms of Service,you are solely responsible for maintaining the confidentiality of your password and for restricting access to your internet device . ,Compliant Term,CLAUDETTE Benchmark (Unfair TOS),Low-risk,mteb/UnfairTOSLegalBenchClassification,https://huggingface.co/datasets/mteb/UnfairTOSLegalBenchClassification,Pretraining benchmark dataset,False
L1_1525,1,General Terms of Service,crowdtangle reserves the right to refuse to provide the services to anyone for any reason at any time . ,Compliant Term,CLAUDETTE Benchmark (Unfair TOS),Low-risk,mteb/UnfairTOSLegalBenchClassification,https://huggingface.co/datasets/mteb/UnfairTOSLegalBenchClassification,Pretraining benchmark dataset,False
L1_915,1,General Terms of Service,you are responsible for any use of your credit card or other payment instrument ( e.g. paypal ) by minors . ,Compliant Term,CLAUDETTE Benchmark (Unfair TOS),Low-risk,mteb/UnfairTOSLegalBenchClassification,https://huggingface.co/datasets/mteb/UnfairTOSLegalBenchClassification,Pretraining benchmark dataset,False
L1_522,1,General Terms of Service,"11.5 the applicable law and venue is in san francisco , california . ",Compliant Term,CLAUDETTE Benchmark (Unfair TOS),Low-risk,mteb/UnfairTOSLegalBenchClassification,https://huggingface.co/datasets/mteb/UnfairTOSLegalBenchClassification,Pretraining benchmark dataset,False
L1_331,1,General Terms of Service,we may suspend or terminate your use of the products as a result of your fraud or breach of any obligation under these terms . ,Compliant Term,CLAUDETTE Benchmark (Unfair TOS),Low-risk,mteb/UnfairTOSLegalBenchClassification,https://huggingface.co/datasets/mteb/UnfairTOSLegalBenchClassification,Pretraining benchmark dataset,False
L1_1218,1,General Terms of Service,"4.1 you agree not to upload , post , email or otherwise send or transmit or introduce any material that contains software viruses or any other computer code , files or programs designed to interrupt , harm , damage , destroy or limit the functionality of any computer software or hardware or equipment linked directly or indirectly with the products or the products themselves . ",Compliant Term,CLAUDETTE Benchmark (Unfair TOS),Low-risk,mteb/UnfairTOSLegalBenchClassification,https://huggingface.co/datasets/mteb/UnfairTOSLegalBenchClassification,Pretraining benchmark dataset,False
L1_1135,1,General Terms of Service,"• access , tamper with , or use non-public areas of the site , academia.edu 's computer systems , or the technical delivery systems of academia.edu 's providers ; ",Compliant Term,CLAUDETTE Benchmark (Unfair TOS),Low-risk,mteb/UnfairTOSLegalBenchClassification,https://huggingface.co/datasets/mteb/UnfairTOSLegalBenchClassification,Pretraining benchmark dataset,False
L1_1048,1,General Terms of Service,"for examples of such additional terms , please see section 12 below . ",Compliant Term,CLAUDETTE Benchmark (Unfair TOS),Low-risk,mteb/UnfairTOSLegalBenchClassification,https://huggingface.co/datasets/mteb/UnfairTOSLegalBenchClassification,Pretraining benchmark dataset,False
L1_376,1,General Terms of Service,you further grant tripadvisor the right to pursue at law any person or entity that violates your or tripadvisor 's rights in the submissions by a breach of this agreement . ,Compliant Term,CLAUDETTE Benchmark (Unfair TOS),Low-risk,mteb/UnfairTOSLegalBenchClassification,https://huggingface.co/datasets/mteb/UnfairTOSLegalBenchClassification,Pretraining benchmark dataset,False
L3_81,3,Loan App / Fintech,Recovery agents initiate calls and automated collection messages to borrowers between 10:00 PM and 6:00 AM.,Harassment outside permitted hours,RBI Fair Practices Code,High-risk,RakshakAI Synthetic Generator (Layer 3),internal://synthetic_layer3,Synthetic clause generated for RBI Digital Lending Guidelines 2022,False
L1_1810,1,General Terms of Service,the site and services are intended solely for persons who are 13 years of age or older . ,Compliant Term,CLAUDETTE Benchmark (Unfair TOS),Low-risk,mteb/UnfairTOSLegalBenchClassification,https://huggingface.co/datasets/mteb/UnfairTOSLegalBenchClassification,Pretraining benchmark dataset,False
L1_1594,1,General Terms of Service,"these terms and any document expressly referred to in them constitute the whole agreement between us and supersede all previous discussions , correspondence , negotiations , previous arrangement , understanding or agreement between us relating to their subject matter . ",Compliant Term,CLAUDETTE Benchmark (Unfair TOS),Low-risk,mteb/UnfairTOSLegalBenchClassification,https://huggingface.co/datasets/mteb/UnfairTOSLegalBenchClassification,Pretraining benchmark dataset,False
L1_404,1,General Terms of Service,"in order for you to download and use digital products via the nintendo shopping services , a licence for the respective digital product needs to be registered . ",Compliant Term,CLAUDETTE Benchmark (Unfair TOS),Low-risk,mteb/UnfairTOSLegalBenchClassification,https://huggingface.co/datasets/mteb/UnfairTOSLegalBenchClassification,Pretraining benchmark dataset,False
L1_674,1,General Terms of Service,"duolingo 's liability to you or any third party claiming through you for any cause whatsoever , and regardless of the form of the action , is limited to the amount paid , if any , by you to duolingo for the service in the 12 months prior to the initial action giving rise to liability . ",Compliant Term,CLAUDETTE Benchmark (Unfair TOS),Low-risk,mteb/UnfairTOSLegalBenchClassification,https://huggingface.co/datasets/mteb/UnfairTOSLegalBenchClassification,Pretraining benchmark dataset,False
L3_109,3,Gig Contract,Platform provides a minimum 14 days written notice specifying objective grounds and an appeal process prior to account deactivation. Subject to regulatory audit.,Compliant deactivation notice,Karnataka/Rajasthan Gig Worker Acts,Low-risk,RakshakAI Synthetic Generator (Layer 3),internal://synthetic_layer3,Synthetic clause generated for Gig Worker Legislation,False
L1_46,1,General Terms of Service,"by submitting suggestions or other feedback regarding our services to linkedin , you agree that linkedin can use and share ( but does not have to ) such feedback for any purpose without compensation to you . ",Compliant Term,CLAUDETTE Benchmark (Unfair TOS),Low-risk,mteb/UnfairTOSLegalBenchClassification,https://huggingface.co/datasets/mteb/UnfairTOSLegalBenchClassification,Pretraining benchmark dataset,False
L1_721,1,General Terms of Service,"we do not in any way exclude or limit our liability for : intent or gross negligence ; death or personal injury ; fraud or fraudulent misrepresentation ; any breach of the terms implied by law relating to our title to the nintendo intellectual property ; any breach of the terms implied by law relating to the description , satisfactory quality and fitness for purpose of products which may be offered via the nintendo account service ; and product liability . ",Compliant Term,CLAUDETTE Benchmark (Unfair TOS),Low-risk,mteb/UnfairTOSLegalBenchClassification,https://huggingface.co/datasets/mteb/UnfairTOSLegalBenchClassification,Pretraining benchmark dataset,False
L1_1272,1,General Terms of Service,"`` third-party services '' refers to any applications , software , add-on content , services , websites , portals , data and other digital content provided by third parties that may be accessible via the nintendo account service , but that are not operated by nintendo and that allow users to access or register games , applications , software and other digital content of third parties independently from the nintendo account under the terms established by third parties . ",Compliant Term,CLAUDETTE Benchmark (Unfair TOS),Low-risk,mteb/UnfairTOSLegalBenchClassification,https://huggingface.co/datasets/mteb/UnfairTOSLegalBenchClassification,Pretraining benchmark dataset,False
L1_2003,1,General Terms of Service,"code § 1789.3 , you may report complaints to the complaint assistance unit of the division of consumer services of the california department of consumer affairs by contacting them in writing at 400 r street , sacramento , ca 95814 , or by telephone at (800) 952-5210 . ",Compliant Term,CLAUDETTE Benchmark (Unfair TOS),Low-risk,mteb/UnfairTOSLegalBenchClassification,https://huggingface.co/datasets/mteb/UnfairTOSLegalBenchClassification,Pretraining benchmark dataset,False
L1_529,1,General Terms of Service,you may cancel your account at any time by visiting your account settings page and clicking on `` remove '' or by sending an email to feedback@academia.edu . ,Compliant Term,CLAUDETTE Benchmark (Unfair TOS),Low-risk,mteb/UnfairTOSLegalBenchClassification,https://huggingface.co/datasets/mteb/UnfairTOSLegalBenchClassification,Pretraining benchmark dataset,False
L3_4,3,Loan App / Fintech,The app processes applicant personal data without providing itemised prior notice of data categories collected. Subject to regulatory audit.,Unconsented data processing,DPDP Act 2023,High-risk,RakshakAI Synthetic Generator (Layer 3),internal://synthetic_layer3,Synthetic clause generated for DPDP Act 2023 §5 (Notice),False
L1_798,1,General Terms of Service,ebay will send any notice to you to the physical address we have on file associated with your ebay account ; it is your responsibility to keep your physical address up to date . ,Compliant Term,CLAUDETTE Benchmark (Unfair TOS),Low-risk,mteb/UnfairTOSLegalBenchClassification,https://huggingface.co/datasets/mteb/UnfairTOSLegalBenchClassification,Pretraining benchmark dataset,False
L1_452,1,General Terms of Service,we make no representations or warranties that the services are appropriate or available for use in other locations . ,Compliant Term,CLAUDETTE Benchmark (Unfair TOS),Low-risk,mteb/UnfairTOSLegalBenchClassification,https://huggingface.co/datasets/mteb/UnfairTOSLegalBenchClassification,Pretraining benchmark dataset,False
L1_1538,1,General Terms of Service,"you and academia.edu agree that any dispute , claim or controversy arising out of or relating to these terms or the breach , termination , enforcement , interpretation or validity thereof or the use of the site or services ( collectively , `` disputes '' ) will be settled by binding arbitration , except that each party retains the right : ( i ) to bring an individual action in small claims court and ( ii ) to seek injunctive or other equitable relief in a court of competent jurisdiction to prevent the actual or threatened infringement , misappropriation or violation of a party 's copyrights , trademarks , trade secrets , patents or other intellectual property rights ( the action described in the foregoing clause ( ii ) , an `` ip protection action '' ) . ",Compliant Term,CLAUDETTE Benchmark (Unfair TOS),Low-risk,mteb/UnfairTOSLegalBenchClassification,https://huggingface.co/datasets/mteb/UnfairTOSLegalBenchClassification,Pretraining benchmark dataset,False
L1_75,1,General Terms of Service,• that vimeo will continue to support any particular feature of the vimeo service ; or ,Compliant Term,CLAUDETTE Benchmark (Unfair TOS),Low-risk,mteb/UnfairTOSLegalBenchClassification,https://huggingface.co/datasets/mteb/UnfairTOSLegalBenchClassification,Pretraining benchmark dataset,False
L3_16,3,Loan App / Fintech,"User personal and credit data is strictly restricted to credit assessment and loan servicing, and is never shared for marketing.",Compliant purpose limitation,DPDP Act 2023,Low-risk,RakshakAI Synthetic Generator (Layer 3),internal://synthetic_layer3,Synthetic clause generated for DPDP Act 2023 §6 (Purpose Limitation),False
L1_816,1,General Terms of Service,"if you do n't provide academia.edu with an arbitration opt-out notice within the thirty ( 30 ) day period , you will be deemed to have knowingly and intentionally waived your right to litigate any dispute except for litigable actions . ",Compliant Term,CLAUDETTE Benchmark (Unfair TOS),Low-risk,mteb/UnfairTOSLegalBenchClassification,https://huggingface.co/datasets/mteb/UnfairTOSLegalBenchClassification,Pretraining benchmark dataset,False
L1_1311,1,General Terms of Service,"and just as with our other services , your use of memories may take up space on your device and may incur mobile data charges . ",Compliant Term,CLAUDETTE Benchmark (Unfair TOS),Low-risk,mteb/UnfairTOSLegalBenchClassification,https://huggingface.co/datasets/mteb/UnfairTOSLegalBenchClassification,Pretraining benchmark dataset,False
L1_514,1,General Terms of Service,"account security : you are responsible for all activity that occurs under your account , including any activity by authorized or unauthorized users . ",Compliant Term,CLAUDETTE Benchmark (Unfair TOS),Low-risk,mteb/UnfairTOSLegalBenchClassification,https://huggingface.co/datasets/mteb/UnfairTOSLegalBenchClassification,Pretraining benchmark dataset,False
L1_1573,1,General Terms of Service,a system or software update may be required to fully enjoy all features of the nintendo account service . ,Compliant Term,CLAUDETTE Benchmark (Unfair TOS),Low-risk,mteb/UnfairTOSLegalBenchClassification,https://huggingface.co/datasets/mteb/UnfairTOSLegalBenchClassification,Pretraining benchmark dataset,False
L1_1902,1,General Terms of Service,loss or damage are foreseeable if they were an obvious consequence of our breach or if they were contemplated by you and us at the time we entered into this agreement . ,Compliant Term,CLAUDETTE Benchmark (Unfair TOS),Low-risk,mteb/UnfairTOSLegalBenchClassification,https://huggingface.co/datasets/mteb/UnfairTOSLegalBenchClassification,Pretraining benchmark dataset,False
L1_312,1,General Terms of Service,"by submitting any course contributor material , you grant us a fully paid up , royalty-free , perpetual , sublicensable license to reproduce , display , perform , modify , create derivative works of , distribute and otherwise use such course contributor material in any manner . ",Compliant Term,CLAUDETTE Benchmark (Unfair TOS),Low-risk,mteb/UnfairTOSLegalBenchClassification,https://huggingface.co/datasets/mteb/UnfairTOSLegalBenchClassification,Pretraining benchmark dataset,False
L1_79,1,General Terms of Service,you must not use any part of the materials used in or on the products for commercial purposes without obtaining a written license to do so from us . ,Compliant Term,CLAUDETTE Benchmark (Unfair TOS),Low-risk,mteb/UnfairTOSLegalBenchClassification,https://huggingface.co/datasets/mteb/UnfairTOSLegalBenchClassification,Pretraining benchmark dataset,False
L1_294,1,General Terms of Service,"to maintain control over the account and to prevent anyone from accessing the account ( which would include information on viewing history for the account ) , the account owner should maintain control over the netflix ready devices that are used to access the service and not reveal the password nor details of the payment method associated with the account to anyone . ",Compliant Term,CLAUDETTE Benchmark (Unfair TOS),Low-risk,mteb/UnfairTOSLegalBenchClassification,https://huggingface.co/datasets/mteb/UnfairTOSLegalBenchClassification,Pretraining benchmark dataset,False
L1_1926,1,General Terms of Service,"if we do not enforce a provision in these terms , it will not be considered a waiver . ",Compliant Term,CLAUDETTE Benchmark (Unfair TOS),Low-risk,mteb/UnfairTOSLegalBenchClassification,https://huggingface.co/datasets/mteb/UnfairTOSLegalBenchClassification,Pretraining benchmark dataset,False
L1_190,1,General Terms of Service,if you intend to seek arbitration you must first send written notice to duolingo 's administration office of your intent to arbitrate ( `` notice '' ) . ,Compliant Term,CLAUDETTE Benchmark (Unfair TOS),Low-risk,mteb/UnfairTOSLegalBenchClassification,https://huggingface.co/datasets/mteb/UnfairTOSLegalBenchClassification,Pretraining benchmark dataset,False
L1_52,1,General Terms of Service,distribution content may contain trackers that enable us to collect information with respect to the distribution and consumption of such content . ,Compliant Term,CLAUDETTE Benchmark (Unfair TOS),Low-risk,mteb/UnfairTOSLegalBenchClassification,https://huggingface.co/datasets/mteb/UnfairTOSLegalBenchClassification,Pretraining benchmark dataset,False
L1_430,1,General Terms of Service,please contact us through the support portal at https://support.oculus.com for assistance . ,Compliant Term,CLAUDETTE Benchmark (Unfair TOS),Low-risk,mteb/UnfairTOSLegalBenchClassification,https://huggingface.co/datasets/mteb/UnfairTOSLegalBenchClassification,Pretraining benchmark dataset,False
L2_62,2,Loan App / Fintech,"In October 2024 the RBI barred four NBFCs -- Navi Finserv (Sachin Bansal-backed), Asirvad Microfinance, Arohan Financial Services, and DMI Finance -- from sanctioning or disbursing any new loans, citing excessive weighted-average lending rates and interest spreads over cost of funds that were 'not in adherence with the regulations.' The bar on Navi was lifted in December 2024 after process changes.",Usurious/excessive interest rates,RBI Fair Practices Code; RBI (Digital Lending) Directions 2025,High-risk,Business Standard,https://www.business-standard.com/amp/industry/banking/rbi-bars-4-nbfcs-from-extending-loans-for-charging-usurious-rates-124101701427_1.html,"Distinct from the Rang De/Finzy penalties and the 150-NBFC sweep already in this sheet -- different companies, different violation (usurious pricing vs. registration/procedural).",False
L1_277,1,General Terms of Service,duolingo shall have no liability to you or any third party in the event that duolingo exercises any such rights . ,Compliant Term,CLAUDETTE Benchmark (Unfair TOS),Low-risk,mteb/UnfairTOSLegalBenchClassification,https://huggingface.co/datasets/mteb/UnfairTOSLegalBenchClassification,Pretraining benchmark dataset,False
L1_1485,1,General Terms of Service,"however , if your behaviour is utterly unacceptable , nintendo is not required to provide you with such prior warning . ",Compliant Term,CLAUDETTE Benchmark (Unfair TOS),Low-risk,mteb/UnfairTOSLegalBenchClassification,https://huggingface.co/datasets/mteb/UnfairTOSLegalBenchClassification,Pretraining benchmark dataset,False
L1_1300,1,General Terms of Service,the nintendo account service is not available in all countries . ,Compliant Term,CLAUDETTE Benchmark (Unfair TOS),Low-risk,mteb/UnfairTOSLegalBenchClassification,https://huggingface.co/datasets/mteb/UnfairTOSLegalBenchClassification,Pretraining benchmark dataset,False
L1_1010,1,General Terms of Service,"vimeo , inc. 555 west 18th street new york , new york 10011 attention : legal department ",Compliant Term,CLAUDETTE Benchmark (Unfair TOS),Low-risk,mteb/UnfairTOSLegalBenchClassification,https://huggingface.co/datasets/mteb/UnfairTOSLegalBenchClassification,Pretraining benchmark dataset,False
L1_1181,1,General Terms of Service,"if you wish to dispute the information a collection agency reported to a credit bureau regarding your ebay account , you must contact the collection agency directly . ",Compliant Term,CLAUDETTE Benchmark (Unfair TOS),Low-risk,mteb/UnfairTOSLegalBenchClassification,https://huggingface.co/datasets/mteb/UnfairTOSLegalBenchClassification,Pretraining benchmark dataset,False
L1_733,1,General Terms of Service,"by making your content available on or through the fitbit service you hereby grant to fitbit a non-exclusive , transferable , sublicensable , worldwide , royalty-free license to use , copy , modify , publicly display , publicly perform , reproduce , translate , create derivative works from , and distribute your content , in whole or in part , including your name and likeness , in any media . ",Compliant Term,CLAUDETTE Benchmark (Unfair TOS),Low-risk,mteb/UnfairTOSLegalBenchClassification,https://huggingface.co/datasets/mteb/UnfairTOSLegalBenchClassification,Pretraining benchmark dataset,False
L1_1737,1,General Terms of Service,"`` fitbit content '' includes any photos , images , graphics , video , audio , data , text , music , exercise regimens , food logs , recipes , comments , software , works of authorship of any kind , and other information , content , or other materials that are posted , generated , provided , or otherwise made available through the fitbit service . ",Compliant Term,CLAUDETTE Benchmark (Unfair TOS),Low-risk,mteb/UnfairTOSLegalBenchClassification,https://huggingface.co/datasets/mteb/UnfairTOSLegalBenchClassification,Pretraining benchmark dataset,False
L1_1811,1,General Terms of Service,"linden lab has no obligation to monitor or enforce your intellectual property rights to your user content , but you grant us the right to protect and enforce our rights to your user content , including by bringing and controlling actions in your name and on your behalf ( at linden lab 's cost and expense , to which you hereby consent and irrevocably appoint linden lab as your attorney-in-fact , with the power of substitution and delegation , which appointment is coupled with an interest ) . ",Compliant Term,CLAUDETTE Benchmark (Unfair TOS),Low-risk,mteb/UnfairTOSLegalBenchClassification,https://huggingface.co/datasets/mteb/UnfairTOSLegalBenchClassification,Pretraining benchmark dataset,False
L1_725,1,General Terms of Service,no failure or delay by vimeo in exercising any right hereunder will waive any further exercise of that right . ,Compliant Term,CLAUDETTE Benchmark (Unfair TOS),Low-risk,mteb/UnfairTOSLegalBenchClassification,https://huggingface.co/datasets/mteb/UnfairTOSLegalBenchClassification,Pretraining benchmark dataset,False
L1_14,1,General Terms of Service,a form for initiating arbitration proceedings is available on the aaa 's site at www.adr.org . ,Compliant Term,CLAUDETTE Benchmark (Unfair TOS),Low-risk,mteb/UnfairTOSLegalBenchClassification,https://huggingface.co/datasets/mteb/UnfairTOSLegalBenchClassification,Pretraining benchmark dataset,False
L1_823,1,General Terms of Service,"14.2 the relationship between you and noe , in particular when acquiring digital products via the nintendo shopping services from noe , shall be governed by the laws of germany , to the exclusion of the un sales convention on contracts for the international sale of goods . ",Compliant Term,CLAUDETTE Benchmark (Unfair TOS),Low-risk,mteb/UnfairTOSLegalBenchClassification,https://huggingface.co/datasets/mteb/UnfairTOSLegalBenchClassification,Pretraining benchmark dataset,False
L1_1628,1,General Terms of Service,"further , as part of our order processing procedures , we may screen orders for fraud or other undesirable activity . ",Compliant Term,CLAUDETTE Benchmark (Unfair TOS),Low-risk,mteb/UnfairTOSLegalBenchClassification,https://huggingface.co/datasets/mteb/UnfairTOSLegalBenchClassification,Pretraining benchmark dataset,False
L1_677,1,General Terms of Service,"nor may you reverse engineer or attempt to extract the source code of that software , unless laws prohibit these restrictions or you have our written permission to do so . ",Compliant Term,CLAUDETTE Benchmark (Unfair TOS),Low-risk,mteb/UnfairTOSLegalBenchClassification,https://huggingface.co/datasets/mteb/UnfairTOSLegalBenchClassification,Pretraining benchmark dataset,False
L1_1533,1,General Terms of Service,"you may not use any data mining , robots , scraping or similar data gathering or extraction methods to obtain service content . ",Compliant Term,CLAUDETTE Benchmark (Unfair TOS),Low-risk,mteb/UnfairTOSLegalBenchClassification,https://huggingface.co/datasets/mteb/UnfairTOSLegalBenchClassification,Pretraining benchmark dataset,False
L1_373,1,General Terms of Service,"a security deposit , if required by a host , may be applied to any overstay fees due for a guest 's overstay . ",Compliant Term,CLAUDETTE Benchmark (Unfair TOS),Low-risk,mteb/UnfairTOSLegalBenchClassification,https://huggingface.co/datasets/mteb/UnfairTOSLegalBenchClassification,Pretraining benchmark dataset,False
L1_368,1,General Terms of Service,we reserve the right to charge for excessive use of bandwidth where plays occur on third-party sites and applications outside the native vimeo player or apps . ,Compliant Term,CLAUDETTE Benchmark (Unfair TOS),Low-risk,mteb/UnfairTOSLegalBenchClassification,https://huggingface.co/datasets/mteb/UnfairTOSLegalBenchClassification,Pretraining benchmark dataset,False
L1_979,1,General Terms of Service,this may result in paypal restricting funds in your paypal account . ,Compliant Term,CLAUDETTE Benchmark (Unfair TOS),Low-risk,mteb/UnfairTOSLegalBenchClassification,https://huggingface.co/datasets/mteb/UnfairTOSLegalBenchClassification,Pretraining benchmark dataset,False
L1_1561,1,General Terms of Service,the odr-platform is accessible via https://ec.europa.eu/consumers/odr/ . ,Compliant Term,CLAUDETTE Benchmark (Unfair TOS),Low-risk,mteb/UnfairTOSLegalBenchClassification,https://huggingface.co/datasets/mteb/UnfairTOSLegalBenchClassification,Pretraining benchmark dataset,False
L2_6,2,Gig Contract,"Platforms allegedly hide customer data from restaurant partners, preventing direct contact, despite restaurant partners remaining accountable for delivery delays and customer satisfaction outcomes.",Data/information asymmetry harming partner,"DPDP Act 2023 (data access principles, by analogy); Competition Act 2002",High-risk,CCI investigation coverage (Reuters/TechCrunch/The Print),https://theprint.in/theprint-essential/are-zomato-swiggy-helping-restaurant-business-or-hurting-it-why-cci-has-ordered-a-probe/905581/,,False
L1_2052,1,General Terms of Service,"if you are unable to download , install or access purchased content , please contact us through the support portal at https://support.oculus.com . ",Compliant Term,CLAUDETTE Benchmark (Unfair TOS),Low-risk,mteb/UnfairTOSLegalBenchClassification,https://huggingface.co/datasets/mteb/UnfairTOSLegalBenchClassification,Pretraining benchmark dataset,False
L1_1492,1,General Terms of Service,the foregoing license is referred to as the `` snapshot and machinima content license . '' ,Compliant Term,CLAUDETTE Benchmark (Unfair TOS),Low-risk,mteb/UnfairTOSLegalBenchClassification,https://huggingface.co/datasets/mteb/UnfairTOSLegalBenchClassification,Pretraining benchmark dataset,False
L3_32,3,Loan App / Fintech,"App installation mandates unrestricted access to phone gallery, media files, and contact lists as a prerequisite for loan eligibility. Applicable across all digital channels.",Excessive permission harvesting,DPDP Act 2023,High-risk,RakshakAI Synthetic Generator (Layer 3),internal://synthetic_layer3,Synthetic clause generated for DPDP Act 2023 §6 (Data Minimisation),False
L3_15,3,Loan App / Fintech,User financial data collected for underwriting may be shared with third-party marketing networks without separate explicit consent. Enforced in all operating regions.,Scope expansion without consent,DPDP Act 2023,High-risk,RakshakAI Synthetic Generator (Layer 3),internal://synthetic_layer3,Synthetic clause generated for DPDP Act 2023 §6 (Purpose Limitation),False
L1_1900,1,General Terms of Service,the tripadvisor websites are controlled and operated by tripadvisor from its offices in the commonwealth of massachusetts in the united states . ,Compliant Term,CLAUDETTE Benchmark (Unfair TOS),Low-risk,mteb/UnfairTOSLegalBenchClassification,https://huggingface.co/datasets/mteb/UnfairTOSLegalBenchClassification,Pretraining benchmark dataset,False
L1_1119,1,General Terms of Service,"duolingo may manage , regulate , control , modify , or eliminate virtual items at any time , with or without notice . ",Compliant Term,CLAUDETTE Benchmark (Unfair TOS),Low-risk,mteb/UnfairTOSLegalBenchClassification,https://huggingface.co/datasets/mteb/UnfairTOSLegalBenchClassification,Pretraining benchmark dataset,False
L1_796,1,General Terms of Service,"notwithstanding any provision to the contrary herein , you agree that you have no right or title in or to any content that appears in the service , including without limitation the virtual goods or currency appearing or originating in any supercell game , whether earned in a game or purchased from supercell , or any other attributes associated with an account or stored on the service . ",Compliant Term,CLAUDETTE Benchmark (Unfair TOS),Low-risk,mteb/UnfairTOSLegalBenchClassification,https://huggingface.co/datasets/mteb/UnfairTOSLegalBenchClassification,Pretraining benchmark dataset,False
L1_337,1,General Terms of Service,see the termination and account cancellation section below for information on canceling your account . ,Compliant Term,CLAUDETTE Benchmark (Unfair TOS),Low-risk,mteb/UnfairTOSLegalBenchClassification,https://huggingface.co/datasets/mteb/UnfairTOSLegalBenchClassification,Pretraining benchmark dataset,False
L1_1496,1,General Terms of Service,"as a condition of access to the service , you release linden lab ( and its officers , directors , shareholders , agents , subsidiaries and employees ) from claims , demands , losses , liabilities and damages ( actual and consequential ) of every kind and nature , known and unknown , arising out of or in any way connected with any dispute you have or claim to have with one or more users , including whether or not linden lab becomes involved in any resolution or attempted resolution of the dispute . ",Compliant Term,CLAUDETTE Benchmark (Unfair TOS),Low-risk,mteb/UnfairTOSLegalBenchClassification,https://huggingface.co/datasets/mteb/UnfairTOSLegalBenchClassification,Pretraining benchmark dataset,False
L1_234,1,General Terms of Service,the license granted in this section 2.3 is referred to as the `` service content license . '' ,Compliant Term,CLAUDETTE Benchmark (Unfair TOS),Low-risk,mteb/UnfairTOSLegalBenchClassification,https://huggingface.co/datasets/mteb/UnfairTOSLegalBenchClassification,Pretraining benchmark dataset,False
L1_932,1,General Terms of Service,22.3 these terms do not and are not intended to confer any rights or remedies upon any person other than the parties . ,Compliant Term,CLAUDETTE Benchmark (Unfair TOS),Low-risk,mteb/UnfairTOSLegalBenchClassification,https://huggingface.co/datasets/mteb/UnfairTOSLegalBenchClassification,Pretraining benchmark dataset,False
L3_43,3,Loan App / Fintech,Platform tracks behavioral analytics and serves targeted financial advertisements to users identified as under 18 years of age. Pursuant to updated statutory terms.,Unlawful tracking of minors,DPDP Act 2023,High-risk,RakshakAI Synthetic Generator (Layer 3),internal://synthetic_layer3,Synthetic clause generated for DPDP Act 2023 §9 (Processing of Children Data),False
L1_789,1,General Terms of Service,disclaimer of warranties ; limitation of liability ,Compliant Term,CLAUDETTE Benchmark (Unfair TOS),Low-risk,mteb/UnfairTOSLegalBenchClassification,https://huggingface.co/datasets/mteb/UnfairTOSLegalBenchClassification,Pretraining benchmark dataset,False
L1_1710,1,General Terms of Service,"for any software made available for download on this website not accompanied by a license agreement , we hereby grant to you , the user , a limited , personal , nontransferable license to use the software for viewing and otherwise using this website in accordance with these terms and conditions and for no other purpose . ",Compliant Term,CLAUDETTE Benchmark (Unfair TOS),Low-risk,mteb/UnfairTOSLegalBenchClassification,https://huggingface.co/datasets/mteb/UnfairTOSLegalBenchClassification,Pretraining benchmark dataset,False
L1_1894,1,General Terms of Service,"in addition , graphics , logos , page headers , button icons , scripts , and service names included in or made available through any amazon service are trademarks or trade dress of amazon in the u.s. and other countries . ",Compliant Term,CLAUDETTE Benchmark (Unfair TOS),Low-risk,mteb/UnfairTOSLegalBenchClassification,https://huggingface.co/datasets/mteb/UnfairTOSLegalBenchClassification,Pretraining benchmark dataset,False
L1_71,1,General Terms of Service,"we operate an intellectual property complaint process for complaints that user content infringes another 's intellectual property rights , the details of which are described in the intellectual property infringement notification policy . ",Compliant Term,CLAUDETTE Benchmark (Unfair TOS),Low-risk,mteb/UnfairTOSLegalBenchClassification,https://huggingface.co/datasets/mteb/UnfairTOSLegalBenchClassification,Pretraining benchmark dataset,False
L1_463,1,General Terms of Service,visit our website and click on the `` billing details '' link on the `` your account '' page to see your next payment date . ,Compliant Term,CLAUDETTE Benchmark (Unfair TOS),Low-risk,mteb/UnfairTOSLegalBenchClassification,https://huggingface.co/datasets/mteb/UnfairTOSLegalBenchClassification,Pretraining benchmark dataset,False
L1_483,1,General Terms of Service,"you shall not share the account or the login information , nor let anyone else access your account or do anything else that might jeopardize the security of your account . ",Compliant Term,CLAUDETTE Benchmark (Unfair TOS),Low-risk,mteb/UnfairTOSLegalBenchClassification,https://huggingface.co/datasets/mteb/UnfairTOSLegalBenchClassification,Pretraining benchmark dataset,False
L1_1389,1,General Terms of Service,we will not take payment for product purchases until order acceptance ( see below ) . ,Compliant Term,CLAUDETTE Benchmark (Unfair TOS),Low-risk,mteb/UnfairTOSLegalBenchClassification,https://huggingface.co/datasets/mteb/UnfairTOSLegalBenchClassification,Pretraining benchmark dataset,False
L1_224,1,General Terms of Service,21.2 if you reside in china these terms will be interpreted in accordance with the laws of china ( `` china laws '' ) . ,Compliant Term,CLAUDETTE Benchmark (Unfair TOS),Low-risk,mteb/UnfairTOSLegalBenchClassification,https://huggingface.co/datasets/mteb/UnfairTOSLegalBenchClassification,Pretraining benchmark dataset,False
L1_819,1,General Terms of Service,"we may provide you with notices by email ( to the email address associated with your account ) , regular mail or postings on the website ( s ) related to the affected service . ",Compliant Term,CLAUDETTE Benchmark (Unfair TOS),Low-risk,mteb/UnfairTOSLegalBenchClassification,https://huggingface.co/datasets/mteb/UnfairTOSLegalBenchClassification,Pretraining benchmark dataset,False
L2_79,2,Gig Contract,"Telangana's draft 2025 Gig and Platform Workers Bill states its own rationale as addressing workers 'exposed to unfair employment practices' who were denied social security, job stability, and protection from unlawful termination -- describing the pre-Act status quo.",No job security/social security (pre-Act norm),"Telangana Gig and Platform Workers (Registration, Social Security and Welfare) Act, 2025",Medium-risk,KSandK Newsletter,https://ksandk.com/newsletter/the-government-of-telangana-issues-draft-bill-of-telangana-gig-and-platform-workers-registration-social-security-and-welfare-act-2025/,Law-derived finding; cross-check against final enacted text if available,False
L1_69,1,General Terms of Service,we appreciate hearing from you . ,Compliant Term,CLAUDETTE Benchmark (Unfair TOS),Low-risk,mteb/UnfairTOSLegalBenchClassification,https://huggingface.co/datasets/mteb/UnfairTOSLegalBenchClassification,Pretraining benchmark dataset,False
L1_1962,1,General Terms of Service,"13.1 as a host you are solely responsible for determining your obligations to report , collect , remit or include in your listing fees any applicable vat or other indirect sales taxes , occupancy tax , tourist or other visitor taxes or income taxes ( `` taxes '' ) . ",Compliant Term,CLAUDETTE Benchmark (Unfair TOS),Low-risk,mteb/UnfairTOSLegalBenchClassification,https://huggingface.co/datasets/mteb/UnfairTOSLegalBenchClassification,Pretraining benchmark dataset,False
L1_1075,1,General Terms of Service,"this is another reason why it 's important for you to make sure your basic subscriber information is accurate , complete and up to date . ",Compliant Term,CLAUDETTE Benchmark (Unfair TOS),Low-risk,mteb/UnfairTOSLegalBenchClassification,https://huggingface.co/datasets/mteb/UnfairTOSLegalBenchClassification,Pretraining benchmark dataset,False
L1_1204,1,General Terms of Service,you must have a payment method on file when selling on ebay and pay all fees and applicable taxes associated with our services by the payment due date . ,Compliant Term,CLAUDETTE Benchmark (Unfair TOS),Low-risk,mteb/UnfairTOSLegalBenchClassification,https://huggingface.co/datasets/mteb/UnfairTOSLegalBenchClassification,Pretraining benchmark dataset,False
L1_806,1,General Terms of Service,the licence for a digital product may also be purchased or acquired outside of nintendo shopping services . ,Compliant Term,CLAUDETTE Benchmark (Unfair TOS),Low-risk,mteb/UnfairTOSLegalBenchClassification,https://huggingface.co/datasets/mteb/UnfairTOSLegalBenchClassification,Pretraining benchmark dataset,False
L1_1461,1,General Terms of Service,"in addition , if you purchase physical goods from oculus , other terms of sale or promotion may apply from time to time . ",Compliant Term,CLAUDETTE Benchmark (Unfair TOS),Low-risk,mteb/UnfairTOSLegalBenchClassification,https://huggingface.co/datasets/mteb/UnfairTOSLegalBenchClassification,Pretraining benchmark dataset,False
L1_95,1,General Terms of Service,"if tripadvisor provides such interactive areas , you are solely responsible for your use of such interactive areas and use them at your own risk . ",Compliant Term,CLAUDETTE Benchmark (Unfair TOS),Low-risk,mteb/UnfairTOSLegalBenchClassification,https://huggingface.co/datasets/mteb/UnfairTOSLegalBenchClassification,Pretraining benchmark dataset,False
L1_87,1,General Terms of Service,you may not resell any memories features . ,Compliant Term,CLAUDETTE Benchmark (Unfair TOS),Low-risk,mteb/UnfairTOSLegalBenchClassification,https://huggingface.co/datasets/mteb/UnfairTOSLegalBenchClassification,Pretraining benchmark dataset,False
L1_1471,1,General Terms of Service,"all other trademarks , service marks , logos , trade names and any other proprietary designations are the trademarks or registered trademarks of their respective owners and may not be used without permission of the applicable trademark holder . ",Compliant Term,CLAUDETTE Benchmark (Unfair TOS),Low-risk,mteb/UnfairTOSLegalBenchClassification,https://huggingface.co/datasets/mteb/UnfairTOSLegalBenchClassification,Pretraining benchmark dataset,False
L1_512,1,General Terms of Service,"if a host fails to provide us with documentation that we determine to be sufficient to alleviate our obligation ( if any ) to withhold taxes from payouts to you , we reserve the right to freeze all payouts , withhold such amounts as required by law , or to do both , until resolution . ",Compliant Term,CLAUDETTE Benchmark (Unfair TOS),Low-risk,mteb/UnfairTOSLegalBenchClassification,https://huggingface.co/datasets/mteb/UnfairTOSLegalBenchClassification,Pretraining benchmark dataset,False
L1_560,1,General Terms of Service,"you agree that some experiences , events or other host services may carry inherent risk , and by participating in those host services , you choose to assume those risks voluntarily . ",Compliant Term,CLAUDETTE Benchmark (Unfair TOS),Low-risk,mteb/UnfairTOSLegalBenchClassification,https://huggingface.co/datasets/mteb/UnfairTOSLegalBenchClassification,Pretraining benchmark dataset,False
L1_226,1,General Terms of Service,"the changes will not be retroactive , and the most current version of the terms , which will always be at twitter.com/tos , will govern our relationship with you . ",Compliant Term,CLAUDETTE Benchmark (Unfair TOS),Low-risk,mteb/UnfairTOSLegalBenchClassification,https://huggingface.co/datasets/mteb/UnfairTOSLegalBenchClassification,Pretraining benchmark dataset,False
L1_573,1,General Terms of Service,"by downloading any software related to the service , you represent and warrant that you are not located in , under the control of , or a national or resident of , any such country or on any such list . ",Compliant Term,CLAUDETTE Benchmark (Unfair TOS),Low-risk,mteb/UnfairTOSLegalBenchClassification,https://huggingface.co/datasets/mteb/UnfairTOSLegalBenchClassification,Pretraining benchmark dataset,False
L1_265,1,General Terms of Service,"if you do not accept these terms , do not create an account or use the fitbit service . ",Compliant Term,CLAUDETTE Benchmark (Unfair TOS),Low-risk,mteb/UnfairTOSLegalBenchClassification,https://huggingface.co/datasets/mteb/UnfairTOSLegalBenchClassification,Pretraining benchmark dataset,False
L1_1493,1,General Terms of Service,"you and ebay agree that each of us may bring claims against the other only on an individual basis and not as a plaintiff or class member in any purported class , or representative or private attorney general action or proceeding . ",Compliant Term,CLAUDETTE Benchmark (Unfair TOS),Low-risk,mteb/UnfairTOSLegalBenchClassification,https://huggingface.co/datasets/mteb/UnfairTOSLegalBenchClassification,Pretraining benchmark dataset,False
L4_4,4,Loan App / Fintech,Terms governing service usage are subject to continuous optimization; continued interaction constitutes automatic ratification of all revisions.,Unilateral T&C modification,RBI Fair Practices Code,High-risk,RakshakAI Adversarial Rewriter (Layer 4),internal://adversarial_layer4,Disguised phrasing rewrite requiring human review,True
L1_1324,1,General Terms of Service,consult your doctor before using the fitbit service ,Compliant Term,CLAUDETTE Benchmark (Unfair TOS),Low-risk,mteb/UnfairTOSLegalBenchClassification,https://huggingface.co/datasets/mteb/UnfairTOSLegalBenchClassification,Pretraining benchmark dataset,False
L2_28,2,Loan App / Fintech,"Recovery agents contact borrowers (or their listed contacts) outside the permitted window of 7:00 AM to 7:00 PM, violating RBI's Fair Practices Code on recovery conduct.",Recovery outside permitted hours,RBI Digital Lending Guidelines 2022 / Fair Practices Code,High-risk,Nyaykar consumer complaint guide,https://www.nyaykar.in/complaint/loan,,False
L3_98,3,Loan App / Fintech,"App prominently displays the name, email, phone number, and postal address of the designated Nodal Grievance Redressal Officer. Pursuant to updated statutory terms.",Compliant grievance redressal,RBI Digital Lending Directions,Low-risk,RakshakAI Synthetic Generator (Layer 3),internal://synthetic_layer3,Synthetic clause generated for RBI Digital Lending Guidelines 2022,False
L3_12,3,Loan App / Fintech,User financial data collected for underwriting may be shared with third-party marketing networks without separate explicit consent. Applicable across all digital channels.,Scope expansion without consent,DPDP Act 2023,High-risk,RakshakAI Synthetic Generator (Layer 3),internal://synthetic_layer3,Synthetic clause generated for DPDP Act 2023 §6 (Purpose Limitation),False
L1_545,1,General Terms of Service,"uber disclaims all representations and warranties , express , implied or statutory , not expressly set out in these terms , including the implied warranties of merchantability , fitness for a particular purpose and non-infringement . ",Compliant Term,CLAUDETTE Benchmark (Unfair TOS),Low-risk,mteb/UnfairTOSLegalBenchClassification,https://huggingface.co/datasets/mteb/UnfairTOSLegalBenchClassification,Pretraining benchmark dataset,False
L1_1416,1,General Terms of Service,"the services and content may not be available in all territories and jurisdictions , and we may restrict or prohibit use of all or a portion of the services and content in certain territories and jurisdictions . ",Compliant Term,CLAUDETTE Benchmark (Unfair TOS),Low-risk,mteb/UnfairTOSLegalBenchClassification,https://huggingface.co/datasets/mteb/UnfairTOSLegalBenchClassification,Pretraining benchmark dataset,False
L1_1378,1,General Terms of Service,"you agree that regardless of any statute or law to the contrary or the applicable dispute resolution process , any claim or cause of action you may have arising out of or related to use of the service or otherwise under these must be filed within one ( 1 ) year after such claim or cause of action arose or you hereby agree to be forever barred from bringing such claim . ",Compliant Term,CLAUDETTE Benchmark (Unfair TOS),Low-risk,mteb/UnfairTOSLegalBenchClassification,https://huggingface.co/datasets/mteb/UnfairTOSLegalBenchClassification,Pretraining benchmark dataset,False
L1_305,1,General Terms of Service,"we may include or recommend third party resources , materials and developers and/or links to third party websites , content and applications as part of , or in connection with , the service . ",Compliant Term,CLAUDETTE Benchmark (Unfair TOS),Low-risk,mteb/UnfairTOSLegalBenchClassification,https://huggingface.co/datasets/mteb/UnfairTOSLegalBenchClassification,Pretraining benchmark dataset,False
L1_1801,1,General Terms of Service,the choice of law does not impact your rights as a consumer according to the consumer protection regulations of your country of residence . ,Compliant Term,CLAUDETTE Benchmark (Unfair TOS),Low-risk,mteb/UnfairTOSLegalBenchClassification,https://huggingface.co/datasets/mteb/UnfairTOSLegalBenchClassification,Pretraining benchmark dataset,False
L1_1484,1,General Terms of Service,the specific terms and conditions under to which you signify your agreement will not be individually stored by tripadvisor . ,Compliant Term,CLAUDETTE Benchmark (Unfair TOS),Low-risk,mteb/UnfairTOSLegalBenchClassification,https://huggingface.co/datasets/mteb/UnfairTOSLegalBenchClassification,Pretraining benchmark dataset,False
L1_1574,1,General Terms of Service,use an image that is not your likeness or a head-shot photo for your profile ; ,Compliant Term,CLAUDETTE Benchmark (Unfair TOS),Low-risk,mteb/UnfairTOSLegalBenchClassification,https://huggingface.co/datasets/mteb/UnfairTOSLegalBenchClassification,Pretraining benchmark dataset,False
L1_426,1,General Terms of Service,sellers must meet ebay 's minimum performance standards . ,Compliant Term,CLAUDETTE Benchmark (Unfair TOS),Low-risk,mteb/UnfairTOSLegalBenchClassification,https://huggingface.co/datasets/mteb/UnfairTOSLegalBenchClassification,Pretraining benchmark dataset,False
L1_549,1,General Terms of Service,"basic accounts may be deleted from the vimeo service if they remain inactive ( i.e. , the user fails to log in ) for a continuous period of at least six ( 6 ) months . ",Compliant Term,CLAUDETTE Benchmark (Unfair TOS),Low-risk,mteb/UnfairTOSLegalBenchClassification,https://huggingface.co/datasets/mteb/UnfairTOSLegalBenchClassification,Pretraining benchmark dataset,False
L1_997,1,General Terms of Service,"we retain the right at our sole discretion to deny access to anyone to this website and the services we offer , at any time and for any reason , including , but not limited to , for violation of this agreement . ",Compliant Term,CLAUDETTE Benchmark (Unfair TOS),Low-risk,mteb/UnfairTOSLegalBenchClassification,https://huggingface.co/datasets/mteb/UnfairTOSLegalBenchClassification,Pretraining benchmark dataset,False
L1_1954,1,General Terms of Service,"the information supplied by this application is believed to be accurate , but tripadvisor , and/or its affiliates do not warrant or guarantee such accuracy . ",Compliant Term,CLAUDETTE Benchmark (Unfair TOS),Low-risk,mteb/UnfairTOSLegalBenchClassification,https://huggingface.co/datasets/mteb/UnfairTOSLegalBenchClassification,Pretraining benchmark dataset,False
L1_1868,1,General Terms of Service,"the aaa rules will govern the payment of all filing , administration and arbitrator fees , unless our arbitration agreement expressly provides otherwise . ",Compliant Term,CLAUDETTE Benchmark (Unfair TOS),Low-risk,mteb/UnfairTOSLegalBenchClassification,https://huggingface.co/datasets/mteb/UnfairTOSLegalBenchClassification,Pretraining benchmark dataset,False
L1_1294,1,General Terms of Service,"during the registration process , you will be required to provide certain information and you will establish a username and a password . ",Compliant Term,CLAUDETTE Benchmark (Unfair TOS),Low-risk,mteb/UnfairTOSLegalBenchClassification,https://huggingface.co/datasets/mteb/UnfairTOSLegalBenchClassification,Pretraining benchmark dataset,False
L1_356,1,General Terms of Service,5.2 we may terminate your accounts for violation of this agreement . ,Compliant Term,CLAUDETTE Benchmark (Unfair TOS),Low-risk,mteb/UnfairTOSLegalBenchClassification,https://huggingface.co/datasets/mteb/UnfairTOSLegalBenchClassification,Pretraining benchmark dataset,False
L1_1859,1,General Terms of Service,"you agree that promo codes : ( i ) must be used for the intended audience and purpose , and in a lawful manner ; ( ii ) may not be duplicated , sold or transferred in any manner , or made available to the general public ( whether posted to a public form or otherwise ) , unless expressly permitted by uber ; ( iii ) may be disabled by uber at any time for any reason without liability to uber ; ( iv ) may only be used pursuant to the specific terms that uber establishes for such promo code ; ( v ) are not valid for cash ; and ( vi ) may expire prior to your use . ",Compliant Term,CLAUDETTE Benchmark (Unfair TOS),Low-risk,mteb/UnfairTOSLegalBenchClassification,https://huggingface.co/datasets/mteb/UnfairTOSLegalBenchClassification,Pretraining benchmark dataset,False
L1_1841,1,General Terms of Service,"if you do so , neither you nor oculus can require the other to participate in an arbitration proceeding . ",Compliant Term,CLAUDETTE Benchmark (Unfair TOS),Low-risk,mteb/UnfairTOSLegalBenchClassification,https://huggingface.co/datasets/mteb/UnfairTOSLegalBenchClassification,Pretraining benchmark dataset,False
L1_1131,1,General Terms of Service,5.7 you are solely responsible for all member content that you make available on or through the airbnb platform . ,Compliant Term,CLAUDETTE Benchmark (Unfair TOS),Low-risk,mteb/UnfairTOSLegalBenchClassification,https://huggingface.co/datasets/mteb/UnfairTOSLegalBenchClassification,Pretraining benchmark dataset,False
L1_293,1,General Terms of Service,"all information that you provide in connection with a purchase or transaction or other monetary transaction interaction with the service must be accurate , complete , and current . ",Compliant Term,CLAUDETTE Benchmark (Unfair TOS),Low-risk,mteb/UnfairTOSLegalBenchClassification,https://huggingface.co/datasets/mteb/UnfairTOSLegalBenchClassification,Pretraining benchmark dataset,False
L1_992,1,General Terms of Service,"the netflix software may vary by device and medium , and functionalities and features may also differ between devices . ",Compliant Term,CLAUDETTE Benchmark (Unfair TOS),Low-risk,mteb/UnfairTOSLegalBenchClassification,https://huggingface.co/datasets/mteb/UnfairTOSLegalBenchClassification,Pretraining benchmark dataset,False
L1_974,1,General Terms of Service,"in the event of such claim , we will endeavor to provide notice of the claim , suit or action to the contact information we have for the account , provided that any failure to deliver such notice to you shall not eliminate or reduce your indemnification obligation hereunder . ",Compliant Term,CLAUDETTE Benchmark (Unfair TOS),Low-risk,mteb/UnfairTOSLegalBenchClassification,https://huggingface.co/datasets/mteb/UnfairTOSLegalBenchClassification,Pretraining benchmark dataset,False
L1_1249,1,General Terms of Service,"to use the services , you agree that : ( 1 ) you must be the `` minimum age '' ( described below ) or older ; ( 2 ) you will only have one linkedin account ( and/or one slideshare account , if applicable ) , which must be in your real name ; and ( 3 ) you are not already restricted by linkedin from using the services . ",Compliant Term,CLAUDETTE Benchmark (Unfair TOS),Low-risk,mteb/UnfairTOSLegalBenchClassification,https://huggingface.co/datasets/mteb/UnfairTOSLegalBenchClassification,Pretraining benchmark dataset,False
L1_1838,1,General Terms of Service,you are responsible for any use of funds stored in your wallet . ,Compliant Term,CLAUDETTE Benchmark (Unfair TOS),Low-risk,mteb/UnfairTOSLegalBenchClassification,https://huggingface.co/datasets/mteb/UnfairTOSLegalBenchClassification,Pretraining benchmark dataset,False
L1_1242,1,General Terms of Service,the terms of service constitutes a contract between evernote and you . ,Compliant Term,CLAUDETTE Benchmark (Unfair TOS),Low-risk,mteb/UnfairTOSLegalBenchClassification,https://huggingface.co/datasets/mteb/UnfairTOSLegalBenchClassification,Pretraining benchmark dataset,False
L1_1426,1,General Terms of Service,"you agree to pay all charges incurred by users of your credit card , debit card , or other payment method used in connection with a purchase or transaction or other monetary transaction interaction with the service at the prices in effect when such charges are incurred . ",Compliant Term,CLAUDETTE Benchmark (Unfair TOS),Low-risk,mteb/UnfairTOSLegalBenchClassification,https://huggingface.co/datasets/mteb/UnfairTOSLegalBenchClassification,Pretraining benchmark dataset,False
L1_80,1,General Terms of Service,there 's a good reason for that : these terms do indeed form a legally binding contract between you and snap group limited . ,Compliant Term,CLAUDETTE Benchmark (Unfair TOS),Low-risk,mteb/UnfairTOSLegalBenchClassification,https://huggingface.co/datasets/mteb/UnfairTOSLegalBenchClassification,Pretraining benchmark dataset,False
L1_222,1,General Terms of Service,"if you install any evernote software on your computing devices , you may be asked to agree to an end user license agreement . ",Compliant Term,CLAUDETTE Benchmark (Unfair TOS),Low-risk,mteb/UnfairTOSLegalBenchClassification,https://huggingface.co/datasets/mteb/UnfairTOSLegalBenchClassification,Pretraining benchmark dataset,False
L1_971,1,General Terms of Service,( b ) please check that the details in these terms and on the order are complete and accurate before you use or commit yourself to purchase the products . ,Compliant Term,CLAUDETTE Benchmark (Unfair TOS),Low-risk,mteb/UnfairTOSLegalBenchClassification,https://huggingface.co/datasets/mteb/UnfairTOSLegalBenchClassification,Pretraining benchmark dataset,False
L1_673,1,General Terms of Service,you will not create more than one account for yourself . ,Compliant Term,CLAUDETTE Benchmark (Unfair TOS),Low-risk,mteb/UnfairTOSLegalBenchClassification,https://huggingface.co/datasets/mteb/UnfairTOSLegalBenchClassification,Pretraining benchmark dataset,False
L2_58,2,Gig Contract,"The Rajasthan Platform Based Gig Workers (Registration and Welfare) Act, 2023 created India's first mandatory 'welfare fee' (1-2% of each transaction) to be deducted via the aggregator's own app — a mechanism that did not exist before the Act, meaning gig workers previously received zero guaranteed social-security contribution from aggregators on any transaction in the state.",Absence of social security contribution (pre-Act baseline),"Rajasthan Platform Based Gig Workers (Registration and Welfare) Act 2023, Sections 10-11",High-risk,PRS Legislative Research (official Act text),https://prsindia.org/files/bills_acts/acts_states/rajasthan/2023/Act29of2023Rajasthan.pdf,"First-of-its-kind state law, July 2023; distinct from the Karnataka Act already in this sheet.",False
L1_694,1,General Terms of Service,"except as provided in section 19.11 , in the event that any portion of this arbitration agreement is deemed illegal or unenforceable , such provision shall be severed and the remainder of the arbitration agreement shall be given full force and effect . ",Compliant Term,CLAUDETTE Benchmark (Unfair TOS),Low-risk,mteb/UnfairTOSLegalBenchClassification,https://huggingface.co/datasets/mteb/UnfairTOSLegalBenchClassification,Pretraining benchmark dataset,False
L1_1062,1,General Terms of Service,overlaying or otherwise modifying the services or their appearance ; ,Compliant Term,CLAUDETTE Benchmark (Unfair TOS),Low-risk,mteb/UnfairTOSLegalBenchClassification,https://huggingface.co/datasets/mteb/UnfairTOSLegalBenchClassification,Pretraining benchmark dataset,False
L1_1001,1,General Terms of Service,2.1 you must be at least 18 years old and able to enter into legally binding contracts to access and use the airbnb platform or register an airbnb account . ,Compliant Term,CLAUDETTE Benchmark (Unfair TOS),Low-risk,mteb/UnfairTOSLegalBenchClassification,https://huggingface.co/datasets/mteb/UnfairTOSLegalBenchClassification,Pretraining benchmark dataset,False
L1_996,1,General Terms of Service,"to that end , these terms provide for a two-part process for individuals to whom section 19.1 applies : ( 1 ) an informal negotiation directly with airbnb 's customer service team , and ( 2 ) a binding arbitration administered by the american arbitration association ( `` aaa '' ) using its specially designed consumer arbitration rules ( as modified by this section 19 ) . ",Compliant Term,CLAUDETTE Benchmark (Unfair TOS),Low-risk,mteb/UnfairTOSLegalBenchClassification,https://huggingface.co/datasets/mteb/UnfairTOSLegalBenchClassification,Pretraining benchmark dataset,False
L1_1176,1,General Terms of Service,"you agree not to archive , reproduce , distribute , modify , display , perform , publish , license , create derivative works from , offer for sale , or use ( except as explicitly authorized in these terms of use ) content and information contained on or obtained from or through the netflix service . ",Compliant Term,CLAUDETTE Benchmark (Unfair TOS),Low-risk,mteb/UnfairTOSLegalBenchClassification,https://huggingface.co/datasets/mteb/UnfairTOSLegalBenchClassification,Pretraining benchmark dataset,False
L1_851,1,General Terms of Service,bypass or circumvent any access controls or service use limits ( such as caps on keyword searches ) ; ,Compliant Term,CLAUDETTE Benchmark (Unfair TOS),Low-risk,mteb/UnfairTOSLegalBenchClassification,https://huggingface.co/datasets/mteb/UnfairTOSLegalBenchClassification,Pretraining benchmark dataset,False
L1_1537,1,General Terms of Service,"some reasons for rejection can include : ( a ) we are unable to supply you with the service , for example because that item is no longer available or because of an error in the price at the point of sale ; ( b ) you do not live in a country or region from which the services may be purchased ; or ( c ) you order more than the permitted maximum number of services . ",Compliant Term,CLAUDETTE Benchmark (Unfair TOS),Low-risk,mteb/UnfairTOSLegalBenchClassification,https://huggingface.co/datasets/mteb/UnfairTOSLegalBenchClassification,Pretraining benchmark dataset,False
L1_292,1,General Terms of Service,"we may change our service plans and the price of our service from time to time ; however , any price changes or changes to our service plans will apply to you no earlier than 30 days following notice to you . ",Compliant Term,CLAUDETTE Benchmark (Unfair TOS),Low-risk,mteb/UnfairTOSLegalBenchClassification,https://huggingface.co/datasets/mteb/UnfairTOSLegalBenchClassification,Pretraining benchmark dataset,False
L1_1163,1,General Terms of Service,"to opt out , you must notify us in writing within 30 days of the date that you first became subject to this arbitration provision , and must include your name and home address , the email address that you use for your oculus account ( if you have one ) and a clear statement that you want to opt out of this arbitration agreement . ",Compliant Term,CLAUDETTE Benchmark (Unfair TOS),Low-risk,mteb/UnfairTOSLegalBenchClassification,https://huggingface.co/datasets/mteb/UnfairTOSLegalBenchClassification,Pretraining benchmark dataset,False
L1_1957,1,General Terms of Service,the remainder of these terms and this section ( what do i do if i think i have a claim against evernote ? ) ,Compliant Term,CLAUDETTE Benchmark (Unfair TOS),Low-risk,mteb/UnfairTOSLegalBenchClassification,https://huggingface.co/datasets/mteb/UnfairTOSLegalBenchClassification,Pretraining benchmark dataset,False
L1_756,1,General Terms of Service,airbnb reserves the right to modify these terms at any time in accordance with this provision . ,Compliant Term,CLAUDETTE Benchmark (Unfair TOS),Low-risk,mteb/UnfairTOSLegalBenchClassification,https://huggingface.co/datasets/mteb/UnfairTOSLegalBenchClassification,Pretraining benchmark dataset,False
L1_247,1,General Terms of Service,"no agency , partnership , joint venture , employee-employer or franchiser-franchisee relationship is intended or created by this user agreement . ",Compliant Term,CLAUDETTE Benchmark (Unfair TOS),Low-risk,mteb/UnfairTOSLegalBenchClassification,https://huggingface.co/datasets/mteb/UnfairTOSLegalBenchClassification,Pretraining benchmark dataset,False
L1_390,1,General Terms of Service,we encourage you to review these privacy policies before providing any information to third parties . ,Compliant Term,CLAUDETTE Benchmark (Unfair TOS),Low-risk,mteb/UnfairTOSLegalBenchClassification,https://huggingface.co/datasets/mteb/UnfairTOSLegalBenchClassification,Pretraining benchmark dataset,False
L1_710,1,General Terms of Service,a description of where the material that you claim is infringing is located on the site ; ,Compliant Term,CLAUDETTE Benchmark (Unfair TOS),Low-risk,mteb/UnfairTOSLegalBenchClassification,https://huggingface.co/datasets/mteb/UnfairTOSLegalBenchClassification,Pretraining benchmark dataset,False
L1_45,1,General Terms of Service,"you can lose your user name and persona in the service as a result of account termination or limitation , as well as any benefits , privileges , earned items and purchased items associated with your use of the service , and supercell is under no obligation to compensate you for any such losses or results . ",Compliant Term,CLAUDETTE Benchmark (Unfair TOS),Low-risk,mteb/UnfairTOSLegalBenchClassification,https://huggingface.co/datasets/mteb/UnfairTOSLegalBenchClassification,Pretraining benchmark dataset,False
L1_1058,1,General Terms of Service,we respond quickly to the concerns of rights owners about any alleged infringement . ,Compliant Term,CLAUDETTE Benchmark (Unfair TOS),Low-risk,mteb/UnfairTOSLegalBenchClassification,https://huggingface.co/datasets/mteb/UnfairTOSLegalBenchClassification,Pretraining benchmark dataset,False
L1_1670,1,General Terms of Service,6.2 any applicable service fees ( including any applicable taxes ) will be displayed to a host or guest prior to publishing or booking a listing . ,Compliant Term,CLAUDETTE Benchmark (Unfair TOS),Low-risk,mteb/UnfairTOSLegalBenchClassification,https://huggingface.co/datasets/mteb/UnfairTOSLegalBenchClassification,Pretraining benchmark dataset,False
L1_1005,1,General Terms of Service,your access to the services using these devices is subject to terms set forth in the applicable third party beneficiary 's terms of service . ,Compliant Term,CLAUDETTE Benchmark (Unfair TOS),Low-risk,mteb/UnfairTOSLegalBenchClassification,https://huggingface.co/datasets/mteb/UnfairTOSLegalBenchClassification,Pretraining benchmark dataset,False
L1_1468,1,General Terms of Service,"you will not remove , alter or obscure any copyright , trademark , service mark or other proprietary rights notices incorporated in or accompanying the airbnb platform , airbnb content or member content . ",Compliant Term,CLAUDETTE Benchmark (Unfair TOS),Low-risk,mteb/UnfairTOSLegalBenchClassification,https://huggingface.co/datasets/mteb/UnfairTOSLegalBenchClassification,Pretraining benchmark dataset,False
L1_728,1,General Terms of Service,"if you are using the services on behalf of a business or some other entity , you affirm that you are authorized to grant all licenses set forth in these terms and to agree to these terms on behalf of the business or entity . ",Compliant Term,CLAUDETTE Benchmark (Unfair TOS),Low-risk,mteb/UnfairTOSLegalBenchClassification,https://huggingface.co/datasets/mteb/UnfairTOSLegalBenchClassification,Pretraining benchmark dataset,False
L1_1381,1,General Terms of Service,"you may not sell , transfer or assign your account or its contractual rights , licenses and obligations , to any third party ( including , for the avoidance of doubt , permitting another individual to access your account ) without the prior written consent of linden lab . ",Compliant Term,CLAUDETTE Benchmark (Unfair TOS),Low-risk,mteb/UnfairTOSLegalBenchClassification,https://huggingface.co/datasets/mteb/UnfairTOSLegalBenchClassification,Pretraining benchmark dataset,False
L1_1475,1,General Terms of Service,i 'm guessing evernote has some rights relating to the service ? ,Compliant Term,CLAUDETTE Benchmark (Unfair TOS),Low-risk,mteb/UnfairTOSLegalBenchClassification,https://huggingface.co/datasets/mteb/UnfairTOSLegalBenchClassification,Pretraining benchmark dataset,False
L1_1864,1,General Terms of Service,we may report any such breach to the relevant law enforcement authorities and we may cooperate with those authorities by disclosing your identity to them . ,Compliant Term,CLAUDETTE Benchmark (Unfair TOS),Low-risk,mteb/UnfairTOSLegalBenchClassification,https://huggingface.co/datasets/mteb/UnfairTOSLegalBenchClassification,Pretraining benchmark dataset,False
L1_650,1,General Terms of Service,you may use the amazon services only as permitted by law . ,Compliant Term,CLAUDETTE Benchmark (Unfair TOS),Low-risk,mteb/UnfairTOSLegalBenchClassification,https://huggingface.co/datasets/mteb/UnfairTOSLegalBenchClassification,Pretraining benchmark dataset,False
L1_1655,1,General Terms of Service,"you understand that we may modify or adapt your content as it is distributed , syndicated , published , or broadcast by us and our partners and/or make changes to your content in order to adapt the content to different media . ",Compliant Term,CLAUDETTE Benchmark (Unfair TOS),Low-risk,mteb/UnfairTOSLegalBenchClassification,https://huggingface.co/datasets/mteb/UnfairTOSLegalBenchClassification,Pretraining benchmark dataset,False
L1_671,1,General Terms of Service,"although tripadvisor members may rate and review particular properties based on their own experiences , tripadvisor does not endorse or recommend the products or services of any third-party suppliers . ",Compliant Term,CLAUDETTE Benchmark (Unfair TOS),Low-risk,mteb/UnfairTOSLegalBenchClassification,https://huggingface.co/datasets/mteb/UnfairTOSLegalBenchClassification,Pretraining benchmark dataset,False
L1_1428,1,General Terms of Service,you must cancel your subscription before it renews each month in order to avoid billing of the next month 's subscription fee to the payment method you provided . ,Compliant Term,CLAUDETTE Benchmark (Unfair TOS),Low-risk,mteb/UnfairTOSLegalBenchClassification,https://huggingface.co/datasets/mteb/UnfairTOSLegalBenchClassification,Pretraining benchmark dataset,False
L1_1500,1,General Terms of Service,"( b ) your user material is not illegal , obscene , defamatory , threatening , pornographic , harassing , hateful , racially or ethnically offensive , and does not encourage conduct that would be considered a criminal offense , and does not give rise to civil liability , violate any law , or is otherwise deemed inappropriate . ",Compliant Term,CLAUDETTE Benchmark (Unfair TOS),Low-risk,mteb/UnfairTOSLegalBenchClassification,https://huggingface.co/datasets/mteb/UnfairTOSLegalBenchClassification,Pretraining benchmark dataset,False
L1_205,1,General Terms of Service,"tripadvisor does not edit or control the user messages posted to or distributed on this website including through any chat rooms , bulletin boards or other communications forums , and will not be in any way responsible or liable for such user messages . ",Compliant Term,CLAUDETTE Benchmark (Unfair TOS),Low-risk,mteb/UnfairTOSLegalBenchClassification,https://huggingface.co/datasets/mteb/UnfairTOSLegalBenchClassification,Pretraining benchmark dataset,False
L1_597,1,General Terms of Service,this nintendo account agreement ( the `` agreement '' ) covers your use of the nintendo account . ,Compliant Term,CLAUDETTE Benchmark (Unfair TOS),Low-risk,mteb/UnfairTOSLegalBenchClassification,https://huggingface.co/datasets/mteb/UnfairTOSLegalBenchClassification,Pretraining benchmark dataset,False
L1_538,1,General Terms of Service,our notice to you will be sent to you based on the most recent contact information ( including email address ) that you provide us . ,Compliant Term,CLAUDETTE Benchmark (Unfair TOS),Low-risk,mteb/UnfairTOSLegalBenchClassification,https://huggingface.co/datasets/mteb/UnfairTOSLegalBenchClassification,Pretraining benchmark dataset,False
L1_2002,1,General Terms of Service,"if you reside outside of the united states , canada and brazil , then the other party to this contract is evernote gmbh , a company headquartered in zurich , switzerland . ",Compliant Term,CLAUDETTE Benchmark (Unfair TOS),Low-risk,mteb/UnfairTOSLegalBenchClassification,https://huggingface.co/datasets/mteb/UnfairTOSLegalBenchClassification,Pretraining benchmark dataset,False
L1_1707,1,General Terms of Service,"you authorize us to use automated tools to translate your ebay content and member-to-member communications , in whole or in part , into local languages where such translation solutions are available . ",Compliant Term,CLAUDETTE Benchmark (Unfair TOS),Low-risk,mteb/UnfairTOSLegalBenchClassification,https://huggingface.co/datasets/mteb/UnfairTOSLegalBenchClassification,Pretraining benchmark dataset,False
L1_314,1,General Terms of Service,identify the copyrighted work claimed to have been infringed . ,Compliant Term,CLAUDETTE Benchmark (Unfair TOS),Low-risk,mteb/UnfairTOSLegalBenchClassification,https://huggingface.co/datasets/mteb/UnfairTOSLegalBenchClassification,Pretraining benchmark dataset,False
L1_201,1,General Terms of Service,we will not be liable to you if the products are unavailable for a commercially reasonable period of time . ,Compliant Term,CLAUDETTE Benchmark (Unfair TOS),Low-risk,mteb/UnfairTOSLegalBenchClassification,https://huggingface.co/datasets/mteb/UnfairTOSLegalBenchClassification,Pretraining benchmark dataset,False
L1_1985,1,General Terms of Service,"if after a good faith effort to negotiate one of us feels the dispute has not and can not be resolved informally , the party intending to pursue arbitration agrees to notify the other party via email prior to initiating the arbitration . ",Compliant Term,CLAUDETTE Benchmark (Unfair TOS),Low-risk,mteb/UnfairTOSLegalBenchClassification,https://huggingface.co/datasets/mteb/UnfairTOSLegalBenchClassification,Pretraining benchmark dataset,False
L1_44,1,General Terms of Service,"post anything that contains software viruses , worms , or any other harmful code ; ",Compliant Term,CLAUDETTE Benchmark (Unfair TOS),Low-risk,mteb/UnfairTOSLegalBenchClassification,https://huggingface.co/datasets/mteb/UnfairTOSLegalBenchClassification,Pretraining benchmark dataset,False
L1_1647,1,General Terms of Service,please check with your internet provider for information on possible internet data usage charges . ,Compliant Term,CLAUDETTE Benchmark (Unfair TOS),Low-risk,mteb/UnfairTOSLegalBenchClassification,https://huggingface.co/datasets/mteb/UnfairTOSLegalBenchClassification,Pretraining benchmark dataset,False
L1_977,1,General Terms of Service,"when crowdtangle changes the terms of service in a material manner , we will modify the ` effective ' date at the bottom of these terms of service . ",Compliant Term,CLAUDETTE Benchmark (Unfair TOS),Low-risk,mteb/UnfairTOSLegalBenchClassification,https://huggingface.co/datasets/mteb/UnfairTOSLegalBenchClassification,Pretraining benchmark dataset,False
L1_1368,1,General Terms of Service,"we encourage you to include your basic subscriber information , with instructions on how to access your content , in your will or other estate plans , so that anyone you wish to have access to your account will have the means to do so . ",Compliant Term,CLAUDETTE Benchmark (Unfair TOS),Low-risk,mteb/UnfairTOSLegalBenchClassification,https://huggingface.co/datasets/mteb/UnfairTOSLegalBenchClassification,Pretraining benchmark dataset,False
L1_1188,1,General Terms of Service,"except for certain types of disputes mentioned in the arbitration clause , you and headspace agree that disputes relating to these terms or your use of the products will be resolved by mandatory binding arbitration , and you and headspace waive any right to participate in a class-action lawsuit or class-wide arbitration . ",Compliant Term,CLAUDETTE Benchmark (Unfair TOS),Low-risk,mteb/UnfairTOSLegalBenchClassification,https://huggingface.co/datasets/mteb/UnfairTOSLegalBenchClassification,Pretraining benchmark dataset,False
L1_1310,1,General Terms of Service,use the fitbit service at your own risk ,Compliant Term,CLAUDETTE Benchmark (Unfair TOS),Low-risk,mteb/UnfairTOSLegalBenchClassification,https://huggingface.co/datasets/mteb/UnfairTOSLegalBenchClassification,Pretraining benchmark dataset,False
L2_13,2,Gig Contract,"Driver is contractually required to work exclusively for the platform, while the platform itself accepts no reciprocal exclusivity obligation toward the driver.",One-sided exclusivity,Unfair contract terms doctrine,High-risk,Ola Master Service Agreement (analysis),https://archive.factordaily.com/ola-contract-driver-analysis/,,False
L1_584,1,General Terms of Service,this license authorizes us to make your content available to the rest of the world and to let others do the same . ,Compliant Term,CLAUDETTE Benchmark (Unfair TOS),Low-risk,mteb/UnfairTOSLegalBenchClassification,https://huggingface.co/datasets/mteb/UnfairTOSLegalBenchClassification,Pretraining benchmark dataset,False
L1_1916,1,General Terms of Service,"you certify that you are of the legal age of majority in the jurisdiction in which you reside or , if you are between the ages of 13 and the legal age of majority , that you are using the services with the supervision of your parent or legal guardian who agrees to be bound by these terms of service . ",Compliant Term,CLAUDETTE Benchmark (Unfair TOS),Low-risk,mteb/UnfairTOSLegalBenchClassification,https://huggingface.co/datasets/mteb/UnfairTOSLegalBenchClassification,Pretraining benchmark dataset,False
L1_955,1,General Terms of Service,"you agree to this electronic means of communication and you acknowledge that all contracts , notices , information and other communications that we provide to you electronically comply with any legal requirement that such communications be in writing . ",Compliant Term,CLAUDETTE Benchmark (Unfair TOS),Low-risk,mteb/UnfairTOSLegalBenchClassification,https://huggingface.co/datasets/mteb/UnfairTOSLegalBenchClassification,Pretraining benchmark dataset,False
L1_1060,1,General Terms of Service,"in the event that any of the terms and conditions are held by a court or other tribunal of competent jurisdiction to be unenforceable , such provisions shall be limited or eliminated to the minimum extent necessary so that these terms and conditions shall otherwise remain in full force and effect . ",Compliant Term,CLAUDETTE Benchmark (Unfair TOS),Low-risk,mteb/UnfairTOSLegalBenchClassification,https://huggingface.co/datasets/mteb/UnfairTOSLegalBenchClassification,Pretraining benchmark dataset,False
L1_1411,1,General Terms of Service,`` websites '' are the websites and services available from the domain and subdomains of linden lab and any related entity or successor domains from which linden lab may offer the service . ,Compliant Term,CLAUDETTE Benchmark (Unfair TOS),Low-risk,mteb/UnfairTOSLegalBenchClassification,https://huggingface.co/datasets/mteb/UnfairTOSLegalBenchClassification,Pretraining benchmark dataset,False
L1_1203,1,General Terms of Service,other purchases : purchases of other products and services through the vimeo service are subject to our payment addendumand to other terms and conditions that are presented to you at the time of purchase . ,Compliant Term,CLAUDETTE Benchmark (Unfair TOS),Low-risk,mteb/UnfairTOSLegalBenchClassification,https://huggingface.co/datasets/mteb/UnfairTOSLegalBenchClassification,Pretraining benchmark dataset,False
L1_1327,1,General Terms of Service,"in those cases , crowdtangle will not be held liable for any disruption of service . ",Compliant Term,CLAUDETTE Benchmark (Unfair TOS),Low-risk,mteb/UnfairTOSLegalBenchClassification,https://huggingface.co/datasets/mteb/UnfairTOSLegalBenchClassification,Pretraining benchmark dataset,False
L3_51,3,Loan App / Fintech,Loan disbursal and repayment amounts pass through a third-party payment pool account managed by an unregulated tech vendor.,Improper fund routing via intermediary,RBI Digital Lending Directions,High-risk,RakshakAI Synthetic Generator (Layer 3),internal://synthetic_layer3,Synthetic clause generated for RBI Digital Lending Guidelines 2022,False
L1_1997,1,General Terms of Service,"supercell shall have no responsibility to evaluate , use or compensate you for any ideas or information you may choose to submit . ",Compliant Term,CLAUDETTE Benchmark (Unfair TOS),Low-risk,mteb/UnfairTOSLegalBenchClassification,https://huggingface.co/datasets/mteb/UnfairTOSLegalBenchClassification,Pretraining benchmark dataset,False
L1_488,1,General Terms of Service,( the aaa rules are available at www.adr.org/arb_med or by calling the aaa at 1-800-778-7879 . ) ,Compliant Term,CLAUDETTE Benchmark (Unfair TOS),Low-risk,mteb/UnfairTOSLegalBenchClassification,https://huggingface.co/datasets/mteb/UnfairTOSLegalBenchClassification,Pretraining benchmark dataset,False
L1_2053,1,General Terms of Service,"this agreement ( and any other terms and conditions referenced herein ) constitutes the entire agreement between you and tripadvisor with respect to this website and it supersedes all prior or contemporaneous communications and proposals , whether electronic , oral , or written , between the customer and tripadvisor with respect to this website . ",Compliant Term,CLAUDETTE Benchmark (Unfair TOS),Low-risk,mteb/UnfairTOSLegalBenchClassification,https://huggingface.co/datasets/mteb/UnfairTOSLegalBenchClassification,Pretraining benchmark dataset,False
L1_953,1,General Terms of Service,your system or device must have 128-bit ssl encryption software . ,Compliant Term,CLAUDETTE Benchmark (Unfair TOS),Low-risk,mteb/UnfairTOSLegalBenchClassification,https://huggingface.co/datasets/mteb/UnfairTOSLegalBenchClassification,Pretraining benchmark dataset,False
L1_126,1,General Terms of Service,certain specific terms that apply only for german users are available at https://www.oculus.com/legal/terms-applicable-to-germany/ . ,Compliant Term,CLAUDETTE Benchmark (Unfair TOS),Low-risk,mteb/UnfairTOSLegalBenchClassification,https://huggingface.co/datasets/mteb/UnfairTOSLegalBenchClassification,Pretraining benchmark dataset,False
L1_934,1,General Terms of Service,"use , disclose or distribute any data obtained in violation of this policy ; ",Compliant Term,CLAUDETTE Benchmark (Unfair TOS),Low-risk,mteb/UnfairTOSLegalBenchClassification,https://huggingface.co/datasets/mteb/UnfairTOSLegalBenchClassification,Pretraining benchmark dataset,False
L1_703,1,General Terms of Service,"this right does not apply to any goods that have been used , or are stated by us to be non-returnable , including any items or goods that have been personalised or modified in accordance with your instructions . ",Compliant Term,CLAUDETTE Benchmark (Unfair TOS),Low-risk,mteb/UnfairTOSLegalBenchClassification,https://huggingface.co/datasets/mteb/UnfairTOSLegalBenchClassification,Pretraining benchmark dataset,False
L1_875,1,General Terms of Service,"likewise , you agree that in the event of data loss , we will not be liable for any purported damage or harm arising therefrom . ",Compliant Term,CLAUDETTE Benchmark (Unfair TOS),Low-risk,mteb/UnfairTOSLegalBenchClassification,https://huggingface.co/datasets/mteb/UnfairTOSLegalBenchClassification,Pretraining benchmark dataset,False
L1_1678,1,General Terms of Service,"attn : copyright agent 500 molino st. , suite 118 los angeles , ca 90013 ",Compliant Term,CLAUDETTE Benchmark (Unfair TOS),Low-risk,mteb/UnfairTOSLegalBenchClassification,https://huggingface.co/datasets/mteb/UnfairTOSLegalBenchClassification,Pretraining benchmark dataset,False
L1_1418,1,General Terms of Service,we can each end this contract anytime we want . ,Compliant Term,CLAUDETTE Benchmark (Unfair TOS),Low-risk,mteb/UnfairTOSLegalBenchClassification,https://huggingface.co/datasets/mteb/UnfairTOSLegalBenchClassification,Pretraining benchmark dataset,False
L1_699,1,General Terms of Service,you may need to create an account to use some of our services . ,Compliant Term,CLAUDETTE Benchmark (Unfair TOS),Low-risk,mteb/UnfairTOSLegalBenchClassification,https://huggingface.co/datasets/mteb/UnfairTOSLegalBenchClassification,Pretraining benchmark dataset,False
L1_1168,1,General Terms of Service,• distribute `` spam '' ; ,Compliant Term,CLAUDETTE Benchmark (Unfair TOS),Low-risk,mteb/UnfairTOSLegalBenchClassification,https://huggingface.co/datasets/mteb/UnfairTOSLegalBenchClassification,Pretraining benchmark dataset,False
L1_1346,1,General Terms of Service,you may cancel your order or pre-order of physical goods at any time prior to dispatch and order acceptance . ,Compliant Term,CLAUDETTE Benchmark (Unfair TOS),Low-risk,mteb/UnfairTOSLegalBenchClassification,https://huggingface.co/datasets/mteb/UnfairTOSLegalBenchClassification,Pretraining benchmark dataset,False
L2_41,2,Gig Contract,"Partner accounts were blocked, temporarily or permanently, for average ratings falling below 4.8 out of 5, including in cases where the underlying cause was a customer-initiated cancellation rather than partner conduct.",Deactivation for factors outside worker's control,Fair Management principle (Fairwork); grievance redressal requirement under state Gig Worker Acts,High-risk,"BusinessToday, covering Urban Company worker protest",https://www.businesstoday.in/latest/in-focus/story/urban-company-punishes-workers-for-user-cancellations-blocks-worker-id-over-poor-rating-385830-2023-06-15,Documented via a worker protest at the company's Gurugram office.,False
L1_984,1,General Terms of Service,"you acknowledge that linden lab is not liable for the acts or omissions of such third parties , which are not the partner or representative of linden lab or endorsed or controlled by linden lab . ",Compliant Term,CLAUDETTE Benchmark (Unfair TOS),Low-risk,mteb/UnfairTOSLegalBenchClassification,https://huggingface.co/datasets/mteb/UnfairTOSLegalBenchClassification,Pretraining benchmark dataset,False
L1_1866,1,General Terms of Service,"tripadvisor and its affiliates will not interfere with reservations arbitrarily , but we reserve the right to cancel or not process a reservation because of certain extenuating circumstances , such as when a reservation is no longer available or when we have reasonable cause to suspect that a reservation request may be fraudulent . ",Compliant Term,CLAUDETTE Benchmark (Unfair TOS),Low-risk,mteb/UnfairTOSLegalBenchClassification,https://huggingface.co/datasets/mteb/UnfairTOSLegalBenchClassification,Pretraining benchmark dataset,False
L2_24,2,Gig Contract,"In the same assessment, only 6 of 12 platforms included any dispute-resolution clause in worker agreements at all, implying the majority had no such mechanism.",Absence of dispute-resolution clause,Fair Contracts principle (Fairwork India methodology); grievance mechanism requirement under state Gig Worker Acts,High-risk,"British Safety Council India, summarising Fairwork India 2023",https://www.britsafe.in/safety-management-news/2023/a-tough-gig,,False
L1_1102,1,General Terms of Service,the aaa consumer arbitration rules ( `` aaa rules '' ) governing the arbitration are available online at www.adr.org or by calling the aaa at 1-800-778-7879 . ,Compliant Term,CLAUDETTE Benchmark (Unfair TOS),Low-risk,mteb/UnfairTOSLegalBenchClassification,https://huggingface.co/datasets/mteb/UnfairTOSLegalBenchClassification,Pretraining benchmark dataset,False
L1_131,1,General Terms of Service,"if you are a california resident , in accordance with cal . ",Compliant Term,CLAUDETTE Benchmark (Unfair TOS),Low-risk,mteb/UnfairTOSLegalBenchClassification,https://huggingface.co/datasets/mteb/UnfairTOSLegalBenchClassification,Pretraining benchmark dataset,False
L1_743,1,General Terms of Service,these terms of use shall be governed by and construed in accordance with the laws of the netherlands . ,Compliant Term,CLAUDETTE Benchmark (Unfair TOS),Low-risk,mteb/UnfairTOSLegalBenchClassification,https://huggingface.co/datasets/mteb/UnfairTOSLegalBenchClassification,Pretraining benchmark dataset,False
L3_84,3,Loan App / Fintech,Recovery agents initiate calls and automated collection messages to borrowers between 10:00 PM and 6:00 AM. Subject to regulatory audit.,Harassment outside permitted hours,RBI Fair Practices Code,High-risk,RakshakAI Synthetic Generator (Layer 3),internal://synthetic_layer3,Synthetic clause generated for RBI Digital Lending Guidelines 2022,False
L1_606,1,General Terms of Service,"nothing in these terms of service ( including the limitation of liability provisions ) is intended to exclude or limit any condition , warranty , right or liability which may not be lawfully excluded or limited . ",Compliant Term,CLAUDETTE Benchmark (Unfair TOS),Low-risk,mteb/UnfairTOSLegalBenchClassification,https://huggingface.co/datasets/mteb/UnfairTOSLegalBenchClassification,Pretraining benchmark dataset,False
L2_21,2,Gig Contract,"Drivers are continuously tracked via GPS not only during passenger trips but also during breaks and idle time between rides, exceeding what is operationally necessary.",Excessive surveillance / data over-collection,"DPDP Act 2023 (purpose limitation, data minimisation)",High-risk,"Academic study, Platform Economy and Labour Welfare in Indian Cities",https://www.projectstatecraft.org/post/the-platform-economy-and-labour-welfare-in-indian-cities-the-case-of-ola-and-uber-drivers,Academic peer-reviewed source.,False
L1_1696,1,General Terms of Service,"however , an arbitrator can award the same damages and relief on an individual basis that a court can award to an individual . ",Compliant Term,CLAUDETTE Benchmark (Unfair TOS),Low-risk,mteb/UnfairTOSLegalBenchClassification,https://huggingface.co/datasets/mteb/UnfairTOSLegalBenchClassification,Pretraining benchmark dataset,False
L1_1438,1,General Terms of Service,"snap group limited may also terminate these terms with you at any time , for any reason . ",Compliant Term,CLAUDETTE Benchmark (Unfair TOS),Low-risk,mteb/UnfairTOSLegalBenchClassification,https://huggingface.co/datasets/mteb/UnfairTOSLegalBenchClassification,Pretraining benchmark dataset,False
L1_1444,1,General Terms of Service,we may offer additional services with additional terms that may require you to be even older to use them . ,Compliant Term,CLAUDETTE Benchmark (Unfair TOS),Low-risk,mteb/UnfairTOSLegalBenchClassification,https://huggingface.co/datasets/mteb/UnfairTOSLegalBenchClassification,Pretraining benchmark dataset,False
L4_10,4,Gig Contract,"Company liability under all operational claims shall under no circumstances exceed INR 100, regardless of the cause or magnitude of loss.",Unilateral liability cap,Indian Contract Act 1872,High-risk,RakshakAI Adversarial Rewriter (Layer 4),internal://adversarial_layer4,Disguised phrasing rewrite requiring human review,True
L1_1306,1,General Terms of Service,in the event of a defect the statutory provisions shall apply . ,Compliant Term,CLAUDETTE Benchmark (Unfair TOS),Low-risk,mteb/UnfairTOSLegalBenchClassification,https://huggingface.co/datasets/mteb/UnfairTOSLegalBenchClassification,Pretraining benchmark dataset,False
L1_317,1,General Terms of Service,"if you change the country registered with your nintendo account , you must agree to the nintendo account agreement applicable for the new country . ",Compliant Term,CLAUDETTE Benchmark (Unfair TOS),Low-risk,mteb/UnfairTOSLegalBenchClassification,https://huggingface.co/datasets/mteb/UnfairTOSLegalBenchClassification,Pretraining benchmark dataset,False
L1_1504,1,General Terms of Service,"certain products may have a `` was price '' displayed , which is determined using recent price history of the product on amazon . ",Compliant Term,CLAUDETTE Benchmark (Unfair TOS),Low-risk,mteb/UnfairTOSLegalBenchClassification,https://huggingface.co/datasets/mteb/UnfairTOSLegalBenchClassification,Pretraining benchmark dataset,False
L1_1941,1,General Terms of Service,"if you accept or agree to these terms on behalf of a company , university or other legal entity , you represent and warrant that you have the authority to bind that company , university or other legal entity to these terms and , in such event , `` you '' and `` your '' will refer and apply to that company or other legal entity . ",Compliant Term,CLAUDETTE Benchmark (Unfair TOS),Low-risk,mteb/UnfairTOSLegalBenchClassification,https://huggingface.co/datasets/mteb/UnfairTOSLegalBenchClassification,Pretraining benchmark dataset,False
L1_765,1,General Terms of Service,no representations or warranties by duolingo ,Compliant Term,CLAUDETTE Benchmark (Unfair TOS),Low-risk,mteb/UnfairTOSLegalBenchClassification,https://huggingface.co/datasets/mteb/UnfairTOSLegalBenchClassification,Pretraining benchmark dataset,False
L1_2032,1,General Terms of Service,"this indemnity shall include , in particular , any loss , liability or claim arising out of or in connection with any user-generated content , including , without limitation , any photographs , videos or any other materials you upload . ",Compliant Term,CLAUDETTE Benchmark (Unfair TOS),Low-risk,mteb/UnfairTOSLegalBenchClassification,https://huggingface.co/datasets/mteb/UnfairTOSLegalBenchClassification,Pretraining benchmark dataset,False
L1_1876,1,General Terms of Service,"as a user of this website , including instant booking , you understand and agree that : ( 1 ) neither tripadvisor nor its affiliates will have any liability to you or others for any unauthorized transactions made using your password or account ; and ( 2 ) the unauthorized use of your password or account could cause you to incur liability to both tripadvisor and other users . ",Compliant Term,CLAUDETTE Benchmark (Unfair TOS),Low-risk,mteb/UnfairTOSLegalBenchClassification,https://huggingface.co/datasets/mteb/UnfairTOSLegalBenchClassification,Pretraining benchmark dataset,False
L1_181,1,General Terms of Service,"as a seller , it is your responsibility to review the content of your listings for accuracy and that you will not attempt to hold our catalog providers or us responsible for inaccuracies . ",Compliant Term,CLAUDETTE Benchmark (Unfair TOS),Low-risk,mteb/UnfairTOSLegalBenchClassification,https://huggingface.co/datasets/mteb/UnfairTOSLegalBenchClassification,Pretraining benchmark dataset,False
L1_559,1,General Terms of Service,"to avoid future charges , cancel before the renewal date . ",Compliant Term,CLAUDETTE Benchmark (Unfair TOS),Low-risk,mteb/UnfairTOSLegalBenchClassification,https://huggingface.co/datasets/mteb/UnfairTOSLegalBenchClassification,Pretraining benchmark dataset,False
L1_1279,1,General Terms of Service,"additionally , we reserve the right to refuse or terminate all or part of our services to anyone for any reason at our discretion . ",Compliant Term,CLAUDETTE Benchmark (Unfair TOS),Low-risk,mteb/UnfairTOSLegalBenchClassification,https://huggingface.co/datasets/mteb/UnfairTOSLegalBenchClassification,Pretraining benchmark dataset,False
L1_464,1,General Terms of Service,"you may register directly via the site or by logging into your account with certain third party social media or social networking sites ( `` sns '' ) ( including , but not limited to , facebook ) via the site , as described herein . ",Compliant Term,CLAUDETTE Benchmark (Unfair TOS),Low-risk,mteb/UnfairTOSLegalBenchClassification,https://huggingface.co/datasets/mteb/UnfairTOSLegalBenchClassification,Pretraining benchmark dataset,False
L1_237,1,General Terms of Service,any settlement offer made by you or ebay shall not be disclosed to the arbitrator . ,Compliant Term,CLAUDETTE Benchmark (Unfair TOS),Low-risk,mteb/UnfairTOSLegalBenchClassification,https://huggingface.co/datasets/mteb/UnfairTOSLegalBenchClassification,Pretraining benchmark dataset,False
L1_435,1,General Terms of Service,"the arbitrator will have the authority to award all remedies available under applicable law , the arbitral forum 's rules , and the terms . ",Compliant Term,CLAUDETTE Benchmark (Unfair TOS),Low-risk,mteb/UnfairTOSLegalBenchClassification,https://huggingface.co/datasets/mteb/UnfairTOSLegalBenchClassification,Pretraining benchmark dataset,False
L1_1498,1,General Terms of Service,"academia.edu makes no warranty that the site , services or collective content will meet your requirements or be available on an uninterrupted , secure , or error-free basis . ",Compliant Term,CLAUDETTE Benchmark (Unfair TOS),Low-risk,mteb/UnfairTOSLegalBenchClassification,https://huggingface.co/datasets/mteb/UnfairTOSLegalBenchClassification,Pretraining benchmark dataset,False
L1_1382,1,General Terms of Service,"no licenses or rights are granted to you by implication or otherwise under any intellectual property rights owned or controlled by academia.edu or its licensors , except for the licenses and rights expressly granted in these terms . ",Compliant Term,CLAUDETTE Benchmark (Unfair TOS),Low-risk,mteb/UnfairTOSLegalBenchClassification,https://huggingface.co/datasets/mteb/UnfairTOSLegalBenchClassification,Pretraining benchmark dataset,False
L1_438,1,General Terms of Service,please have him or her read this agreement with you . ,Compliant Term,CLAUDETTE Benchmark (Unfair TOS),Low-risk,mteb/UnfairTOSLegalBenchClassification,https://huggingface.co/datasets/mteb/UnfairTOSLegalBenchClassification,Pretraining benchmark dataset,False
L1_364,1,General Terms of Service,"you and duolingo acknowledge that apple is not responsible for addressing any claims of you or any third party relating to the apps or your possession and/or use of any app , including , but not limited to : ( i ) product liability claims ; ( ii ) any claim that an app fails to conform to any applicable legal or regulatory requirement ; and ( iii ) claims arising under consumer protection or similar legislation . ",Compliant Term,CLAUDETTE Benchmark (Unfair TOS),Low-risk,mteb/UnfairTOSLegalBenchClassification,https://huggingface.co/datasets/mteb/UnfairTOSLegalBenchClassification,Pretraining benchmark dataset,False
L1_1090,1,General Terms of Service,"9.3 linden lab 's liability to you is expressly limited , to the extent allowable under applicable law . ",Compliant Term,CLAUDETTE Benchmark (Unfair TOS),Low-risk,mteb/UnfairTOSLegalBenchClassification,https://huggingface.co/datasets/mteb/UnfairTOSLegalBenchClassification,Pretraining benchmark dataset,False
L1_371,1,General Terms of Service,all orders placed are subject to fitbit 's acceptance . ,Compliant Term,CLAUDETTE Benchmark (Unfair TOS),Low-risk,mteb/UnfairTOSLegalBenchClassification,https://huggingface.co/datasets/mteb/UnfairTOSLegalBenchClassification,Pretraining benchmark dataset,False
L1_1420,1,General Terms of Service,"22.6 you may not assign , transfer or delegate this agreement and your rights and obligations hereunder without airbnb 's prior written consent . ",Compliant Term,CLAUDETTE Benchmark (Unfair TOS),Low-risk,mteb/UnfairTOSLegalBenchClassification,https://huggingface.co/datasets/mteb/UnfairTOSLegalBenchClassification,Pretraining benchmark dataset,False
L1_1620,1,General Terms of Service,are there countries where i 'm not allowed to use evernote ? ,Compliant Term,CLAUDETTE Benchmark (Unfair TOS),Low-risk,mteb/UnfairTOSLegalBenchClassification,https://huggingface.co/datasets/mteb/UnfairTOSLegalBenchClassification,Pretraining benchmark dataset,False
L1_1316,1,General Terms of Service,• we do not transfer legal ownership of items from the seller to the buyer . ,Compliant Term,CLAUDETTE Benchmark (Unfair TOS),Low-risk,mteb/UnfairTOSLegalBenchClassification,https://huggingface.co/datasets/mteb/UnfairTOSLegalBenchClassification,Pretraining benchmark dataset,False
L1_1621,1,General Terms of Service,"• use bots or other automated methods to access the services , add or download contacts or profile information ; ",Compliant Term,CLAUDETTE Benchmark (Unfair TOS),Low-risk,mteb/UnfairTOSLegalBenchClassification,https://huggingface.co/datasets/mteb/UnfairTOSLegalBenchClassification,Pretraining benchmark dataset,False
L3_20,3,Loan App / Fintech,"User personal and credit data is strictly restricted to credit assessment and loan servicing, and is never shared for marketing. Enforced in all operating regions.",Compliant purpose limitation,DPDP Act 2023,Low-risk,RakshakAI Synthetic Generator (Layer 3),internal://synthetic_layer3,Synthetic clause generated for DPDP Act 2023 §6 (Purpose Limitation),False
L1_1111,1,General Terms of Service,"if you do not agree to these terms , please refrain from using the products . ",Compliant Term,CLAUDETTE Benchmark (Unfair TOS),Low-risk,mteb/UnfairTOSLegalBenchClassification,https://huggingface.co/datasets/mteb/UnfairTOSLegalBenchClassification,Pretraining benchmark dataset,False
L2_7,2,Gig Contract,"Exclusivity contracts offer 0% commission for restaurants that list exclusively, versus a variable 7.5-15% commission penalty for those who do not — creating de facto coercive exclusivity.",Coercive exclusivity clause,Competition Act 2002,High-risk,CCI Case No. 16 of 2021 (Zomato & Swiggy),https://www.cci.gov.in/images/antitrustorder/en/1620211652180990.pdf,,False
L3_76,3,Loan App / Fintech,"App strictly refrains from accessing borrower contacts, call logs, phonebook, or stored media files.",Compliant media prohibition,RBI Digital Lending Directions,Low-risk,RakshakAI Synthetic Generator (Layer 3),internal://synthetic_layer3,Synthetic clause generated for RBI Digital Lending Guidelines 2022,False
L1_754,1,General Terms of Service,"`` user content '' means any content that a user of the service has uploaded , published , or submitted to or through the servers , websites or other areas of the service . ",Compliant Term,CLAUDETTE Benchmark (Unfair TOS),Low-risk,mteb/UnfairTOSLegalBenchClassification,https://huggingface.co/datasets/mteb/UnfairTOSLegalBenchClassification,Pretraining benchmark dataset,False
L1_1771,1,General Terms of Service,"if a court of competent jurisdiction finds the foregoing arbitration provisions invalid or inapplicable , you and duolingo agree that all claims arising out of or related to these terms and conditions must be resolved exclusively by a state or federal court located in the county of allegheny in the commonwealth of pennsylvania , and you and duolingo each agree to submit to the exercise of personal jurisdiction of such courts for the purpose of litigating all such claims . ",Compliant Term,CLAUDETTE Benchmark (Unfair TOS),Low-risk,mteb/UnfairTOSLegalBenchClassification,https://huggingface.co/datasets/mteb/UnfairTOSLegalBenchClassification,Pretraining benchmark dataset,False
L1_1400,1,General Terms of Service,"for example , do n't use data obtained from us to provide tools that are used for surveillance . ",Compliant Term,CLAUDETTE Benchmark (Unfair TOS),Low-risk,mteb/UnfairTOSLegalBenchClassification,https://huggingface.co/datasets/mteb/UnfairTOSLegalBenchClassification,Pretraining benchmark dataset,False
L1_829,1,General Terms of Service,"as a user , you must be responsible for your use of this website , our affiliate sites , and any transaction involving vacation rentals facilitated by instant booking and/or listed on affiliate sites . ",Compliant Term,CLAUDETTE Benchmark (Unfair TOS),Low-risk,mteb/UnfairTOSLegalBenchClassification,https://huggingface.co/datasets/mteb/UnfairTOSLegalBenchClassification,Pretraining benchmark dataset,False
L3_19,3,Loan App / Fintech,"User personal and credit data is strictly restricted to credit assessment and loan servicing, and is never shared for marketing. Subject to regulatory audit.",Compliant purpose limitation,DPDP Act 2023,Low-risk,RakshakAI Synthetic Generator (Layer 3),internal://synthetic_layer3,Synthetic clause generated for DPDP Act 2023 §6 (Purpose Limitation),False
L1_195,1,General Terms of Service,"oculus , oculus vr , rift and the oculus logo ( `` oculus marks '' ) are trademarks or registered trademarks of oculus vr , llc . ",Compliant Term,CLAUDETTE Benchmark (Unfair TOS),Low-risk,mteb/UnfairTOSLegalBenchClassification,https://huggingface.co/datasets/mteb/UnfairTOSLegalBenchClassification,Pretraining benchmark dataset,False
L1_290,1,General Terms of Service,"for more information about how to tailor who can watch your content , please take a look at our privacy policy and support site . ",Compliant Term,CLAUDETTE Benchmark (Unfair TOS),Low-risk,mteb/UnfairTOSLegalBenchClassification,https://huggingface.co/datasets/mteb/UnfairTOSLegalBenchClassification,Pretraining benchmark dataset,False
L1_1298,1,General Terms of Service,"we encourage you to review the terms from time to time to ensure that you understand the terms and conditions that apply to your access to , and use of , the services . ",Compliant Term,CLAUDETTE Benchmark (Unfair TOS),Low-risk,mteb/UnfairTOSLegalBenchClassification,https://huggingface.co/datasets/mteb/UnfairTOSLegalBenchClassification,Pretraining benchmark dataset,False
L1_1442,1,General Terms of Service,we do not claim any ownership rights in user material . ,Compliant Term,CLAUDETTE Benchmark (Unfair TOS),Low-risk,mteb/UnfairTOSLegalBenchClassification,https://huggingface.co/datasets/mteb/UnfairTOSLegalBenchClassification,Pretraining benchmark dataset,False
L1_1554,1,General Terms of Service,"in addition , host agrees to pay co-host for all co-host services completed prior to co-host 's termination within 14 days of co-host 's termination via the resolution center . ",Compliant Term,CLAUDETTE Benchmark (Unfair TOS),Low-risk,mteb/UnfairTOSLegalBenchClassification,https://huggingface.co/datasets/mteb/UnfairTOSLegalBenchClassification,Pretraining benchmark dataset,False
L1_598,1,General Terms of Service,"you must comply with all u.s. or other export and re-export restrictions that may apply to goods , software ( including amazon software ) , technology , and services . ",Compliant Term,CLAUDETTE Benchmark (Unfair TOS),Low-risk,mteb/UnfairTOSLegalBenchClassification,https://huggingface.co/datasets/mteb/UnfairTOSLegalBenchClassification,Pretraining benchmark dataset,False
L1_803,1,General Terms of Service,11.3 we agree to provide each other with notices in a specified manner . ,Compliant Term,CLAUDETTE Benchmark (Unfair TOS),Low-risk,mteb/UnfairTOSLegalBenchClassification,https://huggingface.co/datasets/mteb/UnfairTOSLegalBenchClassification,Pretraining benchmark dataset,False
L1_1246,1,General Terms of Service,this limited right may be revoked at any time in fitbit 's sole discretion . ,Compliant Term,CLAUDETTE Benchmark (Unfair TOS),Low-risk,mteb/UnfairTOSLegalBenchClassification,https://huggingface.co/datasets/mteb/UnfairTOSLegalBenchClassification,Pretraining benchmark dataset,False
L1_805,1,General Terms of Service,"ebay , or the collection agencies we retain , may also report information about your account to credit bureaus , and as a result , late payments , missed payments , or other defaults on your account may be reflected in your credit report . ",Compliant Term,CLAUDETTE Benchmark (Unfair TOS),Low-risk,mteb/UnfairTOSLegalBenchClassification,https://huggingface.co/datasets/mteb/UnfairTOSLegalBenchClassification,Pretraining benchmark dataset,False
L1_1085,1,General Terms of Service,you will not use the services for any purpose that is illegal or prohibited in these terms . ,Compliant Term,CLAUDETTE Benchmark (Unfair TOS),Low-risk,mteb/UnfairTOSLegalBenchClassification,https://huggingface.co/datasets/mteb/UnfairTOSLegalBenchClassification,Pretraining benchmark dataset,False
L3_69,3,Loan App / Fintech,"A detailed Key Fact Statement stating the Annual Percentage Rate (APR), total cost of credit, repayment schedule, and fee breakdown is presented before agreement signature. Subject to regulatory audit.",Compliant Key Fact Statement,RBI Digital Lending Directions,Low-risk,RakshakAI Synthetic Generator (Layer 3),internal://synthetic_layer3,Synthetic clause generated for RBI Digital Lending Guidelines 2022,False
L1_1235,1,General Terms of Service,"`` content '' means text , graphics , images , music , software , audio , video , information or other works of authorship . ",Compliant Term,CLAUDETTE Benchmark (Unfair TOS),Low-risk,mteb/UnfairTOSLegalBenchClassification,https://huggingface.co/datasets/mteb/UnfairTOSLegalBenchClassification,Pretraining benchmark dataset,False
L1_1877,1,General Terms of Service,"by submitting , posting or displaying content on or through the services , you grant us a worldwide , non-exclusive , royalty-free license ( with the right to sublicense ) to use , copy , reproduce , process , adapt , modify , publish , transmit , display and distribute such content in any and all media or distribution methods ( now known or later developed ) . ",Compliant Term,CLAUDETTE Benchmark (Unfair TOS),Low-risk,mteb/UnfairTOSLegalBenchClassification,https://huggingface.co/datasets/mteb/UnfairTOSLegalBenchClassification,Pretraining benchmark dataset,False
L1_436,1,General Terms of Service,please note that airbnb ireland is not committed nor obliged to use an alternative dispute resolution entity to resolve disputes with consumers . ,Compliant Term,CLAUDETTE Benchmark (Unfair TOS),Low-risk,mteb/UnfairTOSLegalBenchClassification,https://huggingface.co/datasets/mteb/UnfairTOSLegalBenchClassification,Pretraining benchmark dataset,False
L3_91,3,Loan App / Fintech,The lending app provides no contact details for a Nodal Grievance Redressal Officer or escalated complaint procedure.,Absence of nodal grievance officer,RBI Digital Lending Directions,High-risk,RakshakAI Synthetic Generator (Layer 3),internal://synthetic_layer3,Synthetic clause generated for RBI Digital Lending Guidelines 2022,False
L1_372,1,General Terms of Service,please note : section 19 of these terms of service contains an arbitration clause and class action waiver that applies to all airbnb members . ,Compliant Term,CLAUDETTE Benchmark (Unfair TOS),Low-risk,mteb/UnfairTOSLegalBenchClassification,https://huggingface.co/datasets/mteb/UnfairTOSLegalBenchClassification,Pretraining benchmark dataset,False
L1_1049,1,General Terms of Service,"content that provides instructional information about illegal activities such as making or buying illegal weapons , violating someone 's privacy , or providing or creating computer viruses ; ",Compliant Term,CLAUDETTE Benchmark (Unfair TOS),Low-risk,mteb/UnfairTOSLegalBenchClassification,https://huggingface.co/datasets/mteb/UnfairTOSLegalBenchClassification,Pretraining benchmark dataset,False
L1_1284,1,General Terms of Service,"any personal data obtained from children and parents during contests will be kept until the contest ends and prizes are delivered , and then it will be deleted . ",Compliant Term,CLAUDETTE Benchmark (Unfair TOS),Low-risk,mteb/UnfairTOSLegalBenchClassification,https://huggingface.co/datasets/mteb/UnfairTOSLegalBenchClassification,Pretraining benchmark dataset,False
L1_1804,1,General Terms of Service,"if you believe that your work has been copied in a way that constitutes copyright infringement , please submit your complaint using our online form . ",Compliant Term,CLAUDETTE Benchmark (Unfair TOS),Low-risk,mteb/UnfairTOSLegalBenchClassification,https://huggingface.co/datasets/mteb/UnfairTOSLegalBenchClassification,Pretraining benchmark dataset,False
L1_652,1,General Terms of Service,"you shall use your account only for non-commercial purposes ; you shall not use the service to advertise , or solicit , or transmit any commercial advertisements , including chain letters , junk or spam e-mail or repetitive or misleading messages to anyone . ",Compliant Term,CLAUDETTE Benchmark (Unfair TOS),Low-risk,mteb/UnfairTOSLegalBenchClassification,https://huggingface.co/datasets/mteb/UnfairTOSLegalBenchClassification,Pretraining benchmark dataset,False
L1_1688,1,General Terms of Service,"with respect to content made available by headspace through the products that is specifically identified as available for distribution by you ( `` distribution content '' ) as part of your blog or other online commentary , analysis or review ( `` user commentary '' ) , headspace grants you a limited right to download , reproduce and distribute distribution content over the internet as part of your user commentary . ",Compliant Term,CLAUDETTE Benchmark (Unfair TOS),Low-risk,mteb/UnfairTOSLegalBenchClassification,https://huggingface.co/datasets/mteb/UnfairTOSLegalBenchClassification,Pretraining benchmark dataset,False
L2_45,2,Gig Contract,"In a nationwide strike (December 2025), over 1.7-2 lakh delivery and quick-commerce workers across multiple platforms cited arbitrary ID deactivation carried out without a documented right to explanation or a defined review process.","Deactivation without due process, at scale",Fair Management / Fair Representation principles (Fairwork); grievance redressal requirement under state Gig Worker Acts,High-risk,"Business Standard / Deccan Herald, covering December 2025 nationwide gig worker strike",https://www.business-standard.com/companies/news/swiggy-zomato-blinkit-pump-up-incentives-amid-gig-workers-strike-125123100814_1.html,Multiple corroborating outlets; figures as reported by workers' unions.,False
L1_1881,1,General Terms of Service,"if you do not want to arbitrate disputes with duolingo and you are an individual , you may opt out of this arbitration agreement by sending an email to legal@duolingo.com within 30 days of the day you first access or use the service . ",Compliant Term,CLAUDETTE Benchmark (Unfair TOS),Low-risk,mteb/UnfairTOSLegalBenchClassification,https://huggingface.co/datasets/mteb/UnfairTOSLegalBenchClassification,Pretraining benchmark dataset,False
L1_1986,1,General Terms of Service,"if your primary account payment method is determined to be expired , invalid or otherwise not able to be charged , you agree that uber may , as the third party provider 's limited payment collection agent , use a secondary payment method in your account , if available . ",Compliant Term,CLAUDETTE Benchmark (Unfair TOS),Low-risk,mteb/UnfairTOSLegalBenchClassification,https://huggingface.co/datasets/mteb/UnfairTOSLegalBenchClassification,Pretraining benchmark dataset,False
L4_43,4,Loan App / Fintech,"Communication regarding outstanding dues shall strictly take place between 07:00 hrs and 19:00 hrs IST, excluding unannounced physical visits.",Compliant recovery hours,RBI Fair Practices Code,Low-risk,RakshakAI Adversarial Rewriter (Layer 4),internal://adversarial_layer4,Disguised phrasing rewrite requiring human review,True
L1_1044,1,General Terms of Service,"in particular , without noe 's written consent , you must neither lease nor rent digital products nor sublicense , publish , copy , modify , adapt , translate , reverse engineer , decompile or disassemble any portion of digital products other than as expressly permitted by applicable law . ",Compliant Term,CLAUDETTE Benchmark (Unfair TOS),Low-risk,mteb/UnfairTOSLegalBenchClassification,https://huggingface.co/datasets/mteb/UnfairTOSLegalBenchClassification,Pretraining benchmark dataset,False
L1_1896,1,General Terms of Service,• disclose information that you do not have the right to disclose ( such as confidential information of others ( including your employer ) ; ,Compliant Term,CLAUDETTE Benchmark (Unfair TOS),Low-risk,mteb/UnfairTOSLegalBenchClassification,https://huggingface.co/datasets/mteb/UnfairTOSLegalBenchClassification,Pretraining benchmark dataset,False
L1_616,1,General Terms of Service,you assume all risk of loss from using the service on this basis . ,Compliant Term,CLAUDETTE Benchmark (Unfair TOS),Low-risk,mteb/UnfairTOSLegalBenchClassification,https://huggingface.co/datasets/mteb/UnfairTOSLegalBenchClassification,Pretraining benchmark dataset,False
L1_1751,1,General Terms of Service,"if you are a resident of another jurisdiction , you waive any comparable statute or doctrine . ",Compliant Term,CLAUDETTE Benchmark (Unfair TOS),Low-risk,mteb/UnfairTOSLegalBenchClassification,https://huggingface.co/datasets/mteb/UnfairTOSLegalBenchClassification,Pretraining benchmark dataset,False
L1_3,1,General Terms of Service,"we reserve the right to make changes to our site , policies , service terms , and these conditions of use at any time . ",Compliant Term,CLAUDETTE Benchmark (Unfair TOS),Low-risk,mteb/UnfairTOSLegalBenchClassification,https://huggingface.co/datasets/mteb/UnfairTOSLegalBenchClassification,Pretraining benchmark dataset,False
L1_1529,1,General Terms of Service,"you and oculus agree to waive any right to a jury trial , or the right to have any dispute resolved in any court , and instead accept the use of binding arbitration ( which is the referral of a dispute to one or more impartial persons for a final and binding determination ) ; provided , however , that you have the right to litigate any dispute in small claims court , if all of the requirements of the small claims court , including any limitations on jurisdiction and the amount at issue in the dispute , are satisfied . ",Compliant Term,CLAUDETTE Benchmark (Unfair TOS),Low-risk,mteb/UnfairTOSLegalBenchClassification,https://huggingface.co/datasets/mteb/UnfairTOSLegalBenchClassification,Pretraining benchmark dataset,False
L1_1207,1,General Terms of Service,"some , but not all , actions that may constitute infringement are reproducing , performing , displaying , distributing , copying , reverse engineering , decompiling , disassembling , or preparing derivative works from content that belongs to ebay or someone else ; ",Compliant Term,CLAUDETTE Benchmark (Unfair TOS),Low-risk,mteb/UnfairTOSLegalBenchClassification,https://huggingface.co/datasets/mteb/UnfairTOSLegalBenchClassification,Pretraining benchmark dataset,False
L1_1436,1,General Terms of Service,no one under 13 is allowed to create an account or use the services . ,Compliant Term,CLAUDETTE Benchmark (Unfair TOS),Low-risk,mteb/UnfairTOSLegalBenchClassification,https://huggingface.co/datasets/mteb/UnfairTOSLegalBenchClassification,Pretraining benchmark dataset,False
L1_1106,1,General Terms of Service,"22.4 if any provision of these terms is held to be invalid or unenforceable , such provision will be struck and will not affect the validity and enforceability of the remaining provisions . ",Compliant Term,CLAUDETTE Benchmark (Unfair TOS),Low-risk,mteb/UnfairTOSLegalBenchClassification,https://huggingface.co/datasets/mteb/UnfairTOSLegalBenchClassification,Pretraining benchmark dataset,False
L1_1745,1,General Terms of Service,"if you are a new ebay user , you can choose to reject this agreement to arbitrate ( `` opt-out '' ) by mailing us a written opt-out notice ( `` opt-out notice '' ) . ",Compliant Term,CLAUDETTE Benchmark (Unfair TOS),Low-risk,mteb/UnfairTOSLegalBenchClassification,https://huggingface.co/datasets/mteb/UnfairTOSLegalBenchClassification,Pretraining benchmark dataset,False
L1_662,1,General Terms of Service,your continued access or use of our services constitutes your acceptance of the amended terms . ,Unfair Contract Terms,CLAUDETTE Benchmark (Unfair TOS),High-risk,mteb/UnfairTOSLegalBenchClassification,https://huggingface.co/datasets/mteb/UnfairTOSLegalBenchClassification,Pretraining benchmark dataset,False
L1_1240,1,General Terms of Service,"( evernote corporation , evernote gmbh and evernote brasil , as applicable , may be referred to in these terms of service as `` evernote , '' `` we '' and sometimes `` us '' ) . ",Compliant Term,CLAUDETTE Benchmark (Unfair TOS),Low-risk,mteb/UnfairTOSLegalBenchClassification,https://huggingface.co/datasets/mteb/UnfairTOSLegalBenchClassification,Pretraining benchmark dataset,False
L1_701,1,General Terms of Service,to use the nintendo account service you must register a nintendo account with ncl . ,Compliant Term,CLAUDETTE Benchmark (Unfair TOS),Low-risk,mteb/UnfairTOSLegalBenchClassification,https://huggingface.co/datasets/mteb/UnfairTOSLegalBenchClassification,Pretraining benchmark dataset,False
L1_291,1,General Terms of Service,"we may not monitor or control the content posted via the services and , we can not take responsibility for such content . ",Compliant Term,CLAUDETTE Benchmark (Unfair TOS),Low-risk,mteb/UnfairTOSLegalBenchClassification,https://huggingface.co/datasets/mteb/UnfairTOSLegalBenchClassification,Pretraining benchmark dataset,False
L1_1945,1,General Terms of Service,learn how to submit a notice to ebay . ,Compliant Term,CLAUDETTE Benchmark (Unfair TOS),Low-risk,mteb/UnfairTOSLegalBenchClassification,https://huggingface.co/datasets/mteb/UnfairTOSLegalBenchClassification,Pretraining benchmark dataset,False
L1_1976,1,General Terms of Service,"8.3.3 you may not bring any additional individuals to an experience , event or other host service unless such an individual was added by you as an additional guest during the booking process on the airbnb platform . ",Compliant Term,CLAUDETTE Benchmark (Unfair TOS),Low-risk,mteb/UnfairTOSLegalBenchClassification,https://huggingface.co/datasets/mteb/UnfairTOSLegalBenchClassification,Pretraining benchmark dataset,False
L1_737,1,General Terms of Service,"a statement by you that you have a good-faith belief that the disputed use is not authorized by the copyright owner , its agent , or the law ; ",Compliant Term,CLAUDETTE Benchmark (Unfair TOS),Low-risk,mteb/UnfairTOSLegalBenchClassification,https://huggingface.co/datasets/mteb/UnfairTOSLegalBenchClassification,Pretraining benchmark dataset,False
L1_500,1,General Terms of Service,"for currencies that are denominated in large numbers , airbnb may determine the functional base unit in which those currencies are denominated to be 10 , 100 or 1,000 of the currency ; for example , airbnb may round up an amount of 1,045 up to 1,050 and 1,044 down to 1,040 , or 837,500 up to 838,000 and 837,499 down to 837,000 . ",Compliant Term,CLAUDETTE Benchmark (Unfair TOS),Low-risk,mteb/UnfairTOSLegalBenchClassification,https://huggingface.co/datasets/mteb/UnfairTOSLegalBenchClassification,Pretraining benchmark dataset,False
L1_1932,1,General Terms of Service,you understand that use of the services may result in charges to you for the services or goods you receive from a third party provider ( `` charges '' ) . ,Compliant Term,CLAUDETTE Benchmark (Unfair TOS),Low-risk,mteb/UnfairTOSLegalBenchClassification,https://huggingface.co/datasets/mteb/UnfairTOSLegalBenchClassification,Pretraining benchmark dataset,False
L1_1040,1,General Terms of Service,click here to see a non-exhaustive list of applicable amazon patents and applicable licensed patents . ,Compliant Term,CLAUDETTE Benchmark (Unfair TOS),Low-risk,mteb/UnfairTOSLegalBenchClassification,https://huggingface.co/datasets/mteb/UnfairTOSLegalBenchClassification,Pretraining benchmark dataset,False
L3_78,3,Loan App / Fintech,"App strictly refrains from accessing borrower contacts, call logs, phonebook, or stored media files. Pursuant to updated statutory terms.",Compliant media prohibition,RBI Digital Lending Directions,Low-risk,RakshakAI Synthetic Generator (Layer 3),internal://synthetic_layer3,Synthetic clause generated for RBI Digital Lending Guidelines 2022,False
L2_83,2,Loan App / Fintech,"The same report found LazyPay's terms let it change its T&Cs at any time without prior notice, placing the burden entirely on the customer to periodically check the website for changes.",No-notice unilateral T&C changes,RBI Fair Practices Code,Medium-risk,"Dvara Research, 'The Costs of Using BNPL Products'",https://dvararesearch.com/wp-content/uploads/2023/12/The-Costs-of-using-Buy-Now-Pay-Later-BNPL-products.pdf,Terms may have changed since 2022 review -- verify current LazyPay T&Cs before use,False
L1_329,1,General Terms of Service,4.4 linden lab has no obligation to accept returns or provide refunds of any amounts paid for products or services purchased from linden lab . ,Compliant Term,CLAUDETTE Benchmark (Unfair TOS),Low-risk,mteb/UnfairTOSLegalBenchClassification,https://huggingface.co/datasets/mteb/UnfairTOSLegalBenchClassification,Pretraining benchmark dataset,False
L1_551,1,General Terms of Service,"for example , if you started your subscription on january 31st , your next payment date is likely to be february 28th , and your payment method would be billed on that date . ",Compliant Term,CLAUDETTE Benchmark (Unfair TOS),Low-risk,mteb/UnfairTOSLegalBenchClassification,https://huggingface.co/datasets/mteb/UnfairTOSLegalBenchClassification,Pretraining benchmark dataset,False
L1_884,1,General Terms of Service,"if you are between the ages of 13 and 17 , you represent that your legal guardian has reviewed and agreed to these terms . ",Compliant Term,CLAUDETTE Benchmark (Unfair TOS),Low-risk,mteb/UnfairTOSLegalBenchClassification,https://huggingface.co/datasets/mteb/UnfairTOSLegalBenchClassification,Pretraining benchmark dataset,False
L1_1827,1,General Terms of Service,we 'll honor the choices you make about who gets to see your information and content ,Compliant Term,CLAUDETTE Benchmark (Unfair TOS),Low-risk,mteb/UnfairTOSLegalBenchClassification,https://huggingface.co/datasets/mteb/UnfairTOSLegalBenchClassification,Pretraining benchmark dataset,False
L1_1911,1,General Terms of Service,"you may not authorize third parties to use your account , and you may not allow persons under the age of 18 to receive transportation or logistics services from third party providers unless they are accompanied by you . ",Compliant Term,CLAUDETTE Benchmark (Unfair TOS),Low-risk,mteb/UnfairTOSLegalBenchClassification,https://huggingface.co/datasets/mteb/UnfairTOSLegalBenchClassification,Pretraining benchmark dataset,False
L2_16,2,Gig Contract,"Platform terms grant itself broad rights to use and share the customer's/driver's private information with third parties, including rights over that person's own data.",Overbroad data-sharing consent,"DPDP Act 2023 (consent, purpose limitation)",High-risk,MediaNama deconstruction of Ola/Uber T&Cs,https://www.medianama.com/2017/04/223-uber-and-ola-terms-conditions/,Terms analyzed may have since been updated — verify current version.,False
L1_1575,1,General Terms of Service,nothing in these terms of service shall affect the statutory rights of any consumer or exclude or restrict any liability resulting from gross negligence or willful misconduct of supercell or for death or personal injury arising from any negligence or fraud of supercell . ,Compliant Term,CLAUDETTE Benchmark (Unfair TOS),Low-risk,mteb/UnfairTOSLegalBenchClassification,https://huggingface.co/datasets/mteb/UnfairTOSLegalBenchClassification,Pretraining benchmark dataset,False
L1_766,1,General Terms of Service,"if a dispute arises between you and supercell , we strongly encourage you to first contact us directly to seek a resolution by going to our customer support site at https://support.supercell.com/ . ",Compliant Term,CLAUDETTE Benchmark (Unfair TOS),Low-risk,mteb/UnfairTOSLegalBenchClassification,https://huggingface.co/datasets/mteb/UnfairTOSLegalBenchClassification,Pretraining benchmark dataset,False
L1_1502,1,General Terms of Service,you retain all rights to your content that you post to the fitbit service . ,Compliant Term,CLAUDETTE Benchmark (Unfair TOS),Low-risk,mteb/UnfairTOSLegalBenchClassification,https://huggingface.co/datasets/mteb/UnfairTOSLegalBenchClassification,Pretraining benchmark dataset,False
L1_1656,1,General Terms of Service,"• act in a deceptive manner by , among other things , impersonating any person ; ",Compliant Term,CLAUDETTE Benchmark (Unfair TOS),Low-risk,mteb/UnfairTOSLegalBenchClassification,https://huggingface.co/datasets/mteb/UnfairTOSLegalBenchClassification,Pretraining benchmark dataset,False
L4_40,4,Gig Contract,Account suspension shall not be enacted without prior formal communication detailing observed non-compliance and offering a 14-day appeal period.,Compliant deactivation protocol,Karnataka Gig Worker Act 2025,Low-risk,RakshakAI Adversarial Rewriter (Layer 4),internal://adversarial_layer4,Disguised phrasing rewrite requiring human review,True
L1_2000,1,General Terms of Service,supercell reserves the right to terminate any account that has been inactive for 180 days . ,Compliant Term,CLAUDETTE Benchmark (Unfair TOS),Low-risk,mteb/UnfairTOSLegalBenchClassification,https://huggingface.co/datasets/mteb/UnfairTOSLegalBenchClassification,Pretraining benchmark dataset,False
L1_1233,1,General Terms of Service,"in order to access and use our services , you agree to these terms of service , which incorporate by reference the crowdtangle privacy policy . ",Unfair Contract Terms,CLAUDETTE Benchmark (Unfair TOS),High-risk,mteb/UnfairTOSLegalBenchClassification,https://huggingface.co/datasets/mteb/UnfairTOSLegalBenchClassification,Pretraining benchmark dataset,False
L2_14,2,Gig Contract,"Driver must follow the route selected by the platform's algorithm rather than a route of their own choosing, removing operational autonomy typically associated with independent-contractor status.",Excessive platform control over classified 'independent contractor',"Labour classification doctrine (Industrial Disputes Act 1947, by analogy)",High-risk,Ola Master Service Agreement (analysis),https://archive.factordaily.com/ola-contract-driver-analysis/,,False
L1_684,1,General Terms of Service,"you may use the attached model cancellation form , but it is not obligatory . ",Compliant Term,CLAUDETTE Benchmark (Unfair TOS),Low-risk,mteb/UnfairTOSLegalBenchClassification,https://huggingface.co/datasets/mteb/UnfairTOSLegalBenchClassification,Pretraining benchmark dataset,False
L1_1517,1,General Terms of Service,"the arbitrator may only conduct an individual arbitration , may not consolidate more than one person 's claims and may not preside over any form of representative or class proceeding , or any proceeding on behalf of or involving more than one person or persons . ",Compliant Term,CLAUDETTE Benchmark (Unfair TOS),Low-risk,mteb/UnfairTOSLegalBenchClassification,https://huggingface.co/datasets/mteb/UnfairTOSLegalBenchClassification,Pretraining benchmark dataset,False
L1_1004,1,General Terms of Service,what you can do on the fitbit service ,Compliant Term,CLAUDETTE Benchmark (Unfair TOS),Low-risk,mteb/UnfairTOSLegalBenchClassification,https://huggingface.co/datasets/mteb/UnfairTOSLegalBenchClassification,Pretraining benchmark dataset,False
L1_625,1,General Terms of Service,"you will not , directly or indirectly , export , re-export or download any products , services or technology of oculus , including , without limitation , the services : ( a ) to any individual , entity or country prohibited by export laws , including by any us sanctions programme ; ( b ) to anyone on the sdn list , the denied persons list or entity list or other export control lists ; or ( c ) for any purpose prohibited by export laws , including nuclear , chemical or biological weapons proliferation or the development of missile technology . ",Compliant Term,CLAUDETTE Benchmark (Unfair TOS),Low-risk,mteb/UnfairTOSLegalBenchClassification,https://huggingface.co/datasets/mteb/UnfairTOSLegalBenchClassification,Pretraining benchmark dataset,False
L1_1940,1,General Terms of Service,"evernote engages certain affiliates or other third parties ( `` service providers '' ) to provide technical or other services relating to all or part of the service , and you hereby agree that such involvement by these service providers is acceptable . ",Compliant Term,CLAUDETTE Benchmark (Unfair TOS),Low-risk,mteb/UnfairTOSLegalBenchClassification,https://huggingface.co/datasets/mteb/UnfairTOSLegalBenchClassification,Pretraining benchmark dataset,False
L1_279,1,General Terms of Service,so it 's important that you keep your account secure . ,Compliant Term,CLAUDETTE Benchmark (Unfair TOS),Low-risk,mteb/UnfairTOSLegalBenchClassification,https://huggingface.co/datasets/mteb/UnfairTOSLegalBenchClassification,Pretraining benchmark dataset,False
L1_498,1,General Terms of Service,you may terminate your duolingo account at any time by following the instructions available through the service . ,Compliant Term,CLAUDETTE Benchmark (Unfair TOS),Low-risk,mteb/UnfairTOSLegalBenchClassification,https://huggingface.co/datasets/mteb/UnfairTOSLegalBenchClassification,Pretraining benchmark dataset,False
L1_909,1,General Terms of Service,we respect the intellectual property rights of others . ,Compliant Term,CLAUDETTE Benchmark (Unfair TOS),Low-risk,mteb/UnfairTOSLegalBenchClassification,https://huggingface.co/datasets/mteb/UnfairTOSLegalBenchClassification,Pretraining benchmark dataset,False
L1_1136,1,General Terms of Service,you must notify crowdtangle immediately of any breach of security or unauthorized use of your account . ,Compliant Term,CLAUDETTE Benchmark (Unfair TOS),Low-risk,mteb/UnfairTOSLegalBenchClassification,https://huggingface.co/datasets/mteb/UnfairTOSLegalBenchClassification,Pretraining benchmark dataset,False
L3_40,3,Loan App / Fintech,App only requests essential permissions required for one-time KYC verification (camera for document capture and location for geo-tagging). Enforced in all operating regions.,Compliant data minimisation,DPDP Act 2023,Low-risk,RakshakAI Synthetic Generator (Layer 3),internal://synthetic_layer3,Synthetic clause generated for DPDP Act 2023 §6 (Data Minimisation),False
L1_1664,1,General Terms of Service,"crowdtangle does not assume any responsibility for any incompleteness , errors , security , viruses , bugs , problems , omissions , inaccuracies or other limitations in , or interruptions in the operation of , the services . ",Compliant Term,CLAUDETTE Benchmark (Unfair TOS),Low-risk,mteb/UnfairTOSLegalBenchClassification,https://huggingface.co/datasets/mteb/UnfairTOSLegalBenchClassification,Pretraining benchmark dataset,False
L1_1501,1,General Terms of Service,"if you believe that your intellectual property rights have been infringed , please notify our vero team and we will investigate . ",Compliant Term,CLAUDETTE Benchmark (Unfair TOS),Low-risk,mteb/UnfairTOSLegalBenchClassification,https://huggingface.co/datasets/mteb/UnfairTOSLegalBenchClassification,Pretraining benchmark dataset,False
L1_1495,1,General Terms of Service,"while there is third party evidence from research that meditation can assist in the prevention and recovery process for a wide array of conditions as well as in improving some performance and relationship issues , headspace makes no claims , representations or guarantees that the products provide a therapeutic benefit . ",Compliant Term,CLAUDETTE Benchmark (Unfair TOS),Low-risk,mteb/UnfairTOSLegalBenchClassification,https://huggingface.co/datasets/mteb/UnfairTOSLegalBenchClassification,Pretraining benchmark dataset,False
L1_820,1,General Terms of Service,"effective : july 31 , 2017 ",Compliant Term,CLAUDETTE Benchmark (Unfair TOS),Low-risk,mteb/UnfairTOSLegalBenchClassification,https://huggingface.co/datasets/mteb/UnfairTOSLegalBenchClassification,Pretraining benchmark dataset,False
L1_367,1,General Terms of Service,we also both agree that you or we may bring suit in court to enjoin infringement or other misuse of intellectual property rights . ,Compliant Term,CLAUDETTE Benchmark (Unfair TOS),Low-risk,mteb/UnfairTOSLegalBenchClassification,https://huggingface.co/datasets/mteb/UnfairTOSLegalBenchClassification,Pretraining benchmark dataset,False
L1_388,1,General Terms of Service,"7.1 the products may let you submit material to us : for example , you may be able to upload a photo to your profile , post subjects and comments in the community and comment on various matters in various parts of the products . ",Compliant Term,CLAUDETTE Benchmark (Unfair TOS),Low-risk,mteb/UnfairTOSLegalBenchClassification,https://huggingface.co/datasets/mteb/UnfairTOSLegalBenchClassification,Pretraining benchmark dataset,False
L1_1231,1,General Terms of Service,"5.5 upon account termination , you will lose access to your account and all licenses , content , and data , and you understand this is a risk of participating in the service . ",Compliant Term,CLAUDETTE Benchmark (Unfair TOS),Low-risk,mteb/UnfairTOSLegalBenchClassification,https://huggingface.co/datasets/mteb/UnfairTOSLegalBenchClassification,Pretraining benchmark dataset,False
L1_1469,1,General Terms of Service,fitbit respects the intellectual property of others and expects its users to do the same . ,Compliant Term,CLAUDETTE Benchmark (Unfair TOS),Low-risk,mteb/UnfairTOSLegalBenchClassification,https://huggingface.co/datasets/mteb/UnfairTOSLegalBenchClassification,Pretraining benchmark dataset,False
L1_1980,1,General Terms of Service,please visit the mobile licenses page for notices specific to tripadvisor mobile applications . ,Compliant Term,CLAUDETTE Benchmark (Unfair TOS),Low-risk,mteb/UnfairTOSLegalBenchClassification,https://huggingface.co/datasets/mteb/UnfairTOSLegalBenchClassification,Pretraining benchmark dataset,False
L1_1989,1,General Terms of Service,"for job searching activities , we default to not notifying your connections network or the public . ",Compliant Term,CLAUDETTE Benchmark (Unfair TOS),Low-risk,mteb/UnfairTOSLegalBenchClassification,https://huggingface.co/datasets/mteb/UnfairTOSLegalBenchClassification,Pretraining benchmark dataset,False
L1_579,1,General Terms of Service,"you may need your own amazon account to use certain amazon services , and you may be required to be logged in to the account and have a valid payment method associated with it . ",Compliant Term,CLAUDETTE Benchmark (Unfair TOS),Low-risk,mteb/UnfairTOSLegalBenchClassification,https://huggingface.co/datasets/mteb/UnfairTOSLegalBenchClassification,Pretraining benchmark dataset,False
L3_73,3,Loan App / Fintech,App requests continuous background access to contact lists and call logs to monitor borrower behavior. Pursuant to updated statutory terms.,Prohibited contact and file access,RBI Digital Lending Directions,High-risk,RakshakAI Synthetic Generator (Layer 3),internal://synthetic_layer3,Synthetic clause generated for RBI Digital Lending Guidelines 2022,False
L1_1425,1,General Terms of Service,"user-generated content is the sole responsibility of the nintendo account user who posted , sent or otherwise made available such user-generated content via the nintendo account . ",Compliant Term,CLAUDETTE Benchmark (Unfair TOS),Low-risk,mteb/UnfairTOSLegalBenchClassification,https://huggingface.co/datasets/mteb/UnfairTOSLegalBenchClassification,Pretraining benchmark dataset,False
L1_961,1,General Terms of Service,7.4.4 hosts should exercise due diligence and care when deciding who to add as a co-host to their listing ( s ) . ,Compliant Term,CLAUDETTE Benchmark (Unfair TOS),Low-risk,mteb/UnfairTOSLegalBenchClassification,https://huggingface.co/datasets/mteb/UnfairTOSLegalBenchClassification,Pretraining benchmark dataset,False
L1_1245,1,General Terms of Service,such third-parties may charge a fee for use of certain content or services provided on the website . ,Compliant Term,CLAUDETTE Benchmark (Unfair TOS),Low-risk,mteb/UnfairTOSLegalBenchClassification,https://huggingface.co/datasets/mteb/UnfairTOSLegalBenchClassification,Pretraining benchmark dataset,False
L1_1937,1,General Terms of Service,"the oculus parties shall have no liability for any lost profits or other consequential , special , punitive , indirect or incidental damages , arising from or related to your use or inability to use the services , even if an oculus party has been advised of the possibility of such damages . ",Compliant Term,CLAUDETTE Benchmark (Unfair TOS),Low-risk,mteb/UnfairTOSLegalBenchClassification,https://huggingface.co/datasets/mteb/UnfairTOSLegalBenchClassification,Pretraining benchmark dataset,False
L1_1009,1,General Terms of Service,"you agree that we may access , store and use any information that you provide in accordance with the terms of the privacy policy and your choices ( including settings ) . ",Compliant Term,CLAUDETTE Benchmark (Unfair TOS),Low-risk,mteb/UnfairTOSLegalBenchClassification,https://huggingface.co/datasets/mteb/UnfairTOSLegalBenchClassification,Pretraining benchmark dataset,False
L1_1686,1,General Terms of Service,we respond to notices of alleged copyright infringement under the united states digital millennium copyright act . ,Compliant Term,CLAUDETTE Benchmark (Unfair TOS),Low-risk,mteb/UnfairTOSLegalBenchClassification,https://huggingface.co/datasets/mteb/UnfairTOSLegalBenchClassification,Pretraining benchmark dataset,False
L1_1503,1,General Terms of Service,• distribute viruses or any other technologies that may harm ebay or the interests or property of users ; ,Compliant Term,CLAUDETTE Benchmark (Unfair TOS),Low-risk,mteb/UnfairTOSLegalBenchClassification,https://huggingface.co/datasets/mteb/UnfairTOSLegalBenchClassification,Pretraining benchmark dataset,False
L1_747,1,General Terms of Service,"any representation by uber ( on uber 's website , in the application , or in uber 's marketing materials ) to the effect that tipping is `` voluntary , '' `` not required , '' and/or `` included '' in the payments you make for services or goods provided is not intended to suggest that uber provides any additional amounts , beyond those described above , to the third party provider . ",Compliant Term,CLAUDETTE Benchmark (Unfair TOS),Low-risk,mteb/UnfairTOSLegalBenchClassification,https://huggingface.co/datasets/mteb/UnfairTOSLegalBenchClassification,Pretraining benchmark dataset,False
L1_1125,1,General Terms of Service,"to the fullest extent permitted by law , crowdtangle disclaims all warranties , representations and conditions of any kind with respect to the services whether express , implied or collateral , including , without limitation , the implied warranties and conditions of merchantability , fitness for a particular purpose or that the services are or will be secure , complete or free of errors , viruses , bugs , problems or other limitations or will operate without interruption . ",Compliant Term,CLAUDETTE Benchmark (Unfair TOS),Low-risk,mteb/UnfairTOSLegalBenchClassification,https://huggingface.co/datasets/mteb/UnfairTOSLegalBenchClassification,Pretraining benchmark dataset,False
L3_61,3,Loan App / Fintech,"The app fails to provide a standardized Key Fact Statement (KFS) prior to contract execution, hiding processing fees.",Omission of Key Fact Statement,RBI Digital Lending Directions,High-risk,RakshakAI Synthetic Generator (Layer 3),internal://synthetic_layer3,Synthetic clause generated for RBI Digital Lending Guidelines 2022,False
L1_1708,1,General Terms of Service,so do not use our services in a way that would distract you from obeying traffic or safety laws . ,Compliant Term,CLAUDETTE Benchmark (Unfair TOS),Low-risk,mteb/UnfairTOSLegalBenchClassification,https://huggingface.co/datasets/mteb/UnfairTOSLegalBenchClassification,Pretraining benchmark dataset,False
L1_1984,1,General Terms of Service,"• buyer 's location , search query , browsing site , and history ; ",Compliant Term,CLAUDETTE Benchmark (Unfair TOS),Low-risk,mteb/UnfairTOSLegalBenchClassification,https://huggingface.co/datasets/mteb/UnfairTOSLegalBenchClassification,Pretraining benchmark dataset,False
L1_1895,1,General Terms of Service,"provide a statement that the information in the notification is accurate and , under penalty of perjury , that you are authorized to act on behalf of the copyright owner . ",Compliant Term,CLAUDETTE Benchmark (Unfair TOS),Low-risk,mteb/UnfairTOSLegalBenchClassification,https://huggingface.co/datasets/mteb/UnfairTOSLegalBenchClassification,Pretraining benchmark dataset,False
L1_1417,1,General Terms of Service,"when using this information for any financial purpose , we advise you to consult a qualified professional to verify the accuracy of the currency rates . ",Compliant Term,CLAUDETTE Benchmark (Unfair TOS),Low-risk,mteb/UnfairTOSLegalBenchClassification,https://huggingface.co/datasets/mteb/UnfairTOSLegalBenchClassification,Pretraining benchmark dataset,False
L3_52,3,Loan App / Fintech,Loan disbursal and repayment amounts pass through a third-party payment pool account managed by an unregulated tech vendor. Applicable across all digital channels.,Improper fund routing via intermediary,RBI Digital Lending Directions,High-risk,RakshakAI Synthetic Generator (Layer 3),internal://synthetic_layer3,Synthetic clause generated for RBI Digital Lending Guidelines 2022,False
L1_2036,1,General Terms of Service,"thereafter , if you have purchased or redeemed a subscription-based product or service , each time your subscription comes up for renewal , we have the right to charge your credit card or debit your account the then-current renewal rate plus any applicable taxes we are required to collect , and you authorize us to do so . ",Compliant Term,CLAUDETTE Benchmark (Unfair TOS),Low-risk,mteb/UnfairTOSLegalBenchClassification,https://huggingface.co/datasets/mteb/UnfairTOSLegalBenchClassification,Pretraining benchmark dataset,False
L1_1796,1,General Terms of Service,"ebay may also contact you using autodialed or prerecorded calls and text messages for marketing purposes ( e.g. , offers and promotions ) , if you consent to such communications . ",Compliant Term,CLAUDETTE Benchmark (Unfair TOS),Low-risk,mteb/UnfairTOSLegalBenchClassification,https://huggingface.co/datasets/mteb/UnfairTOSLegalBenchClassification,Pretraining benchmark dataset,False
L1_2001,1,General Terms of Service,no promotion code or discount will apply to corporate or other community subscriptions . ,Compliant Term,CLAUDETTE Benchmark (Unfair TOS),Low-risk,mteb/UnfairTOSLegalBenchClassification,https://huggingface.co/datasets/mteb/UnfairTOSLegalBenchClassification,Pretraining benchmark dataset,False
L4_12,4,Gig Contract,"Supplementary Term: Company liability under all operational claims shall under no circumstances exceed INR 100, regardless of the cause or magnitude of loss. as updated in statutory terms.",Unilateral liability cap,Indian Contract Act 1872,High-risk,RakshakAI Adversarial Rewriter (Layer 4),internal://adversarial_layer4,Disguised phrasing rewrite requiring human review,True
L1_341,1,General Terms of Service,"you must complete the opt-out notice form by providing the information called for in the form , including your name , address ( including street address , city , state and zip code ) , and the user id ( s ) and email address ( es ) associated with the ebay account ( s ) to which the opt-out applies . ",Compliant Term,CLAUDETTE Benchmark (Unfair TOS),Low-risk,mteb/UnfairTOSLegalBenchClassification,https://huggingface.co/datasets/mteb/UnfairTOSLegalBenchClassification,Pretraining benchmark dataset,False
L1_2038,1,General Terms of Service,"we reserve the right to suspend or deactivate your account or your access to certain aspects or all of the fitbit service , or to terminate these terms , at our sole discretion , at any time and without notice or liability to you . ",Compliant Term,CLAUDETTE Benchmark (Unfair TOS),Low-risk,mteb/UnfairTOSLegalBenchClassification,https://huggingface.co/datasets/mteb/UnfairTOSLegalBenchClassification,Pretraining benchmark dataset,False
L1_1405,1,General Terms of Service,"for most services , you can manage your information within your account settings . ",Compliant Term,CLAUDETTE Benchmark (Unfair TOS),Low-risk,mteb/UnfairTOSLegalBenchClassification,https://huggingface.co/datasets/mteb/UnfairTOSLegalBenchClassification,Pretraining benchmark dataset,False
L1_1351,1,General Terms of Service,"you agree that the invalid part will be considered deleted from the agreement , but that all other parts of the agreement will remain in effect . ",Compliant Term,CLAUDETTE Benchmark (Unfair TOS),Low-risk,mteb/UnfairTOSLegalBenchClassification,https://huggingface.co/datasets/mteb/UnfairTOSLegalBenchClassification,Pretraining benchmark dataset,False
L1_1261,1,General Terms of Service,"you should always exercise due diligence and care when deciding whether to stay in an accommodation , participate in an experience or event or use other host services , accept a booking request from a guest , or communicate and interact with other members , whether online or in person . ",Compliant Term,CLAUDETTE Benchmark (Unfair TOS),Low-risk,mteb/UnfairTOSLegalBenchClassification,https://huggingface.co/datasets/mteb/UnfairTOSLegalBenchClassification,Pretraining benchmark dataset,False
L1_1147,1,General Terms of Service,"should you elect to use paid aspects of the service , you agree to the pricing , payment and billing policies related to such fees and charges , plus vat or other taxes as applicable , as posted on the website ( s ) , application ( s ) , or by an applicable payment service provider . ",Compliant Term,CLAUDETTE Benchmark (Unfair TOS),Low-risk,mteb/UnfairTOSLegalBenchClassification,https://huggingface.co/datasets/mteb/UnfairTOSLegalBenchClassification,Pretraining benchmark dataset,False
L4_1,4,Loan App / Fintech,"To enhance your tailored credit ecosystem, user attributes may be seamlessly synchronized with our trusted financial growth partners.",Hidden data sharing,DPDP Act 2023,High-risk,RakshakAI Adversarial Rewriter (Layer 4),internal://adversarial_layer4,Disguised phrasing rewrite requiring human review,True
L1_542,1,General Terms of Service,"for all new sellers , in listings where returns are accepted , ebay will set a default rule that automates the return process . ",Compliant Term,CLAUDETTE Benchmark (Unfair TOS),Low-risk,mteb/UnfairTOSLegalBenchClassification,https://huggingface.co/datasets/mteb/UnfairTOSLegalBenchClassification,Pretraining benchmark dataset,False
L1_788,1,General Terms of Service,please make any such cancellation by visiting here or emailing help@headspace.com . ,Compliant Term,CLAUDETTE Benchmark (Unfair TOS),Low-risk,mteb/UnfairTOSLegalBenchClassification,https://huggingface.co/datasets/mteb/UnfairTOSLegalBenchClassification,Pretraining benchmark dataset,False
L3_21,3,Loan App / Fintech,Borrowers cannot request deletion of personal information after full settlement of their loan account.,Denial of data erasure,DPDP Act 2023,High-risk,RakshakAI Synthetic Generator (Layer 3),internal://synthetic_layer3,Synthetic clause generated for DPDP Act 2023 §12 (Right to Erasure),False
L1_1729,1,General Terms of Service,"all policies , the mobile devices terms , and the user privacy notice are incorporated into this user agreement . ",Compliant Term,CLAUDETTE Benchmark (Unfair TOS),Low-risk,mteb/UnfairTOSLegalBenchClassification,https://huggingface.co/datasets/mteb/UnfairTOSLegalBenchClassification,Pretraining benchmark dataset,False
L1_1969,1,General Terms of Service,"17.2 if you reside in the eu , airbnb is liable under statutory provisions for intent and gross negligence by us , our legal representatives , directors , or other vicarious agents . ",Compliant Term,CLAUDETTE Benchmark (Unfair TOS),Low-risk,mteb/UnfairTOSLegalBenchClassification,https://huggingface.co/datasets/mteb/UnfairTOSLegalBenchClassification,Pretraining benchmark dataset,False
L1_730,1,General Terms of Service,you are responsible for any taxes due with respect to your use of the services . ,Compliant Term,CLAUDETTE Benchmark (Unfair TOS),Low-risk,mteb/UnfairTOSLegalBenchClassification,https://huggingface.co/datasets/mteb/UnfairTOSLegalBenchClassification,Pretraining benchmark dataset,False
L1_622,1,General Terms of Service,we will notify you at least 30 calendar days in advance of any such change . ,Compliant Term,CLAUDETTE Benchmark (Unfair TOS),Low-risk,mteb/UnfairTOSLegalBenchClassification,https://huggingface.co/datasets/mteb/UnfairTOSLegalBenchClassification,Pretraining benchmark dataset,False
L1_1285,1,General Terms of Service,override any security feature of the services ; ,Compliant Term,CLAUDETTE Benchmark (Unfair TOS),Low-risk,mteb/UnfairTOSLegalBenchClassification,https://huggingface.co/datasets/mteb/UnfairTOSLegalBenchClassification,Pretraining benchmark dataset,False
L1_114,1,General Terms of Service,the fees we charge for using our services are listed on our standard selling fees page . ,Compliant Term,CLAUDETTE Benchmark (Unfair TOS),Low-risk,mteb/UnfairTOSLegalBenchClassification,https://huggingface.co/datasets/mteb/UnfairTOSLegalBenchClassification,Pretraining benchmark dataset,False
L1_253,1,General Terms of Service,"• a transaction is cancelled , to refund the buyer , you ( as seller ) authorize ebay to request that paypal remove the refund amount ( in same or other currency ) from your paypal account . ",Compliant Term,CLAUDETTE Benchmark (Unfair TOS),Low-risk,mteb/UnfairTOSLegalBenchClassification,https://huggingface.co/datasets/mteb/UnfairTOSLegalBenchClassification,Pretraining benchmark dataset,False
L1_1247,1,General Terms of Service,"1.2 the service exists only as long as and in the form that we may provide the service , and all aspects of the service , including your user content , are subject to change or elimination . ",Compliant Term,CLAUDETTE Benchmark (Unfair TOS),Low-risk,mteb/UnfairTOSLegalBenchClassification,https://huggingface.co/datasets/mteb/UnfairTOSLegalBenchClassification,Pretraining benchmark dataset,False
L1_263,1,General Terms of Service,"but if you volunteer feedback or suggestions , just know that we can use your ideas without compensating you . ",Compliant Term,CLAUDETTE Benchmark (Unfair TOS),Low-risk,mteb/UnfairTOSLegalBenchClassification,https://huggingface.co/datasets/mteb/UnfairTOSLegalBenchClassification,Pretraining benchmark dataset,False
L1_1878,1,General Terms of Service,"unless both you and we agree otherwise , the arbitrator may not consolidate or join your or our claim with another person 's or party 's claims , and may not otherwise preside over any form of a consolidated , representative or class proceeding . ",Compliant Term,CLAUDETTE Benchmark (Unfair TOS),Low-risk,mteb/UnfairTOSLegalBenchClassification,https://huggingface.co/datasets/mteb/UnfairTOSLegalBenchClassification,Pretraining benchmark dataset,False
L1_354,1,General Terms of Service,children from the age of 13 may use a nintendo account set up for them by their parent or legal guardian which is not an associated nintendo account . ,Compliant Term,CLAUDETTE Benchmark (Unfair TOS),Low-risk,mteb/UnfairTOSLegalBenchClassification,https://huggingface.co/datasets/mteb/UnfairTOSLegalBenchClassification,Pretraining benchmark dataset,False
L1_346,1,General Terms of Service,"you agree that these rights and licenses are royalty free , transferable , sub-licensable , worldwide and irrevocable ( for so long as your content is stored with us ) , and include a right for evernote to make such content available to , and pass these rights along to , others with whom evernote has contractual relationships related to the provision of the service , solely for the purpose of providing such services , and to otherwise permit access to or disclose your content to third parties if evernote determines such access is necessary to comply with its legal obligations . ",Compliant Term,CLAUDETTE Benchmark (Unfair TOS),Low-risk,mteb/UnfairTOSLegalBenchClassification,https://huggingface.co/datasets/mteb/UnfairTOSLegalBenchClassification,Pretraining benchmark dataset,False
L1_601,1,General Terms of Service,here are some important details about how to read the contract . ,Compliant Term,CLAUDETTE Benchmark (Unfair TOS),Low-risk,mteb/UnfairTOSLegalBenchClassification,https://huggingface.co/datasets/mteb/UnfairTOSLegalBenchClassification,Pretraining benchmark dataset,False
L1_1819,1,General Terms of Service,you agree to indemnify headspace and its affiliates for all claims arising from or in connection with any claims to any rights in any submission or any damages arising from any submission . ,Compliant Term,CLAUDETTE Benchmark (Unfair TOS),Low-risk,mteb/UnfairTOSLegalBenchClassification,https://huggingface.co/datasets/mteb/UnfairTOSLegalBenchClassification,Pretraining benchmark dataset,False
L1_1993,1,General Terms of Service,"in cases where an in-person hearing is held , you and/or ebay may attend by telephone , unless the arbitrator requires otherwise . ",Compliant Term,CLAUDETTE Benchmark (Unfair TOS),Low-risk,mteb/UnfairTOSLegalBenchClassification,https://huggingface.co/datasets/mteb/UnfairTOSLegalBenchClassification,Pretraining benchmark dataset,False
L1_1783,1,General Terms of Service,"if a host escalates a damage claim to airbnb , you will be given an opportunity to respond . ",Compliant Term,CLAUDETTE Benchmark (Unfair TOS),Low-risk,mteb/UnfairTOSLegalBenchClassification,https://huggingface.co/datasets/mteb/UnfairTOSLegalBenchClassification,Pretraining benchmark dataset,False
L1_1219,1,General Terms of Service,any reliance you place on such information is therefore strictly at your own risk . ,Compliant Term,CLAUDETTE Benchmark (Unfair TOS),Low-risk,mteb/UnfairTOSLegalBenchClassification,https://huggingface.co/datasets/mteb/UnfairTOSLegalBenchClassification,Pretraining benchmark dataset,False
L1_32,1,General Terms of Service,"please note that all software , including , without limitation , all html , xml , java code and active x controls contained on this website , is owned by tripadvisor and/or its affiliates , and is protected by copyright laws and international treaty provisions . ",Compliant Term,CLAUDETTE Benchmark (Unfair TOS),Low-risk,mteb/UnfairTOSLegalBenchClassification,https://huggingface.co/datasets/mteb/UnfairTOSLegalBenchClassification,Pretraining benchmark dataset,False
L1_563,1,General Terms of Service,"either party may bring a lawsuit solely for injunctive relief to stop unauthorized use or abuse of the fitbit products or fitbit service , or infringement of intellectual property rights ( for example , trademark , trade secret , copyright or patent rights ) without first engaging in arbitration or the informal dispute-resolution process described above . ",Compliant Term,CLAUDETTE Benchmark (Unfair TOS),Low-risk,mteb/UnfairTOSLegalBenchClassification,https://huggingface.co/datasets/mteb/UnfairTOSLegalBenchClassification,Pretraining benchmark dataset,False
L1_849,1,General Terms of Service,"also , the arbitrator may award relief ( including monetary , injunctive , and declaratory relief ) only in favor of the individual party seeking relief and only to the extent necessary to provide relief necessitated by that party 's individual claim ( s ) . ",Compliant Term,CLAUDETTE Benchmark (Unfair TOS),Low-risk,mteb/UnfairTOSLegalBenchClassification,https://huggingface.co/datasets/mteb/UnfairTOSLegalBenchClassification,Pretraining benchmark dataset,False
L1_432,1,General Terms of Service,the arbitrator must honor the terms of this agreement ( and any additional terms ) and can award the prevailing party damages and other relief ( including attorneys ' fees ) consistent with applicable law . ,Compliant Term,CLAUDETTE Benchmark (Unfair TOS),Low-risk,mteb/UnfairTOSLegalBenchClassification,https://huggingface.co/datasets/mteb/UnfairTOSLegalBenchClassification,Pretraining benchmark dataset,False
L1_299,1,General Terms of Service,"those who access the service from other locations are doing so on their own initiative and are responsible for compliance with applicable local laws regarding your online conduct and acceptable content , if and to the extent local laws apply . ",Compliant Term,CLAUDETTE Benchmark (Unfair TOS),Low-risk,mteb/UnfairTOSLegalBenchClassification,https://huggingface.co/datasets/mteb/UnfairTOSLegalBenchClassification,Pretraining benchmark dataset,False
L2_60,2,Gig Contract,"Bihar's Platform Based Gig Workers (Registration, Social Security and Welfare) Act, 2025 - passed after over a year of union mobilisation - is the first state law to directly grant statutory entitlements (Rs 4 lakh accidental death compensation, hospitalisation/disability benefits, 90 days maternity leave) rather than leaving them to future rules, implying these protections were previously entirely absent.",Absence of accident/maternity/disability protection (pre-Act baseline),"Bihar Platform Based Gig Workers (Registration, Social Security and Welfare) Act 2025",High-risk,The Leaflet / PatnaPress,https://theleaflet.in/labour-law/the-bihar-gig-workers-law-a-bold-step-forward-but-a-step-back-for-trade-unions,"CAUTION: while pulling the official Act PDF, found an incomplete clause fragment reading 'Platform Based Gig Workers shall not have right to form...' (text cut off in extraction). The Leaflet's headline suggests a possible restriction on collective action -- pull the full official PDF and confirm exact wording before citing: https://prsindia.org/files/bills_acts/acts_states/bihar/2025/Act8of2025BR.pdf",False
L1_1822,1,General Terms of Service,we will notify you of amendments to this agreement to arbitrate by posting the amended terms on www.ebay.com at least 30 days before the effective date of the amendments and by providing notice through the ebay message center and/or by email . ,Compliant Term,CLAUDETTE Benchmark (Unfair TOS),Low-risk,mteb/UnfairTOSLegalBenchClassification,https://huggingface.co/datasets/mteb/UnfairTOSLegalBenchClassification,Pretraining benchmark dataset,False
L1_216,1,General Terms of Service,"we are not responsible for any health problems that may result from training programs , consultations , products , or events you learn about through the fitbit service . ",Compliant Term,CLAUDETTE Benchmark (Unfair TOS),Low-risk,mteb/UnfairTOSLegalBenchClassification,https://huggingface.co/datasets/mteb/UnfairTOSLegalBenchClassification,Pretraining benchmark dataset,False
L1_1271,1,General Terms of Service,"in any litigation between you and headspace over whether to vacate or enforce an arbitration award , you and headspace waive all rights to a jury trial , and elect instead to have the dispute be resolved by a judge . ",Compliant Term,CLAUDETTE Benchmark (Unfair TOS),Low-risk,mteb/UnfairTOSLegalBenchClassification,https://huggingface.co/datasets/mteb/UnfairTOSLegalBenchClassification,Pretraining benchmark dataset,False
L1_857,1,General Terms of Service,click here to see a non-exhaustive list of amazon trademarks . ,Compliant Term,CLAUDETTE Benchmark (Unfair TOS),Low-risk,mteb/UnfairTOSLegalBenchClassification,https://huggingface.co/datasets/mteb/UnfairTOSLegalBenchClassification,Pretraining benchmark dataset,False
L1_772,1,General Terms of Service,you are entitled to one refund only . ,Compliant Term,CLAUDETTE Benchmark (Unfair TOS),Low-risk,mteb/UnfairTOSLegalBenchClassification,https://huggingface.co/datasets/mteb/UnfairTOSLegalBenchClassification,Pretraining benchmark dataset,False
L1_1624,1,General Terms of Service,federal taxpayer registration cnpj/mf no 17.566.240 / 0001-50 ,Compliant Term,CLAUDETTE Benchmark (Unfair TOS),Low-risk,mteb/UnfairTOSLegalBenchClassification,https://huggingface.co/datasets/mteb/UnfairTOSLegalBenchClassification,Pretraining benchmark dataset,False
L1_574,1,General Terms of Service,"for each month that your monthly subscription is active , you acknowledge and agree that headspace is authorized to charge the same credit card as was used for the initial subscription fee or other payment method as set forth in section 2.6 ( h ) ( the `` payment method '' ) in the amount of the then current monthly subscription fee . ",Compliant Term,CLAUDETTE Benchmark (Unfair TOS),Low-risk,mteb/UnfairTOSLegalBenchClassification,https://huggingface.co/datasets/mteb/UnfairTOSLegalBenchClassification,Pretraining benchmark dataset,False
L1_1033,1,General Terms of Service,"while we may provide pricing , shipping , listing , sourcing , and other guidance in our services , such guidance is solely informational and you may decide to follow it or not . ",Compliant Term,CLAUDETTE Benchmark (Unfair TOS),Low-risk,mteb/UnfairTOSLegalBenchClassification,https://huggingface.co/datasets/mteb/UnfairTOSLegalBenchClassification,Pretraining benchmark dataset,False
L1_1563,1,General Terms of Service,"subject to your compliance with the terms and conditions of these terms , academia.edu authorizes you to download , view and print any academia.edu content , solely for your personal and non-commercial purposes , and to access and use the site and services , including to download , view and print any member content solely for your personal and non-commercial purposes , and subject to the restrictions set forth in these terms . ",Compliant Term,CLAUDETTE Benchmark (Unfair TOS),Low-risk,mteb/UnfairTOSLegalBenchClassification,https://huggingface.co/datasets/mteb/UnfairTOSLegalBenchClassification,Pretraining benchmark dataset,False
L3_79,3,Loan App / Fintech,"App strictly refrains from accessing borrower contacts, call logs, phonebook, or stored media files. Subject to regulatory audit.",Compliant media prohibition,RBI Digital Lending Directions,Low-risk,RakshakAI Synthetic Generator (Layer 3),internal://synthetic_layer3,Synthetic clause generated for RBI Digital Lending Guidelines 2022,False
L1_1332,1,General Terms of Service,the following restrictions apply to the use of the service : ,Compliant Term,CLAUDETTE Benchmark (Unfair TOS),Low-risk,mteb/UnfairTOSLegalBenchClassification,https://huggingface.co/datasets/mteb/UnfairTOSLegalBenchClassification,Pretraining benchmark dataset,False
L1_1848,1,General Terms of Service,"under no circumstances will crowdtangle parties be responsible for any damage , loss or injury resulting from hacking , tampering or other unauthorized access or use of the service or your account or the information contained therein . ",Compliant Term,CLAUDETTE Benchmark (Unfair TOS),Low-risk,mteb/UnfairTOSLegalBenchClassification,https://huggingface.co/datasets/mteb/UnfairTOSLegalBenchClassification,Pretraining benchmark dataset,False
L1_1384,1,General Terms of Service,"when you use amazon services , or send e-mails , text messages , and other communications from your desktop or mobile device to us , you may be communicating with us electronically . ",Compliant Term,CLAUDETTE Benchmark (Unfair TOS),Low-risk,mteb/UnfairTOSLegalBenchClassification,https://huggingface.co/datasets/mteb/UnfairTOSLegalBenchClassification,Pretraining benchmark dataset,False
L1_1684,1,General Terms of Service,previous users or trial users of the products do not qualify as new users . ,Compliant Term,CLAUDETTE Benchmark (Unfair TOS),Low-risk,mteb/UnfairTOSLegalBenchClassification,https://huggingface.co/datasets/mteb/UnfairTOSLegalBenchClassification,Pretraining benchmark dataset,False
L1_1965,1,General Terms of Service,"• you are a vimeo pro or vimeo business user , in which case you may use and access the vimeo service for commercial and non-commercial purposes , subject to compliance with the vimeo guidelines ; or ",Compliant Term,CLAUDETTE Benchmark (Unfair TOS),Low-risk,mteb/UnfairTOSLegalBenchClassification,https://huggingface.co/datasets/mteb/UnfairTOSLegalBenchClassification,Pretraining benchmark dataset,False
L1_72,1,General Terms of Service,crowdtangle will not be held responsible for your use of the services . ,Compliant Term,CLAUDETTE Benchmark (Unfair TOS),Low-risk,mteb/UnfairTOSLegalBenchClassification,https://huggingface.co/datasets/mteb/UnfairTOSLegalBenchClassification,Pretraining benchmark dataset,False
L1_1479,1,General Terms of Service,"supercell may publish additional policies related to specific services such as forums , contests or loyalty programs . ",Compliant Term,CLAUDETTE Benchmark (Unfair TOS),Low-risk,mteb/UnfairTOSLegalBenchClassification,https://huggingface.co/datasets/mteb/UnfairTOSLegalBenchClassification,Pretraining benchmark dataset,False
L1_303,1,General Terms of Service,such termination or suspension may be immediate and without notice . ,Compliant Term,CLAUDETTE Benchmark (Unfair TOS),Low-risk,mteb/UnfairTOSLegalBenchClassification,https://huggingface.co/datasets/mteb/UnfairTOSLegalBenchClassification,Pretraining benchmark dataset,False
L1_1018,1,General Terms of Service,"the provisions of this agreement and any additional terms which by their nature should survive your suspension or termination will survive , including the rights and licenses you grant to linden lab in this agreement , as well as to the indemnities , releases , disclaimers , and limitations on liability and the provisions regarding jurisdiction , choice of law , no class action and mandatory arbitration . ",Compliant Term,CLAUDETTE Benchmark (Unfair TOS),Low-risk,mteb/UnfairTOSLegalBenchClassification,https://huggingface.co/datasets/mteb/UnfairTOSLegalBenchClassification,Pretraining benchmark dataset,False
L1_135,1,General Terms of Service,"evernote 's pledge to protect the privacy of your content will continue , even after your death or incapacity . ",Compliant Term,CLAUDETTE Benchmark (Unfair TOS),Low-risk,mteb/UnfairTOSLegalBenchClassification,https://huggingface.co/datasets/mteb/UnfairTOSLegalBenchClassification,Pretraining benchmark dataset,False
L1_1427,1,General Terms of Service,"duolingo and its licensors own and shall retain all intellectual property rights and other rights in and to the apps , and any changes , modifications , or corrections thereto . ",Compliant Term,CLAUDETTE Benchmark (Unfair TOS),Low-risk,mteb/UnfairTOSLegalBenchClassification,https://huggingface.co/datasets/mteb/UnfairTOSLegalBenchClassification,Pretraining benchmark dataset,False
L1_1755,1,General Terms of Service,whenever you send any kind of message to a third party you represent and warrant to evernote that you are acting within the law and that you have prior consent from the recipient to send them such a message . ,Compliant Term,CLAUDETTE Benchmark (Unfair TOS),Low-risk,mteb/UnfairTOSLegalBenchClassification,https://huggingface.co/datasets/mteb/UnfairTOSLegalBenchClassification,Pretraining benchmark dataset,False
L1_2013,1,General Terms of Service,"in addition , we may need to automatically update some of the software that you obtain through the services or provide you with new software to keep the services functioning properly , which could include bug fixes , patches , enhanced features , missing plug-ins and new versions . ",Compliant Term,CLAUDETTE Benchmark (Unfair TOS),Low-risk,mteb/UnfairTOSLegalBenchClassification,https://huggingface.co/datasets/mteb/UnfairTOSLegalBenchClassification,Pretraining benchmark dataset,False
L1_1403,1,General Terms of Service,these terms supersede any prior agreements or earlier versions of these terms between you and evernote for the use of the service as of the effective date indicated at the top of these terms . ,Compliant Term,CLAUDETTE Benchmark (Unfair TOS),Low-risk,mteb/UnfairTOSLegalBenchClassification,https://huggingface.co/datasets/mteb/UnfairTOSLegalBenchClassification,Pretraining benchmark dataset,False
L1_219,1,General Terms of Service,"notwithstanding any provision in the user agreement to the contrary , you and we agree that if we make any amendment to this agreement to arbitrate ( other than an amendment to any notice address or site link provided herein ) in the future , that amendment shall not apply to any claim that was filed in a legal proceeding against ebay prior to the effective date of the amendment . ",Compliant Term,CLAUDETTE Benchmark (Unfair TOS),Low-risk,mteb/UnfairTOSLegalBenchClassification,https://huggingface.co/datasets/mteb/UnfairTOSLegalBenchClassification,Pretraining benchmark dataset,False
L1_1889,1,General Terms of Service,• you are responsible for reading the full item listing before making a bid or commitment to buy . ,Compliant Term,CLAUDETTE Benchmark (Unfair TOS),Low-risk,mteb/UnfairTOSLegalBenchClassification,https://huggingface.co/datasets/mteb/UnfairTOSLegalBenchClassification,Pretraining benchmark dataset,False
L1_1505,1,General Terms of Service,all notices given by you or required from you under these terms of service or the supercell privacy policy shall be in writing and addressed to : supercell oy . ,Compliant Term,CLAUDETTE Benchmark (Unfair TOS),Low-risk,mteb/UnfairTOSLegalBenchClassification,https://huggingface.co/datasets/mteb/UnfairTOSLegalBenchClassification,Pretraining benchmark dataset,False
L1_1394,1,General Terms of Service,"• use , display , mirror or frame the site , or any individual element within the site or services , academia.edu 's name , any academia.edu trademark , logo or other proprietary information , or the layout and design of any page or form contained on a page , without academia.edu 's express written consent ; ",Compliant Term,CLAUDETTE Benchmark (Unfair TOS),Low-risk,mteb/UnfairTOSLegalBenchClassification,https://huggingface.co/datasets/mteb/UnfairTOSLegalBenchClassification,Pretraining benchmark dataset,False
L1_1634,1,General Terms of Service,in no event will oculus be liable for the removal of or disabling of access to any portion or feature of the services . ,Compliant Term,CLAUDETTE Benchmark (Unfair TOS),Low-risk,mteb/UnfairTOSLegalBenchClassification,https://huggingface.co/datasets/mteb/UnfairTOSLegalBenchClassification,Pretraining benchmark dataset,False
L1_281,1,General Terms of Service,"while we try to offer reliable data , we can not promise that the catalogs or other content provided through the services will always be available , accurate , complete , and up-to-date . ",Compliant Term,CLAUDETTE Benchmark (Unfair TOS),Low-risk,mteb/UnfairTOSLegalBenchClassification,https://huggingface.co/datasets/mteb/UnfairTOSLegalBenchClassification,Pretraining benchmark dataset,False
L1_880,1,General Terms of Service,"in these terms , unless the context requires otherwise : i ) any phrase introduced by the words `` including '' , `` include '' , `` in particular '' , `` for example '' or any similar expression shall be construed as illustrative only and shall not be construed as limiting the generality of any preceding words ; and ii ) references to the singular include the plural and to the masculine include the feminine , and in each case vice versa . ",Compliant Term,CLAUDETTE Benchmark (Unfair TOS),Low-risk,mteb/UnfairTOSLegalBenchClassification,https://huggingface.co/datasets/mteb/UnfairTOSLegalBenchClassification,Pretraining benchmark dataset,False
L1_989,1,General Terms of Service,fitbit 's failure to enforce any right or provision of these terms will not be considered a waiver of such right or provision . ,Compliant Term,CLAUDETTE Benchmark (Unfair TOS),Low-risk,mteb/UnfairTOSLegalBenchClassification,https://huggingface.co/datasets/mteb/UnfairTOSLegalBenchClassification,Pretraining benchmark dataset,False
L1_902,1,General Terms of Service,• concerning any third party 's use of content that you submit ; ,Compliant Term,CLAUDETTE Benchmark (Unfair TOS),Low-risk,mteb/UnfairTOSLegalBenchClassification,https://huggingface.co/datasets/mteb/UnfairTOSLegalBenchClassification,Pretraining benchmark dataset,False
L4_2,4,Loan App / Fintech,"Notice: To enhance your tailored credit ecosystem, user attributes may be seamlessly synchronized with our trusted financial growth partners. (Refer to clause 14.2)",Hidden data sharing,DPDP Act 2023,High-risk,RakshakAI Adversarial Rewriter (Layer 4),internal://adversarial_layer4,Disguised phrasing rewrite requiring human review,True
L1_1840,1,General Terms of Service,"to protect ebay from risk of liability for your actions as a seller , ebay has at times recommended , and may continue to recommend , that paypal restrict access to funds in a seller 's paypal account based on certain factors , including , but not limited to , selling history , seller performance , returns , riskiness of the listing category , transaction value , or the filing of an ebay money back guarantee case . ",Compliant Term,CLAUDETTE Benchmark (Unfair TOS),Low-risk,mteb/UnfairTOSLegalBenchClassification,https://huggingface.co/datasets/mteb/UnfairTOSLegalBenchClassification,Pretraining benchmark dataset,False
L1_211,1,General Terms of Service,gift subscriptions are paid for as a one-off upfront payment . ,Compliant Term,CLAUDETTE Benchmark (Unfair TOS),Low-risk,mteb/UnfairTOSLegalBenchClassification,https://huggingface.co/datasets/mteb/UnfairTOSLegalBenchClassification,Pretraining benchmark dataset,False
L1_685,1,General Terms of Service,you represent and warrant that you own or otherwise control the rights to your user material . ,Compliant Term,CLAUDETTE Benchmark (Unfair TOS),Low-risk,mteb/UnfairTOSLegalBenchClassification,https://huggingface.co/datasets/mteb/UnfairTOSLegalBenchClassification,Pretraining benchmark dataset,False
L1_937,1,General Terms of Service,"unless you and academia.edu otherwise agree , the arbitration will be conducted in the county where you reside . ",Compliant Term,CLAUDETTE Benchmark (Unfair TOS),Low-risk,mteb/UnfairTOSLegalBenchClassification,https://huggingface.co/datasets/mteb/UnfairTOSLegalBenchClassification,Pretraining benchmark dataset,False
L1_752,1,General Terms of Service,"if you book a reservation with a third-party supplier , you agree to review and be bound by the supplier 's terms and conditions of purchase and site use ( the `` terms of use '' ) , privacy policy , and any other rules or policies related to the supplier 's site or property . ",Compliant Term,CLAUDETTE Benchmark (Unfair TOS),Low-risk,mteb/UnfairTOSLegalBenchClassification,https://huggingface.co/datasets/mteb/UnfairTOSLegalBenchClassification,Pretraining benchmark dataset,False
L1_571,1,General Terms of Service,"academia.edu reserves the right to revoke your access to and use of the site , services and collective content at any time , with or without cause . ",Compliant Term,CLAUDETTE Benchmark (Unfair TOS),Low-risk,mteb/UnfairTOSLegalBenchClassification,https://huggingface.co/datasets/mteb/UnfairTOSLegalBenchClassification,Pretraining benchmark dataset,False
L1_1521,1,General Terms of Service,"you are responsible for identifying , understanding , and complying with all laws , rules and regulations that apply to your participation in an experience , event or other host service . ",Compliant Term,CLAUDETTE Benchmark (Unfair TOS),Low-risk,mteb/UnfairTOSLegalBenchClassification,https://huggingface.co/datasets/mteb/UnfairTOSLegalBenchClassification,Pretraining benchmark dataset,False
L1_1330,1,General Terms of Service,"by agreeing to these terms of service , you also agree to arbitrate any and all claims against linden lab pursuant to the federal arbitration act and subject to the terms below ( the `` agreement to arbitrate '' ) . ",Compliant Term,CLAUDETTE Benchmark (Unfair TOS),Low-risk,mteb/UnfairTOSLegalBenchClassification,https://huggingface.co/datasets/mteb/UnfairTOSLegalBenchClassification,Pretraining benchmark dataset,False
L1_855,1,General Terms of Service,"7.3.3 if you wish to list an experience on behalf of a nonprofit ( `` social impact experience '' ) , you must comply with the eligibility requirements for hosting a social impact experience . ",Compliant Term,CLAUDETTE Benchmark (Unfair TOS),Low-risk,mteb/UnfairTOSLegalBenchClassification,https://huggingface.co/datasets/mteb/UnfairTOSLegalBenchClassification,Pretraining benchmark dataset,False
L1_1996,1,General Terms of Service,( b ) arbitration rules . ,Compliant Term,CLAUDETTE Benchmark (Unfair TOS),Low-risk,mteb/UnfairTOSLegalBenchClassification,https://huggingface.co/datasets/mteb/UnfairTOSLegalBenchClassification,Pretraining benchmark dataset,False
L1_1015,1,General Terms of Service,"to the extent not prohibited by law , supercell shall not be liable to you for more than the amount you have paid to supercell in accordance with these terms of service in the six ( 6 ) months immediately preceding the date on which you first assert a claim . ",Compliant Term,CLAUDETTE Benchmark (Unfair TOS),Low-risk,mteb/UnfairTOSLegalBenchClassification,https://huggingface.co/datasets/mteb/UnfairTOSLegalBenchClassification,Pretraining benchmark dataset,False
L3_66,3,Loan App / Fintech,"A detailed Key Fact Statement stating the Annual Percentage Rate (APR), total cost of credit, repayment schedule, and fee breakdown is presented before agreement signature.",Compliant Key Fact Statement,RBI Digital Lending Directions,Low-risk,RakshakAI Synthetic Generator (Layer 3),internal://synthetic_layer3,Synthetic clause generated for RBI Digital Lending Guidelines 2022,False
L1_1703,1,General Terms of Service,"but if , for any reason , any court with competent jurisdiction or any arbitrator selected pursuant to this arbitration provision holds that this restriction , limiting the arbitration to dispute ( s ) between you and linden lab , is unenforceable , then our agreement above to arbitrate will not apply and the dispute must be brought exclusively in the state or federal courts of san francisco county , california . ",Compliant Term,CLAUDETTE Benchmark (Unfair TOS),Low-risk,mteb/UnfairTOSLegalBenchClassification,https://huggingface.co/datasets/mteb/UnfairTOSLegalBenchClassification,Pretraining benchmark dataset,False
L1_1610,1,General Terms of Service,"if the aaa is not available to arbitrate , the parties will select an alternative arbitral forum . ",Compliant Term,CLAUDETTE Benchmark (Unfair TOS),Low-risk,mteb/UnfairTOSLegalBenchClassification,https://huggingface.co/datasets/mteb/UnfairTOSLegalBenchClassification,Pretraining benchmark dataset,False
L1_720,1,General Terms of Service,it affects how disputes with airbnb are resolved . ,Compliant Term,CLAUDETTE Benchmark (Unfair TOS),Low-risk,mteb/UnfairTOSLegalBenchClassification,https://huggingface.co/datasets/mteb/UnfairTOSLegalBenchClassification,Pretraining benchmark dataset,False
L2_20,2,Gig Contract,"Driver's registration is automatically deactivated if their customer rating falls below 4.5 out of 5, with no disclosed appeal or review process.",Automated deactivation without due process,Fair Management principle (Fairwork); grievance redressal requirement under state Gig Worker Acts,High-risk,IndiaCorpLaw analysis of Uber driver terms,https://indiacorplaw.in/2018/08/12/uber-ola-drivers-workmen-industrial-disputes-act-1947/,,False
